Date,Close,High,Low,Open,Volume
1999-01-22,0.03755907341837883,0.04471265648638168,0.03553167503551251,0.040062643451799364,2714688000
1999-01-25,0.04149390757083893,0.04197007917821153,0.03755907001233553,0.04053972906942624,510480000
1999-01-26,0.03827425837516785,0.04280522795603894,0.03767812430967831,0.041970093771739526,343200000
1999-01-27,0.038155216723680496,0.03934748153700708,0.036246862318693,0.038393302628855853,244368000
1999-01-28,0.03803523629903793,0.03839328089215826,0.03779715052865696,0.03815519512177728,227520000
1999-01-29,0.03624684736132622,0.03815520097882605,0.03624684736132622,0.038035242137672315,244032000
1999-02-01,0.03696294128894806,0.037201027125708774,0.03624685190305746,0.03624685190305746,154704000
1999-02-02,0.03410131856799126,0.037201022257557274,0.03302809886174487,0.036246847159769974,264096000
1999-02-03,0.03481648862361908,0.03529357780959263,0.03338522447701148,0.03362422789160287,75120000
1999-02-04,0.03672393411397934,0.03767810915199831,0.034816491447285075,0.03529358067195122,181920000
1999-02-05,0.03779716417193413,0.03815520889429439,0.03636681374693774,0.037320074815756464,136848000
1999-02-08,0.03648585081100464,0.03815520454559533,0.03648585081100464,0.038035245693227776,154080000
1999-02-09,0.03505459055304527,0.037439119706778566,0.03457750119359003,0.037201030437508116,86976000
1999-02-10,0.03469744697213173,0.03600875227767813,0.034101313202910565,0.03505457733000897,148224000
1999-02-11,0.037678103893995285,0.03910845372510386,0.03481648658862253,0.03481648658862253,132240000
1999-02-12,0.039824552834033966,0.04006263863065982,0.038155199327733424,0.038155199327733424,109728000
1999-02-16,0.040062639862298965,0.04220908267114548,0.03600875769188596,0.04053972911352428,211008000
1999-02-17,0.03791619837284088,0.039585551988551404,0.037201023292784,0.03910846272072459,67728000
1999-02-18,0.038512345403432846,0.03958556550602226,0.03743912530084344,0.03910847607528145,70704000
1999-02-19,0.039824552834033966,0.04053972786721805,0.03767811009117519,0.038155199327733424,75360000
1999-02-22,0.040062639862298965,0.04101681836474958,0.03791619705345245,0.04053972911352428,205248000
1999-02-23,0.041970089077949524,0.042805223168850416,0.03863229882236789,0.041016827995019135,138096000
1999-02-24,0.04530879855155945,0.050078771294854094,0.04423557856351917,0.048170417186892064,612768000
1999-02-25,0.043878428637981415,0.048647485038538135,0.04316233606335712,0.047217131764328596,149136000
1999-02-26,0.04185104742646217,0.04578588587293221,0.04149391693468309,0.044355535441362774,172608000
1999-03-01,0.0420900397002697,0.04387843793506567,0.04006264142021323,0.04292425939550996,92160000
1999-03-02,0.04173199087381363,0.042209080095931294,0.04101681586227651,0.04197007666323308,55248000
1999-03-03,0.03887038305401802,0.041970087319914806,0.03863229720414586,0.041970087319914806,61392000
1999-03-04,0.03803523629903793,0.041016812582375876,0.03767810593780995,0.04077780916878952,57360000
1999-03-05,0.04018167778849602,0.04030071896501767,0.038393279920621234,0.038393279920621234,78768000
1999-03-08,0.04077782854437828,0.04197009324919859,0.03839329913473766,0.039108474428901564,75888000
1999-03-09,0.0420900397002697,0.04268617358230624,0.04065877530224977,0.04065877530224977,143184000
1999-03-10,0.04137396067380905,0.04268618419719821,0.040777826643530204,0.04268618419719821,235344000
1999-03-11,0.03958554565906525,0.04137394360059375,0.03958554565906525,0.04065876863488895,54288000
1999-03-12,0.03887038305401802,0.039824561740530146,0.0381552078608898,0.039824561740530146,90768000
1999-03-15,0.04053972288966179,0.04101681206764196,0.03958554453370144,0.039824547944288455,108816000
1999-03-16,0.0392284132540226,0.041254896864425135,0.03887036867381927,0.040777807697669505,79152000
1999-03-17,0.039466530084609985,0.04030074677300175,0.03851235108242608,0.03958557134327149,51360000
1999-03-18,0.03994359076023102,0.040539721089784354,0.03863228210574376,0.0395855427761875,46320000
1999-03-19,0.040062639862298965,0.041254904168694866,0.03982455405835368,0.03982455405835368,105312000
1999-03-22,0.03887038305401802,0.04101682627691443,0.03887038305401802,0.04089686741412368,36672000
1999-03-23,0.03648585081100464,0.039108465505767145,0.03577067568001778,0.039108465505767145,163968000
1999-03-24,0.03624684736132622,0.03648584740028745,0.03481649382174885,0.03624684736132622,60864000
1999-03-25,0.03672393411397934,0.038155198376664465,0.036008755687308616,0.036127800288310905,40320000
1999-03-26,0.03994359076023102,0.040062631932985926,0.037201014635348466,0.037201014635348466,88272000
1999-03-29,0.041135866194963455,0.04209004136085066,0.04042068767245225,0.041135866194963455,65952000
1999-03-30,0.037678103893995285,0.04161294068862084,0.037439103904686306,0.04125489611492233,69504000
1999-03-31,0.04030073061585426,0.04077781992567419,0.037081985356259735,0.03887038032984192,153600000
1999-04-01,0.03910847008228302,0.040539738155177314,0.03839329486760557,0.0403007346545919,30432000
1999-04-05,0.03791619837284088,0.039585551988551404,0.03767811256061081,0.03863229109626444,98640000
1999-04-06,0.03696294128894806,0.038393291596434787,0.03624685190305746,0.03827425038371142,69696000
1999-04-07,0.040062639862298965,0.04030072566624425,0.036962936194336576,0.03720102199828186,89280000
1999-04-08,0.04077782854437828,0.04197009324919859,0.039824567366706864,0.040300739133721876,130128000
1999-04-09,0.040062639862298965,0.04101681836474958,0.03982455405835368,0.04101681836474958,48624000
1999-04-12,0.0383932963013649,0.03958556091819771,0.03767812105997995,0.03958556091819771,33312000
1999-04-13,0.03684297576546669,0.039108459672907596,0.03624684534363954,0.039108459672907596,36144000
1999-04-14,0.035770680755376816,0.03755907936396566,0.035770680755376816,0.0367239452621174,48288000
1999-04-15,0.03672393411397934,0.03672393411397934,0.03577066989661737,0.03672393411397934,35856000
1999-04-16,0.03791619837284088,0.03851233225243955,0.03648584821272711,0.03648584821272711,38928000
1999-04-19,0.03624684736132622,0.038393286785754606,0.03577067233615555,0.038393286785754606,31296000
1999-04-20,0.0355316661298275,0.03767810518169028,0.03517361813257941,0.03624684106982376,67680000
1999-04-21,0.03612780198454857,0.03624684659114012,0.03529358232902141,0.03553167154220452,37488000
1999-04-22,0.03457750752568245,0.036246861767709006,0.03422037696769063,0.036246861767709006,227184000
1999-04-23,0.03290906175971031,0.03457750147750299,0.03267006166756311,0.034458456841890306,126048000
1999-04-26,0.0312397088855505,0.03338523439500439,0.03052361607225069,0.03290905929946625,123504000
1999-04-27,0.03457750752568245,0.03481650765963474,0.03147780258689654,0.03195489203371998,226944000
1999-04-28,0.03433942049741745,0.03481650651727233,0.03326619698254848,0.03481650651727233,120096000
1999-04-29,0.03433942049741745,0.03457750639116187,0.03362424517250335,0.03445846173863226,48144000
1999-04-30,0.03481648862361908,0.03624684194964353,0.03445844402899313,0.03469744744358452,99312000
1999-05-03,0.03505459055304527,0.03517363177636621,0.034101326066363416,0.03517363177636621,33840000
1999-05-04,0.03314714878797531,0.03505458846884492,0.03243197361308525,0.03505458846884492,96048000
1999-05-05,0.03386232629418373,0.03386232629418373,0.03147779711805704,0.033385236930248086,144576000
1999-05-06,0.03320666030049324,0.03433940388808248,0.032192961307853936,0.0336242289090853,35616000
1999-05-07,0.03338523581624031,0.03362423931200876,0.03219297126796078,0.03219297126796078,25008000
1999-05-10,0.03338523581624031,0.034101325248710554,0.03314714996399277,0.03314714996399277,19680000
1999-05-11,0.03517362102866173,0.036246844054271796,0.034101315646314176,0.03481649064519563,171744000
1999-05-12,0.03624684736132622,0.03636680620247995,0.03505458303999097,0.03553167229719431,168480000
1999-05-13,0.03624684736132622,0.03720102246441936,0.03612780275220516,0.03624684736132622,69936000
1999-05-14,0.03433942049741745,0.036246860578415335,0.03386233106624777,0.036246860578415335,28464000
1999-05-17,0.036008771508932114,0.036008771508932114,0.03374328663447294,0.03386233128778136,35760000
1999-05-18,0.037678103893995285,0.03815519305208334,0.03529357574671059,0.036366798647276245,151536000
1999-05-19,0.036008771508932114,0.040777830564467314,0.03541264083264763,0.03934747990528149,451728000
1999-05-20,0.03314714878797531,0.03624685297482447,0.03183583965443844,0.03624685297482447,178176000
1999-05-21,0.03243197500705719,0.032670060861091026,0.03147779630386627,0.032670060861091026,303504000
1999-05-24,0.03231201693415642,0.0333852368850124,0.031835841803103185,0.03267006166185374,162624000
1999-05-25,0.03255102038383484,0.03290906514846376,0.032192975619205914,0.0324319791472784,130080000
1999-05-26,0.03243197500705719,0.03410132550456318,0.03243197500705719,0.03243197500705719,104736000
1999-05-27,0.03219296783208847,0.032670057129185956,0.03219296783208847,0.032670057129185956,82320000
1999-05-28,0.03255102038383484,0.03267006503170594,0.032192975619205914,0.03267006503170594,88656000
1999-06-01,0.032670050859451294,0.032670050859451294,0.03195487587276633,0.03243196507830526,98544000
1999-06-02,0.03147778660058975,0.03267005079028965,0.03147778660058975,0.03267005079028965,130128000
1999-06-03,0.03231201693415642,0.03255101702626185,0.03195488643869507,0.03231201693415642,41568000
1999-06-04,0.03255102038383484,0.03267006503170594,0.03231202026707702,0.03255102038383484,78912000
1999-06-07,0.03290906175971031,0.03338523689084676,0.03267006166756311,0.0327295822797123,125136000
1999-06-08,0.033743277192115784,0.034339411112899364,0.03290905744265357,0.03302810206264982,153312000
1999-06-09,0.03433942049741745,0.03505459582233155,0.03386233106624777,0.03386233106624777,95184000
1999-06-10,0.034458454698324203,0.03457749932653145,0.03410132422501655,0.034339413481431054,36096000
1999-06-11,0.033743277192115784,0.034577496941577995,0.03255101276186249,0.03445845232158175,61008000
1999-06-14,0.03243197500705719,0.03386232541831578,0.032192971509495565,0.03380280139632165,51648000
1999-06-15,0.03243197500705719,0.032670060861091026,0.03195488565546173,0.03243197500705719,49296000
1999-06-16,0.03338523581624031,0.0343394145122723,0.03243197476372923,0.03290906070043102,64416000
1999-06-17,0.03243197500705719,0.03362423956428195,0.03243197500705719,0.03314715021268649,74928000
1999-06-18,0.0312397088855505,0.032670059225186426,0.0312397088855505,0.032670059225186426,158736000
1999-06-21,0.03290906175971031,0.03290906175971031,0.03132853502310153,0.03219297230419053,83472000
1999-06-22,0.03231201693415642,0.03290906175395917,0.03159683829968344,0.03290906175395917,193056000
1999-06-23,0.03290906175971031,0.03290906175971031,0.03159683830520526,0.03195488644427946,210912000
1999-06-24,0.03219296783208847,0.03314714642628344,0.03195488200525121,0.03314714642628344,115200000
1999-06-25,0.032670050859451294,0.033028095468760614,0.03195487587276633,0.03195487587276633,73536000
1999-06-28,0.03314714878797531,0.033743279335308046,0.03243197361308525,0.033743279335308046,109152000
1999-06-29,0.03350519761443138,0.033981369360627005,0.03314715286684064,0.033624242256637536,92688000
1999-06-30,0.03648585081100464,0.03648585081100464,0.03386232188412399,0.034577497015110856,269232000
1999-07-01,0.03457750752568245,0.03648586190166129,0.032670067382099655,0.03648586190166129,88992000
1999-07-02,0.03708197921514511,0.03708197921514511,0.034339406076118247,0.0350545811006849,224880000
1999-07-06,0.037201035767793655,0.03743912507117832,0.03672394975129426,0.03743912507117832,198096000
1999-07-07,0.03648585081100464,0.03743911518249033,0.03648585081100464,0.03743911518249033,63120000
1999-07-08,0.037320081144571304,0.037916211824345146,0.03553168569393494,0.03672395046479746,186048000
1999-07-09,0.04048020392656326,0.04077781029493008,0.03720101778120467,0.03720101778120467,211728000
1999-07-12,0.042328134179115295,0.044116529224596884,0.04125491089407822,0.0429242647238378,401040000
1999-07-13,0.04244716465473175,0.04304329845993281,0.040539725464839915,0.042805209266102685,138864000
1999-07-14,0.04077782854437828,0.0434013614811678,0.04053974266087077,0.04244718265985499,137952000
1999-07-15,0.0410168319940567,0.04244718257968295,0.0410168319940567,0.041135876641242936,137040000
1999-07-16,0.04185104742646217,0.0422090921504678,0.041016827576313,0.04173200279209772,103872000
1999-07-19,0.04077782854437828,0.042090052128936406,0.04053974266087077,0.04197009324919859,43632000
1999-07-20,0.040062639862298965,0.04077781491746956,0.03863228975195778,0.04077781491746956,178752000
1999-07-21,0.03887038305401802,0.03958555824714624,0.03767811851763374,0.03958555824714624,112080000
1999-07-22,0.03708197921514511,0.038632288098795736,0.03672393458687073,0.038632288098795736,213264000
1999-07-23,0.03708197921514511,0.03815519886798614,0.036962934612609896,0.036962934612609896,80256000
1999-07-26,0.037201035767793655,0.03803525573937004,0.037201035767793655,0.03803525573937004,60528000
1999-07-27,0.037320081144571304,0.037439125798576535,0.03672395046479746,0.037201036490566074,98592000
1999-07-28,0.03791619837284088,0.0383932876406677,0.03708198209232577,0.037201023292784,244224000
1999-07-29,0.03827425837516785,0.03839329961274637,0.03696294900661024,0.03720103489308199,388800000
1999-07-30,0.0383932963013649,0.03934747505226062,0.03815521043542781,0.03827425507405355,452304000
1999-08-02,0.03875133395195007,0.038870375147013726,0.03815520009936628,0.03839328590080707,313344000
1999-08-03,0.03779716417193413,0.038751342884289455,0.03743911944957386,0.038751342884289455,255216000
1999-08-04,0.03779716417193413,0.03815520889429439,0.03767811953811673,0.038035250028254655,89952000
1999-08-05,0.0383932963013649,0.0383932963013649,0.037201031684532086,0.037797165698605695,240576000
1999-08-06,0.0383932963013649,0.03851234093999065,0.03815521043542781,0.03827425507405355,183984000
1999-08-09,0.0383932963013649,0.03887038567681276,0.03815521043542781,0.03851234093999065,31056000
1999-08-10,0.03910847008228302,0.04077782401222333,0.03839329486760557,0.03863229836819099,212064000
1999-08-11,0.04173199087381363,0.042209080095931294,0.03934746240650407,0.03982455162862173,197712000
1999-08-12,0.04375847056508064,0.04483169009648096,0.04173198691191034,0.041970072678726676,239616000
1999-08-13,0.043282315135002136,0.04423557968657425,0.04292427038580944,0.04340135977774092,84672000
1999-08-16,0.04161295294761658,0.04363943711819621,0.04018168846302093,0.04363943711819621,223440000
1999-08-17,0.04173199087381363,0.042447165885350746,0.04065877124052523,0.04173199087381363,193536000
1999-08-18,0.04268617182970047,0.04316234343655728,0.04042068441814285,0.04125490407913178,279888000
1999-08-19,0.05174720659852028,0.054132649880167624,0.04411653011155188,0.045666839345444084,1966992000
1999-08-20,0.05127102881669998,0.05222428980063888,0.04936267497322635,0.05186716275361436,353088000
1999-08-23,0.048170413821935654,0.050554942910877275,0.04650105993097293,0.050554942910877275,507984000
1999-08-24,0.04793231934309006,0.04840940519239689,0.04507070142272035,0.047455230082469636,398064000
1999-08-25,0.047693319618701935,0.0485284535952412,0.045785880070492044,0.0480513642973326,350352000
1999-08-26,0.046978145837783813,0.04840941036114998,0.04626297069216915,0.04769332098339848,275376000
1999-08-27,0.04960167407989502,0.051509113654287966,0.04769332027337885,0.04793232374732617,552384000
1999-08-30,0.04942220449447632,0.05139008271020229,0.04733619927767878,0.050435903910683665,158640000
1999-08-31,0.05365554988384247,0.053893635684095664,0.04864749269995429,0.04960166777629462,786864000
1999-09-01,0.051151059567928314,0.053655546839428116,0.0503168399653985,0.053655546839428116,565344000
1999-09-02,0.05055494233965874,0.05079394242064904,0.04840941335865013,0.04948171902740063,341088000
1999-09-03,0.05091298744082451,0.05222429320061317,0.050554942727035194,0.051509118005235,258864000
1999-09-07,0.05067489668726921,0.051747202260487755,0.05043589321625763,0.051747202260487755,124416000
1999-09-08,0.05055494233965874,0.05115107289950139,0.05055494233965874,0.05079394242064904,170064000
1999-09-09,0.049839768558740616,0.05139007784461342,0.04888558984956319,0.051032033123445626,209472000
1999-09-10,0.05055494233965874,0.051271031761750345,0.05031685307954774,0.05067490120190769,167424000
1999-09-13,0.04888559505343437,0.05079394926361926,0.048409419880376114,0.05079394926361926,174432000
1999-09-14,0.04745521768927574,0.0488855674542404,0.04721712853150666,0.0488855674542404,250368000
1999-09-15,0.04781327396631241,0.04840940441603252,0.04650105081546958,0.04685909546037418,212736000
1999-09-16,0.046620097011327744,0.04769331675056883,0.0460239631299909,0.04721714171340665,158112000
1999-09-17,0.04650106653571129,0.046740070064662895,0.044831712407643304,0.04632250126890515,171648000
1999-09-20,0.04483170062303543,0.046262968489572356,0.04483170062303543,0.04566683458371019,229104000
1999-09-21,0.04053972288966179,0.0441165152597223,0.03994359253364153,0.043878429492329146,737328000
1999-09-22,0.04149390757083893,0.041731993374525225,0.03815520045922827,0.04053972906942624,375984000
1999-09-23,0.03803523629903793,0.04173198753672418,0.03767810593780995,0.041612942945877175,379584000
1999-09-24,0.03457750752568245,0.03910847739362376,0.03195489203371998,0.038155216143687845,684912000
1999-09-27,0.03672393411397934,0.037439109129336734,0.0345774914246235,0.0368429753036683,432000000
1999-09-28,0.040062639862298965,0.04053972911352428,0.036723936158370066,0.036783456756528006,413184000
1999-09-29,0.03684297576546669,0.042447166644135115,0.03624684534363954,0.04089685776101577,594048000
1999-09-30,0.03672393411397934,0.039347462616688006,0.03624684488931319,0.038155198376664465,342528000
1999-10-01,0.03648585081100464,0.03743911518249033,0.034577497015110856,0.036127806129452135,347760000
1999-10-04,0.037201035767793655,0.03779716984730015,0.03672394975129426,0.03767812519560782,177600000
1999-10-05,0.04077782854437828,0.041016832071527176,0.037201034429917346,0.037201034429917346,478080000
1999-10-06,0.045666832476854324,0.04769331651235375,0.0405397304399237,0.04089686086318316,1508736000
1999-10-07,0.04268617182970047,0.04757427024098805,0.04244716838293931,0.04757427024098805,487296000
1999-10-08,0.04483170062303543,0.04614392387255583,0.04101682159908449,0.042686175288340684,398928000
1999-10-11,0.043639443814754486,0.04530879779443491,0.04244717920692086,0.04518975315670771,544464000
1999-10-12,0.043043311685323715,0.04435553511645745,0.042924267051831264,0.043878445761582056,322992000
1999-10-13,0.04185104742646217,0.04256622264224689,0.041016827576313,0.04256622264224689,280368000
1999-10-14,0.0410168319940567,0.04197009316992765,0.0405397425843014,0.04197009316992765,192336000
1999-10-15,0.04077782854437828,0.041016832071527176,0.03887038854539406,0.03898943319280514,210720000
1999-10-18,0.03863227739930153,0.0408968464483476,0.038393274028442746,0.0408968464483476,215184000
1999-10-19,0.03708197921514511,0.039824552354171976,0.03636680419057846,0.039824552354171976,308928000
1999-10-20,0.0383932963013649,0.03887038567681276,0.037081990457220736,0.03767812105997995,348720000
1999-10-21,0.04018167778849602,0.04018167778849602,0.03720101581247569,0.03827423874409958,382128000
1999-10-22,0.041135866194963455,0.04232813059476137,0.04006264300080712,0.04006264300080712,286752000
1999-10-25,0.03910847008228302,0.041493916870440184,0.03910847008228302,0.040896868646403475,213840000
1999-10-26,0.042924266308546066,0.044355534348388126,0.040539737218994176,0.040777823070542084,481248000
1999-10-27,0.0410168319940567,0.043401361399193546,0.040300739057603924,0.04316235787249607,214128000
1999-10-28,0.03910847008228302,0.04197008858453222,0.038870384225237004,0.04125491336985476,222768000
1999-10-29,0.04220908135175705,0.042924256384572416,0.039347463577189545,0.039585549373692644,330528000
1999-11-01,0.04483170062303543,0.04650105431229163,0.041493910887930134,0.041493910887930134,782544000
1999-11-02,0.047693319618701935,0.047932323089368505,0.04530879077258344,0.045666835451214104,837504000
1999-11-03,0.05234333127737045,0.05365555451636271,0.04924362738985376,0.049601672058810234,2011680000
1999-11-04,0.055682048201560974,0.057113312891353823,0.05294038851167396,0.05294038851167396,1260336000
1999-11-05,0.053893644362688065,0.057709437873133484,0.05127102956429643,0.05723235196379403,616368000
1999-11-08,0.055443957448005676,0.0569942666375416,0.05055494062735105,0.052224291031596363,470016000
1999-11-09,0.05460881441831589,0.05556299297044741,0.05246328914109373,0.05532490715410578,272352000
1999-11-10,0.05413264408707619,0.05484781919667763,0.05305942430662861,0.05478829859398967,144048000
1999-11-11,0.057947516441345215,0.06080913078299102,0.052940373606140984,0.054132637866265716,562704000
1999-11-12,0.06104813143610954,0.06104813143610954,0.05699425301926832,0.060452004450211295,501504000
1999-11-15,0.05985588952898979,0.06331363863969941,0.0589017108060104,0.06146480180565491,362208000
1999-11-16,0.0655791163444519,0.0667713773290052,0.06104814117148182,0.06128623040460757,723792000
1999-11-17,0.06808268278837204,0.07154043117895924,0.06581719532011707,0.066771373844376,786384000
1999-11-18,0.06832078099250793,0.07011009725594877,0.06772465380474095,0.06951304901329941,235968000
1999-11-19,0.08179465681314468,0.0846562789117151,0.07630950872238586,0.0765485122384231,2165184000
1999-11-22,0.08167560398578644,0.0839410849097089,0.07678658379692356,0.08388156430287899,540192000
1999-11-23,0.07583332806825638,0.07666754446172507,0.07249462038477161,0.0733288367782403,553248000
1999-11-24,0.07344786822795868,0.0763094825213586,0.06784458824019149,0.07547526631631224,406848000
1999-11-26,0.07297170162200928,0.07344788010300693,0.07058625852431358,0.07273269814939232,71760000
1999-11-29,0.07034817337989807,0.07368687389705084,0.06867881971000794,0.07273269533042892,298608000
1999-11-30,0.0660553053021431,0.07177854295981126,0.0660553053021431,0.07058627484011941,314688000
1999-12-01,0.06939398497343063,0.0703481634047531,0.06605527810706836,0.06605527810706836,223536000
1999-12-02,0.07452111691236496,0.07547529573359843,0.06963301003476437,0.06963301003476437,309888000
1999-12-03,0.07273268699645996,0.07654848659363707,0.0717785153617979,0.07523626350969886,342768000
1999-12-06,0.07476012408733368,0.07511724781301873,0.07297172182601676,0.07297172182601676,178608000
1999-12-07,0.07225560396909714,0.0754752698599542,0.06939398954134146,0.07535622184204917,186384000
1999-12-08,0.07547526061534882,0.07619043557668605,0.0717785093415367,0.07201750593483255,201696000
1999-12-09,0.07320979982614517,0.0772636829226614,0.07058626716673143,0.075356239714029,214944000
1999-12-10,0.072374626994133,0.0748791172072817,0.07106332524337985,0.07452107265669729,98304000
1999-12-13,0.07213655114173889,0.07404398676778699,0.07058623904393854,0.07154041738420844,183840000
1999-12-14,0.07094428688287735,0.07404399016625648,0.07022911191643923,0.07225559563420728,273888000
1999-12-15,0.0686788409948349,0.07082528120194326,0.06700948680758144,0.07046723642330319,205968000
1999-12-16,0.06820173561573029,0.070110092989621,0.0679636531770642,0.0690368730833426,132576000
1999-12-17,0.07177851349115372,0.07285173311115453,0.06975202967068543,0.07011007428800374,262080000
1999-12-20,0.07774076610803604,0.07914181330557152,0.06939400353246264,0.07189848805670779,402432000
1999-12-21,0.08107944577932358,0.08119848695736366,0.07487912516328202,0.07774073917665622,388368000
1999-12-22,0.08298690617084503,0.08394107791012309,0.07821784864810133,0.08131755250920636,251184000
1999-12-23,0.08847207576036453,0.08871015822901207,0.08274883820499587,0.08310596873059639,280224000
1999-12-27,0.08513334393501282,0.09049853524239126,0.08417916539291316,0.09037948721850154,202416000
1999-12-28,0.0848943293094635,0.08823303612421332,0.08465624693825978,0.08513333273523258,179184000
1999-12-29,0.08775594830513,0.08871011987708916,0.08465624498757396,0.0847157655790034,132144000
1999-12-30,0.08847207576036453,0.08906820980955492,0.08632562885487975,0.08775598624453726,139776000
1999-12-31,0.0895443707704544,0.08966432622262471,0.08799497233333013,0.0882925822058771,127344000
2000-01-03,0.08930626511573792,0.09085657750050544,0.08417916316896562,0.09014140243451149,300912000
2000-01-04,0.08692175149917603,0.08799497139978797,0.08250982385539539,0.08775597473018576,300480000
2000-01-05,0.08406013250350952,0.08584852750859626,0.08286786461836639,0.08441817719738672,188352000
2000-01-06,0.078575000166893,0.08406014849334316,0.07535624741570097,0.08406014849334316,120480000
2000-01-07,0.07988718152046204,0.08072139760683804,0.07702556081151174,0.07821782829324408,71184000
2000-01-10,0.08250981569290161,0.08584852310578016,0.07869493662968317,0.08012528686753595,239856000
2000-01-11,0.0791710913181305,0.08298689061856905,0.0791710913181305,0.0820327122354827,148128000
2000-01-12,0.07714460790157318,0.07929105386154356,0.07607138833290109,0.0791710916251211,123552000
2000-01-13,0.08036335557699203,0.08107944474511214,0.07607138490499157,0.07702556324878086,132192000
2000-01-14,0.0838211253285408,0.08715983276550593,0.08131755527818545,0.0815565587484962,604560000
2000-01-18,0.08739881217479706,0.08775594252246685,0.08107944371869572,0.08489432175919455,261648000
2000-01-19,0.08656370639801025,0.08775597433458027,0.08584853121155736,0.08775597433458027,164688000
2000-01-20,0.08632562309503555,0.09204886026853666,0.08561044785923953,0.08727980183847457,179568000
2000-01-21,0.08537142723798752,0.08644464690690083,0.08322498107753408,0.08608660227326446,544272000
2000-01-24,0.081556536257267,0.08811398706029436,0.0810794436803249,0.08811398706029436,256944000
2000-01-25,0.08084045350551605,0.0827488104803367,0.07821784254143153,0.08191367318736587,237120000
2000-01-26,0.07750176638364792,0.08298692104388827,0.07607141592783197,0.08084047430529363,232464000
2000-01-27,0.07344786822795868,0.07809787717573725,0.07058624711193211,0.07809787717573725,458208000
2000-01-28,0.07130233943462372,0.07297169297131484,0.0684407250177986,0.07249460713738466,194448000
2000-01-31,0.07070622593164444,0.07320979618828417,0.0667713842541647,0.07165948354984879,182400000
2000-02-01,0.072374626994133,0.07297167492991002,0.06820170471143046,0.07082523608997097,92976000
2000-02-02,0.07440207153558731,0.07583334323034459,0.07237467258395308,0.07273271736007492,149040000
2000-02-03,0.07559432834386826,0.07833690220358024,0.07511723557637633,0.07678658950122985,108240000
2000-02-04,0.07738271355628967,0.07797884746974888,0.07583332210771189,0.07797884746974888,123696000
2000-02-07,0.0726136714220047,0.07774077485722493,0.07249463018932845,0.07774077485722493,217488000
2000-02-08,0.0760713592171669,0.07869488995508087,0.07249457151185515,0.0744020065008348,468816000
2000-02-09,0.07797881215810776,0.08024429875620245,0.07785977100479413,0.07893299031587238,589056000
2000-02-10,0.09395629167556763,0.0953875561989338,0.0827488222494353,0.0827488222494353,970080000
2000-02-11,0.09538756310939789,0.09872627088874397,0.0884720651107169,0.0986063086139181,423792000
2000-02-14,0.11064893007278442,0.11064893007278442,0.0946714854430546,0.09562566425386156,650112000
2000-02-15,0.10635693371295929,0.11100695021369565,0.1018259652432362,0.11088790900531009,450480000
2000-02-16,0.1112450510263443,0.11494181059393613,0.10635695130052324,0.10754921933627527,1019568000
2000-02-17,0.11517985910177231,0.11589594836892271,0.10945662353391607,0.11112597704481655,535776000
2000-02-18,0.1285347044467926,0.1302040513592025,0.11267630449130822,0.11351052083145396,960864000
2000-02-22,0.12495703995227814,0.12614930830498006,0.12018798018673178,0.12448087491341293,542496000
2000-02-23,0.1256730556488037,0.12698436448937628,0.12197631091966495,0.12352661637150314,511392000
2000-02-24,0.12448079884052277,0.1272224576495889,0.11923373513242697,0.12638824146361277,244320000
2000-02-25,0.11673018336296082,0.12459986635605799,0.11160308763565444,0.12459986635605799,278736000
2000-02-28,0.11589595675468445,0.11732630692848832,0.11398760648773934,0.11613403915787962,517872000
2000-02-29,0.12209537625312805,0.1235266407983446,0.11517987864987306,0.11517987864987306,306048000
2000-03-01,0.11851859837770462,0.12209538875887631,0.11661115513910948,0.12209538875887631,383568000
2000-03-02,0.11052985489368439,0.11947275041364451,0.11017273127695773,0.11947275041364451,191040000
2000-03-03,0.11231823265552521,0.11351049338907752,0.10969561518279253,0.11064887932407162,273696000
2000-03-06,0.11160305142402649,0.12161917084974072,0.11064887310448453,0.1130343154920266,432096000
2000-03-07,0.15893927216529846,0.16645090366953158,0.13688055614792005,0.14308087855967114,1952208000
2000-03-08,0.16025055944919586,0.16168182379155827,0.14737373788278624,0.15884951934455005,668736000
2000-03-09,0.19134101271629333,0.20603644759020998,0.16168183631732547,0.1621580147847334,952944000
2000-03-10,0.22511355578899384,0.27662265253200363,0.1998360932171898,0.20126735743891885,2161200000
2000-03-13,0.28473126888275146,0.2861616184948494,0.2022205750548425,0.2041289313949932,2415168000
2000-03-14,0.21009036898612976,0.28318112326848255,0.20603648575082412,0.28318112326848255,1567776000
2000-03-15,0.20150548219680786,0.2309567998613708,0.19458998517022535,0.22514381213569204,995616000
2000-03-16,0.1796555370092392,0.21509838991117688,0.1767050918344845,0.2079438827315365,750384000
2000-03-17,0.19053606688976288,0.20412897597717528,0.1754825836440718,0.17551280787786122,557616000
2000-03-20,0.19041708111763,0.20436711780685352,0.18433579976660036,0.19804775402484856,365280000
2000-03-21,0.1809971034526825,0.19244356382405936,0.1659738391280497,0.1907742167156338,536640000
2000-03-22,0.1823093295097351,0.1879126043207002,0.17932774527365536,0.1824283707343895,230592000
2000-03-23,0.18552805483341217,0.19554417783556724,0.18028191772295787,0.18063995560313767,309408000
2000-03-24,0.17777833342552185,0.19268255505000056,0.17169705229625143,0.18433579304463488,231600000
2000-03-27,0.1660928577184677,0.18314351837444845,0.16454346627633992,0.17742027532337662,388944000
2000-03-28,0.15369313955307007,0.16215802887411992,0.15071155553672674,0.16036962700361682,393312000
2000-03-29,0.14355795085430145,0.15786603667377547,0.1373576293250522,0.1542892335429704,469440000
2000-03-30,0.14272281527519226,0.1559586032496322,0.13449600929687727,0.13926506677820774,361920000
2000-03-31,0.16117458045482635,0.16764321105789917,0.14975832899236838,0.15247067901938283,962976000
2000-04-03,0.14856600761413574,0.16025056162120652,0.1443921699588141,0.1597139483532366,329952000
2000-04-04,0.14308087527751923,0.15905830972915425,0.10874146384638905,0.1564347910174817,513792000
2000-04-05,0.17491668462753296,0.1860051038442009,0.1371195245833043,0.14451211335348643,639600000
2000-04-06,0.18302446603775024,0.19232448469862973,0.17432056760634215,0.18302446603775024,404592000
2000-04-07,0.1956632286310196,0.20031324565694875,0.18409771349974055,0.19220547957834463,318576000
2000-04-10,0.17837445437908173,0.2105674173727336,0.17467769560605098,0.19900190412102642,395280000
2000-04-11,0.16776219010353088,0.18123605977465987,0.15261988792771475,0.1659435779326357,457584000
2000-04-12,0.15035440027713776,0.17169702302590678,0.14975826644564025,0.16800119249132228,313440000
2000-04-13,0.14391502737998962,0.15691180004360392,0.14141146522781295,0.15154661074709758,313296000
2000-04-14,0.13124707341194153,0.14510829444517748,0.12495700539749438,0.13473413262208703,421920000
2000-04-17,0.1379537731409073,0.143080882678041,0.12018793599145192,0.12018793599145192,294096000
2000-04-18,0.16239696741104126,0.1712199050991543,0.14737370935519759,0.15184424849259404,477504000
2000-04-19,0.1546463966369629,0.16978961546718221,0.15261991234151892,0.16752413450860865,278352000
2000-04-20,0.15381215512752533,0.16180087825328096,0.15166571573503135,0.1588202089660049,153936000
2000-04-24,0.14618058502674103,0.1514276360561414,0.13854989889678537,0.1449883171830322,205968000
2000-04-25,0.16215798258781433,0.16692795346786599,0.15238087269581704,0.15273891047343433,249696000
2000-04-26,0.16048865020275116,0.1774202539688424,0.160250554172705,0.17348542676955944,254112000
2000-04-27,0.17360448837280273,0.17527383524909787,0.14892315544021767,0.14975828599441454,280992000
2000-04-28,0.1700277179479599,0.1831435387446102,0.1700277179479599,0.17634708196762602,179040000
2000-05-01,0.17551279067993164,0.1802818468185455,0.17133894038723713,0.17646604791046633,119424000
2000-05-02,0.1687164008617401,0.18576706261461887,0.16382737382057488,0.17551285732001515,234000000
2000-05-03,0.16597381234169006,0.17312830603525636,0.1526198972806588,0.1676431591807013,329184000
2000-05-04,0.1680012196302414,0.175035758263211,0.16418541941116682,0.16561576968692654,241200000
2000-05-05,0.17575088143348694,0.1798047628740391,0.16501958696465147,0.16728506715062327,170592000
2000-05-08,0.16931253671646118,0.1774202887337604,0.16907352640759063,0.17121996615503665,185136000
2000-05-09,0.16692796349525452,0.17360446308637884,0.16215799232866995,0.1721741130633046,176832000
2000-05-10,0.1504734456539154,0.16537766515218277,0.1490421813374198,0.16525862395801827,274080000
2000-05-11,0.15691182017326355,0.1596543928675328,0.15059245870421972,0.1526198564899008,245904000
2000-05-12,0.1521427184343338,0.16978950256505268,0.1521427184343338,0.16120466353336818,187824000
2000-05-15,0.16263508796691895,0.16525861991539864,0.14403502464100318,0.1514276136122143,282096000
2000-05-16,0.17932769656181335,0.18445480508145404,0.16788122549011195,0.16978958243093145,366432000
2000-05-17,0.2108055055141449,0.2186751880842946,0.18874770498750135,0.1888667461932253,1290624000
2000-05-18,0.19649739563465118,0.21545549686738463,0.19518608676941107,0.2119977486844664,509904000
2000-05-19,0.1948280781507492,0.20126739706851715,0.18934384525238385,0.19077419552380506,521184000
2000-05-22,0.2074676752090454,0.2074676752090454,0.17563184275228258,0.19268249908973292,517152000
2000-05-23,0.20579837262630463,0.22499455913878466,0.19888287521718342,0.20222066847977296,778560000
2000-05-24,0.20317479968070984,0.20889804173855903,0.17598989454634278,0.20555933491080314,739632000
2000-05-25,0.20031316578388214,0.21843704812828488,0.1978095896138216,0.20615544845350797,569184000
2000-05-26,0.2013268917798996,0.20687064419438433,0.1888667154444459,0.2013268917798996,183456000
2000-05-30,0.20961323380470276,0.21485937002312808,0.20579834827671728,0.20675160572007817,303648000
2000-05-31,0.21772107481956482,0.22129877980335885,0.20889813235600221,0.20889813235600221,469536000
2000-06-01,0.22380226850509644,0.2261868039688199,0.218198080729483,0.22416031997556948,418992000
2000-06-02,0.25098803639411926,0.2537296947105702,0.22845222288983627,0.22845222288983627,592176000
2000-06-05,0.2563825845718384,0.268991999894297,0.24061393821083407,0.2506300457521464,491904000
2000-06-06,0.24359555542469025,0.26684562607854057,0.24228331839900702,0.25730750992374146,375888000
2000-06-07,0.2327452152967453,0.24383365153423242,0.22916751071718472,0.24180716708943312,332352000
2000-06-08,0.23453357815742493,0.23894549844805926,0.22511359003161194,0.23870651545245053,460704000
2000-06-09,0.24121008813381195,0.2518223587228594,0.23536781707461754,0.2389455214008516,467280000
2000-06-12,0.23477157950401306,0.24431061918582103,0.22940640355341257,0.24228320790186106,380016000
2000-06-13,0.24216435849666595,0.24228339975421648,0.2270220485472289,0.22821431687823915,447840000
2000-06-14,0.2419261485338211,0.24800650095274454,0.23873670689217863,0.2466952193454948,275088000
2000-06-15,0.24824540317058563,0.24824540317058563,0.22821409732355932,0.24120994062335144,338592000
2000-06-16,0.28568464517593384,0.2861617378713099,0.24729134599479102,0.24735089388755563,987840000
2000-06-19,0.3035694658756256,0.32670138805629556,0.27781489899712647,0.284969404742411,1052160000
2000-06-20,0.2995156943798065,0.3123934334295637,0.29570083516139234,0.3088166566638915,610272000
2000-06-21,0.3299202024936676,0.3357634006558046,0.29486562561685825,0.29486562561685825,614880000
2000-06-22,0.3119161128997803,0.3352861373111258,0.3088164311803466,0.328489685130836,614352000
2000-06-23,0.2824658453464508,0.30738526971528907,0.28234590357546085,0.30356948396748745,607392000
2000-06-26,0.3165663480758667,0.3183547499716562,0.2835382503715062,0.28806921236796956,618288000
2000-06-27,0.27185359597206116,0.31907072618958254,0.2635068224756884,0.3138236627699634,604608000
2000-06-28,0.26136136054992676,0.2880691918751506,0.2537297874655541,0.27757689097246246,586608000
2000-06-29,0.2236832231283188,0.25683036955298943,0.21939034436249935,0.25683036955298943,1184880000
2000-06-30,0.24252228438854218,0.24657615289689522,0.22272905204905047,0.2341755098124119,1209192000
2000-07-03,0.23322227597236633,0.251822341894791,0.23083683971864588,0.24419166947585785,232680000
2000-07-05,0.2081829160451889,0.23274519574872188,0.20126740473461677,0.23226810301428286,777936000
2000-07-06,0.22082161903381348,0.2284522910173767,0.20341292135122482,0.20842097540181584,603936000
2000-07-07,0.22201389074325562,0.23274517411885903,0.2174829156485437,0.22892938776588911,346560000
2000-07-10,0.23346036672592163,0.2389455139669915,0.21605258166048283,0.21819810711086832,351264000
2000-07-11,0.25229936838150024,0.2642229168825467,0.22773706915203218,0.23036061442339026,755304000
2000-07-12,0.25945302844047546,0.2725688486187145,0.2544458744183727,0.262791722416309,388152000
2000-07-13,0.2837771475315094,0.2852074974643857,0.26446101016907314,0.2649381027724186,458736000
2000-07-14,0.28163081407546997,0.2949847173660556,0.2747153160505534,0.2895004703283679,280200000
2000-07-17,0.2785310447216034,0.28616171635124743,0.2775768594026084,0.2859236339601333,105552000
2000-07-18,0.27304595708847046,0.2861617780225404,0.2632688303226344,0.2632688303226344,183672000
2000-07-19,0.2556380331516266,0.26517614497485326,0.2501528881501183,0.26326870272751174,189504000
2000-07-20,0.26255372166633606,0.2689921286053418,0.25468403607759976,0.25539921146361283,142992000
2000-07-21,0.2658924460411072,0.27089957436935896,0.2594531111742716,0.26326889910169765,251928000
2000-07-24,0.2432374805212021,0.26803786825275927,0.23274517987912738,0.2661304253224761,281112000
2000-07-25,0.23417554795742035,0.24896072887580487,0.23369845521914542,0.2470532858001278,335304000
2000-07-26,0.21676777303218842,0.23417555940031973,0.21032936773493574,0.23417555940031973,380064000
2000-07-27,0.20126739144325256,0.21271386386845462,0.19840577674826587,0.2098522491734679,331560000
2000-07-28,0.20603647828102112,0.221059742646679,0.19077421723659427,0.20222069128448592,512664000
2000-07-31,0.22892937064170837,0.22940646329612235,0.206036428119436,0.2174828993805722,371232000
2000-08-01,0.22439837455749512,0.23083679144172825,0.22272902800959635,0.22892934888262875,350616000
2000-08-02,0.22892937064170837,0.23262521492821264,0.21772099541440326,0.22129869909337074,345432000
2000-08-03,0.23894548416137695,0.24419164773692004,0.20603643328425666,0.20603643328425666,368664000
2000-08-04,0.2432374805212021,0.24800652449507551,0.23942169407379432,0.24466875862692833,194784000
2000-08-07,0.2623146176338196,0.26446107090323256,0.2439526612612041,0.24490684668702617,246936000
2000-08-08,0.25659146904945374,0.27089956098146556,0.2556382112003609,0.25659146904945374,128112000
2000-08-09,0.2489607334136963,0.2615994611789254,0.24538395691808565,0.2599301277937594,136248000
2000-08-10,0.251822292804718,0.25754552114994916,0.23846839352807175,0.24323743664161865,156432000
2000-08-11,0.24586091935634613,0.2542067913602969,0.2341754541039471,0.2522993490490897,131928000
2000-08-14,0.24824540317058563,0.2513451122735688,0.2403757247453075,0.2489605779056033,108576000
2000-08-15,0.27167508006095886,0.27662268561038783,0.24872261574055748,0.24943779082097015,443328000
2000-08-16,0.2785310447216034,0.2863997987423615,0.2701842701640785,0.2863997987423615,266232000
2000-08-17,0.2837771475315094,0.2852074974643857,0.2737610410737445,0.27471522628043543,129816000
2000-08-18,0.29379236698150635,0.2971310874820779,0.2821078276877209,0.2825848930226113,204720000
2000-08-21,0.298323392868042,0.30976987957422625,0.2976082177125998,0.3045237153053081,464472000
2000-08-22,0.2701842188835144,0.2890232895747713,0.26756160156995107,0.282822969223162,658872000
2000-08-23,0.28592362999916077,0.2863997947747925,0.2604071691883517,0.2658923155901739,352800000
2000-08-24,0.2935544550418854,0.29641608457849106,0.2790082794275758,0.2842544183078741,332616000
2000-08-25,0.28616175055503845,0.29665405151850166,0.28473140028285115,0.2904546298358497,153048000
2000-08-28,0.29760828614234924,0.30142410097776207,0.28425438061586883,0.2875931026121527,189264000
2000-08-29,0.29689309000968933,0.29951570862461985,0.2937924780020376,0.29880053335487095,149376000
2000-08-30,0.2995156943798065,0.3035695912189872,0.29045467030348254,0.2935543815766762,178080000
2000-08-31,0.3028543293476105,0.31477787942048535,0.2980852586369524,0.304046597025275,388896000
2000-09-01,0.3033314049243927,0.31191623386580486,0.29999268446391825,0.3090546333155027,204144000
2000-09-05,0.3038085103034973,0.3107240345073313,0.3016620844611438,0.31048592481419923,246144000
2000-09-06,0.28282302618026733,0.30500076686237404,0.28043849073241406,0.30500076686237404,230136000
2000-09-07,0.29808539152145386,0.2985624843806533,0.27519243917269903,0.28711602185153556,239760000
2000-09-08,0.28043848276138306,0.3014239824135909,0.27948429745845094,0.2947465683380811,222648000
2000-09-11,0.26899203658103943,0.2785310800588937,0.258499762831031,0.27686171947749505,285888000
2000-09-12,0.267322838306427,0.2833002672998383,0.2632689399547884,0.26923028227253465,125976000
2000-09-13,0.2672036588191986,0.2716155792883649,0.26088426808007675,0.2666075248957862,239976000
2000-09-14,0.2647000849246979,0.2804385228270586,0.261361363764693,0.26851497092694376,216336000
2000-09-15,0.2704828679561615,0.27423823380901924,0.2613613954933089,0.26326883872599066,242592000
2000-09-18,0.25468388199806213,0.27280777874939005,0.2518222815980471,0.2711384186068252,163488000
2000-09-19,0.26255372166633606,0.2632688970523491,0.24037594354985772,0.24299949046884492,301104000
2000-09-20,0.2539688050746918,0.26040723789425907,0.24991493556196037,0.2553991555334839,227568000
2000-09-21,0.2648785412311554,0.27066128912323045,0.2556380323458492,0.2558761146721341,346824000
2000-09-22,0.26946911215782166,0.27280783310821427,0.2384684304321437,0.23870651283831687,387264000
2000-09-25,0.28878524899482727,0.2928391449846266,0.2756694302403838,0.2778149554980551,467568000
2000-09-26,0.29570087790489197,0.2990395727004298,0.2785311570813325,0.291885062966878,337344000
2000-09-27,0.3119161128997803,0.3257471268297602,0.29331608495802863,0.29331608495802863,676128000
2000-09-28,0.32145529985427856,0.3233627426012328,0.30142398531236314,0.30905465688693495,333816000
2000-09-29,0.3123933672904968,0.3243169455403547,0.3071472308337997,0.3123933672904968,373872000
2000-10-02,0.3050007224082947,0.3290859296532996,0.29713106885657903,0.31668528826014547,340584000
2000-10-03,0.28854620456695557,0.30905460855788114,0.28616166953683375,0.30667007352775927,300264000
2000-10-04,0.2852075695991516,0.28997754167136386,0.2770998042136459,0.28091561812834603,419568000
2000-10-05,0.2785310447216034,0.2873539840613565,0.2725688055842966,0.2873539840613565,525048000
2000-10-06,0.2611222565174103,0.2811535641978287,0.2573073723302471,0.27924612210424715,1027176000
2000-10-09,0.2668456435203552,0.2708995130345609,0.2365601039336192,0.2544458979459905,665256000
2000-10-10,0.246576189994812,0.2685149780821666,0.24419168150103218,0.255638140986538,415944000
2000-10-11,0.2487226128578186,0.26231459615633995,0.22225196557830507,0.23155289844408436,535776000
2000-10-12,0.23894548416137695,0.2689920063307645,0.23656004812001774,0.25420685493112444,401616000
2000-10-13,0.24848368763923645,0.2556381971508743,0.2380509319331761,0.24061403010118554,578976000
2000-10-16,0.24276046454906464,0.24848369573570836,0.23703723336242094,0.24848369573570836,339216000
2000-10-17,0.22511355578899384,0.24276034732565774,0.22249095182724207,0.2418070899582002,463248000
2000-10-18,0.221536785364151,0.23441452116894432,0.2005512852145259,0.2105674065652018,416952000
2000-10-19,0.2429993599653244,0.2460990702251421,0.23226805071811257,0.2358448536049498,294888000
2000-10-20,0.2656532824039459,0.27185360331149466,0.23560676367632052,0.23727612387876493,387360000
2000-10-23,0.25969198346138,0.2694690802918502,0.25134520936295296,0.2677997473045699,182112000
2000-10-24,0.25134527683258057,0.262791737013457,0.25039201918740017,0.25849978520699046,193968000
2000-10-25,0.22940650582313538,0.2480065457809872,0.22773714516185276,0.24442976931622207,385512000
2000-10-26,0.23918361961841583,0.24800653274548656,0.2146213134820251,0.2308368440412313,265776000
2000-10-27,0.23369838297367096,0.2453243559982572,0.2251135409066754,0.23942163830883867,210960000
2000-10-30,0.21724487841129303,0.23507023796578871,0.2170058680778835,0.2298836209430496,192120000
2000-10-31,0.23709669709205627,0.2408529632223148,0.2189142021549183,0.2258296998751007,299256000
2000-11-01,0.23703719675540924,0.24037589104056234,0.2232062001322449,0.23131396645263674,304536000
2000-11-02,0.25516095757484436,0.2613612778464619,0.24132996722031766,0.24538386218841893,192888000
2000-11-03,0.27185359597206116,0.2766226389156857,0.24991484131399938,0.2518222838322207,268632000
2000-11-06,0.2928391993045807,0.30523891739589354,0.27662273904102846,0.2782920998026396,635040000
2000-11-07,0.27304595708847046,0.28806922119433787,0.2632688303226344,0.28806922119433787,258240000
2000-11-08,0.2649381458759308,0.27614652172700066,0.2608842499036951,0.27614652172700066,187080000
2000-11-09,0.23727621138095856,0.26136140103706273,0.22559072659025853,0.24896075464888237,564528000
2000-11-10,0.22439837455749512,0.25754551749295734,0.2184370639275822,0.245383885990012,805248000
2000-11-13,0.22535255551338196,0.2499148419430811,0.20603640463935602,0.2131909105952057,530040000
2000-11-14,0.26660752296447754,0.26851496593010454,0.23846844096601943,0.2403758566411356,470736000
2000-11-15,0.2630901634693146,0.2701842205387002,0.2511070946751506,0.26183837539134586,423864000
2000-11-16,0.246576189994812,0.26231462831656105,0.24419168150103218,0.255638140986538,235536000
2000-11-17,0.24180707335472107,0.2611223095727235,0.23369838237683302,0.2484835586867713,178776000
2000-11-20,0.22320610284805298,0.23298319840442516,0.22058257129089198,0.23286415723092854,298752000
2000-11-21,0.218914195895195,0.23465263396100275,0.20746773659583356,0.2327451909400706,382512000
2000-11-22,0.2074676752090454,0.21652869549497902,0.1984057270459904,0.20985219660375717,409752000
2000-11-24,0.21939034759998322,0.22749902623724513,0.209852233073046,0.209852233073046,165072000
2000-11-27,0.21199773252010345,0.23656001938061266,0.2032343147164854,0.23512966943254646,363864000
2000-11-28,0.19619978964328766,0.2174828916548366,0.19149025326336375,0.21521741118004623,382344000
2000-11-29,0.18409767746925354,0.1993590347552649,0.16931251226788102,0.19912093871294548,636408000
2000-11-30,0.15452732145786285,0.1683583138908588,0.13878888636414105,0.1683583138908588,981624000
2000-12-01,0.1697896271944046,0.1860051596066229,0.1631122114277049,0.16406639697230369,784080000
2000-12-04,0.1724122315645218,0.17646611433695686,0.15929641142569367,0.17086284002777224,474264000
2000-12-05,0.1836206018924713,0.19125127385619506,0.16740507260425347,0.1845747736079871,997224000
2000-12-06,0.15738904476165771,0.1850510624336721,0.15643487247700705,0.1800439059962855,950928000
2000-12-07,0.15452732145786285,0.1628740819325675,0.14165050064858692,0.14975826451269114,785184000
2000-12-08,0.18982087075710297,0.190774127974729,0.15458681381495268,0.17050472201697528,853392000
2000-12-11,0.18982087075710297,0.19363574173645878,0.1788514946122717,0.18362055068630476,757632000
2000-12-12,0.18457478284835815,0.18838965508254907,0.1783744607380731,0.18505096132052684,409512000
2000-12-13,0.17026668787002563,0.18695929626259145,0.16692798061604971,0.18385868505639497,675072000
2000-12-14,0.1585811823606491,0.17050473055175142,0.1545273009661775,0.169073466483343,569016000
2000-12-15,0.14284278452396393,0.15786604631129603,0.14212669519752494,0.1485660137430478,1094424000
2000-12-18,0.14755232632160187,0.15261990121644042,0.14546539369311784,0.14880410110249423,658872000
2000-12-19,0.13640347123146057,0.1631122054403786,0.13354185622545084,0.14975830227464693,946200000
2000-12-20,0.12161920219659805,0.14832701877339097,0.11494178752504527,0.12948795678727737,1105392000
2000-12-21,0.10635693371295929,0.13640345868728418,0.1049256692254799,0.11994984594475627,845256000
2000-12-22,0.1337808221578598,0.14594246822626009,0.11494177574737112,0.11494177574737112,949080000
2000-12-26,0.12829573452472687,0.13688059514203788,0.11971088755267566,0.1354502444295657,343824000
2000-12-27,0.1368805319070816,0.14212668158008926,0.12161918917628814,0.12686532520404228,339456000
2000-12-28,0.13759571313858032,0.14117341689313115,0.12924986637093533,0.1313963057772608,419232000
2000-12-29,0.12501654028892517,0.1418886439068079,0.12209540415646096,0.13735768104144042,495168000
2001-01-02,0.11422659456729889,0.1275805015658927,0.11374950874195369,0.12591115488186777,290808000
2001-01-03,0.14928121864795685,0.15047348666910024,0.10778730047171851,0.11064892247533616,910368000
2001-01-04,0.16645090281963348,0.17026670309722547,0.14260378510406976,0.14665766780547865,815448000
2001-01-05,0.14153054356575012,0.16573569427129478,0.13831179210588934,0.16501960503461452,432768000
2001-01-08,0.15500442683696747,0.16120474855014247,0.1375957157978238,0.1375957157978238,573768000
2001-01-09,0.15810413658618927,0.1612047616330632,0.14951927868502024,0.15715087903869526,302904000
2001-01-10,0.16907352209091187,0.16978961147655797,0.1464195863340191,0.14999637633366195,392928000
2001-01-11,0.1831434816122055,0.19029797404941132,0.1621579838504876,0.1650195979789864,447648000
2001-01-12,0.17932769656181335,0.19745158163977525,0.17742025385298435,0.1862431929527109,669000000
2001-01-16,0.16525864601135254,0.1802819087085995,0.16239701758323538,0.1802819087085995,414984000
2001-01-17,0.17121994495391846,0.18314350953988565,0.17050476987071564,0.1778973594461334,592584000
2001-01-18,0.20406946539878845,0.20889804283203003,0.1674050528037254,0.17121992439571249,948168000
2001-01-19,0.19864386320114136,0.2174829109817109,0.19554415259799257,0.20985223902633215,1018704000
2001-01-22,0.19077421724796295,0.200313248091641,0.18528998372508787,0.19268257468508695,377712000
2001-01-23,0.2097928375005722,0.213667245984224,0.18743649434826024,0.18838975237172984,433632000
2001-01-24,0.20889802277088165,0.21175963671734888,0.1967363784111092,0.2096131976995336,451728000
2001-01-25,0.18791258335113525,0.20222067106936847,0.18362061824531045,0.20174449257863133,440016000
2001-01-26,0.19387482106685638,0.196140301921341,0.1761089848026282,0.17742028022225945,259248000
2001-01-29,0.1948280781507492,0.195067074802317,0.1812360799984955,0.18791258074883846,354168000
2001-01-30,0.19912095367908478,0.20329387743715932,0.19411289935918222,0.19792869949481728,243720000
2001-01-31,0.19697453081607819,0.2069906539521526,0.19268256548585952,0.1993590666777245,358344000
2001-02-01,0.19798824191093445,0.19935907170270142,0.18838967702668583,0.19697453578095128,371856000
2001-02-02,0.17885157465934753,0.20269776628869948,0.17742029637674664,0.19816680416717675,320520000
2001-02-05,0.17861253023147583,0.17980479796722884,0.1681202439416964,0.17861253023147583,367584000
2001-02-06,0.17956668138504028,0.183143470266095,0.17485714558294393,0.17527378969703414,250440000
2001-02-07,0.17121994495391846,0.17980480229377818,0.1616818301288922,0.17837445212737252,720384000
2001-02-08,0.17026668787002563,0.18195124220425488,0.1695505985530781,0.17217413072216572,384288000
2001-02-09,0.16907352209091187,0.17002770754717933,0.16287411390263776,0.16883543966554643,259608000
2001-02-12,0.16454346477985382,0.16907351209041435,0.1564347855717725,0.16716606916810525,354336000
2001-02-13,0.1695505529642105,0.17742021947815828,0.1657356682856791,0.1676431106249448,467736000
2001-02-14,0.18195122480392456,0.1869592783833318,0.16025055078304293,0.16740505728915964,690888000
2001-02-15,0.21533647179603577,0.21891417567066274,0.20555936035202257,0.2069906247482845,1108512000
2001-02-16,0.22702191770076752,0.2327451462515527,0.20412898985237357,0.2043670722302533,1081176000
2001-02-20,0.2043670415878296,0.22606771218388327,0.2041289592456475,0.22129865596886306,701304000
2001-02-21,0.2136671394109726,0.222251983671463,0.1945899942713591,0.196736433894511,646512000
2001-02-22,0.22272907197475433,0.22892939407168686,0.2060364492064161,0.21247486736154783,815304000
2001-02-23,0.20734776556491852,0.22511360192922564,0.20031322689655962,0.22153681198970532,1034664000
2001-02-26,0.20269770920276642,0.20699060131883484,0.19387478411843892,0.20126735920046274,751824000
2001-02-27,0.19053606688976288,0.20555932590166454,0.18934379932697026,0.19768964497601405,533832000
2001-02-28,0.17050474882125854,0.20031318584492894,0.1669279596147555,0.18910481137113544,784056000
2001-03-01,0.18397769331932068,0.18695926279045125,0.15261986678852593,0.16835830064389828,915288000
2001-03-02,0.1662723571062088,0.1829054479966758,0.1640663966079112,0.17074289812755078,1413504000
2001-03-05,0.16788126528263092,0.17217415859633256,0.15882024165055322,0.15977349929229417,742296000
2001-03-06,0.18409767746925354,0.19005900252355284,0.17348543571231426,0.17646609141683675,834408000
2001-03-07,0.19888287782669067,0.19935905631757783,0.18481287252676562,0.1881515800652869,938280000
2001-03-08,0.20555943250656128,0.20770587273836005,0.19315969878323497,0.19315969878323497,829344000
2001-03-09,0.1910131722688675,0.19578222953451327,0.17312829670198046,0.1948280578466742,1216776000
2001-03-12,0.18409767746925354,0.19315962730390046,0.1759899129774522,0.18457477014067633,762144000
2001-03-13,0.20603647828102112,0.20889810702693687,0.18552806616058673,0.18648225170172045,1082352000
2001-03-14,0.21772107481956482,0.21843716435572708,0.19673648161639312,0.19673648161639312,1351128000
2001-03-15,0.22845230996608734,0.24317796974976413,0.2227290803570075,0.23107585599397892,1875984000
2001-03-16,0.22749900817871094,0.2336984014265305,0.2181980625525636,0.22487547630605006,1225200000
2001-03-19,0.24061395227909088,0.24228328543990735,0.21396564328472875,0.22630585211585907,943896000
2001-03-20,0.21819810569286346,0.25277653469743716,0.21557548753363642,0.23775234395900904,1990560000
2001-03-21,0.23441454768180847,0.24085295237376672,0.21748292778959125,0.21867519564273816,1877352000
2001-03-22,0.2580226957798004,0.2589768813147781,0.23465265506422553,0.23656009825670143,1697760000
2001-03-23,0.2556380331516266,0.2675615803398041,0.2427603009012685,0.26279161019642144,1509672000
2001-03-26,0.26946911215782166,0.27089946234951673,0.25563811812492415,0.25563811812492415,1542960000
2001-03-27,0.25969198346138,0.27352297585869834,0.24848358144063554,0.2642229443709777,1702152000
2001-03-28,0.25987061858177185,0.26660755489811633,0.25182237306182875,0.2525375482749298,1433280000
2001-03-29,0.26374581456184387,0.27280776239423304,0.2522993590670042,0.25760501483453097,1632960000
2001-03-30,0.24770896136760712,0.26684564340606926,0.24609914848395872,0.26183848892311895,1423176000
2001-04-02,0.23727621138095856,0.25301465152775543,0.23417557219989654,0.2470533113757417,1265160000
2001-04-03,0.24514487385749817,0.2515842049240205,0.23346030776317145,0.23369839012728472,1991616000
2001-04-04,0.21986743807792664,0.23632196335116984,0.2053212561604962,0.23584487068958965,3362472000
2001-04-05,0.2401377558708191,0.24395264151050305,0.2279752084733663,0.2344145268245038,1724760000
2001-04-06,0.23918361961841583,0.251822346610345,0.23298327004203936,0.23703716632709654,1547664000
2001-04-09,0.2275557667016983,0.24972344724493434,0.223778433486529,0.24380975880948155,1097160000
2001-04-10,0.24903671443462372,0.2564009222132901,0.23087528912162628,0.2330116721472052,1186416000
2001-04-11,0.264070063829422,0.2739525040900548,0.25678278753141104,0.2643750080122131,1426872000
2001-04-12,0.2680378258228302,0.2794842827662575,0.25422604614092276,0.2591865049691469,1440264000
2001-04-16,0.2615133821964264,0.2688015864473065,0.256705885525884,0.2632688171182927,764112000
2001-04-17,0.27433329820632935,0.27643212865393113,0.25754546554696683,0.2576599219020092,1112448000
2001-04-18,0.2947850823402405,0.32202767337191396,0.2858943789588041,0.2858943789588041,2301864000
2001-04-19,0.3201192021369934,0.3251941166544901,0.2951283613023721,0.2964634672559692,1632264000
2001-04-20,0.33179470896720886,0.34335565188720146,0.3079100533317352,0.31626597129459155,1773840000
2001-04-23,0.31428155303001404,0.3248892369228676,0.3109620994156806,0.3245833922030044,1239000000
2001-04-24,0.2920379340648651,0.33686964238965456,0.2871159536180084,0.31340435884574325,1828320000
2001-04-25,0.30546772480010986,0.3158840183651921,0.29169442652576505,0.292800619753025,1423728000
2001-04-26,0.2813926935195923,0.3121067706316316,0.27853106522918175,0.3121067706316316,1486008000
2001-04-27,0.3014238774776459,0.30268297918212445,0.2865810122840135,0.2922666873389446,915672000
2001-04-30,0.3178298771381378,0.33557189472927396,0.30306394308634704,0.30962687154135865,1583280000
2001-05-01,0.34751471877098083,0.34835442023745644,0.313823638465625,0.3189745570391398,1867368000
2001-05-02,0.3395406901836395,0.3565574664912858,0.33499965924989794,0.3565574664912858,1547784000
2001-05-03,0.33805274963378906,0.33957834392398906,0.3272161506295409,0.3292765025333588,960504000
2001-05-04,0.3427072763442993,0.3480871089034468,0.3266062309936015,0.32813179771990114,953520000
2001-05-07,0.3580839931964874,0.3605637724822255,0.3374034373859829,0.341409711227966,975600000
2001-05-08,0.3321765959262848,0.3635399469234877,0.32912450664513015,0.36338701087967756,1620144000
2001-05-09,0.31660929322242737,0.328589606610139,0.3143960059733276,0.3216072763151159,1319040000
2001-05-10,0.30596408247947693,0.3296197921759341,0.30218674913863786,0.325766454779419,998904000
2001-05-11,0.29814207553863525,0.30714723412059913,0.2920378981165893,0.30520133892167506,921216000
2001-05-14,0.3006988763809204,0.30424727167543236,0.288260676036522,0.29902034565186286,702432000
2001-05-15,0.3114967942237854,0.32431686241525615,0.2998974029058366,0.3033313667994016,1242600000
2001-05-16,0.326185941696167,0.32813183707067445,0.30241574203320415,0.3043616374077116,957096000
2001-05-17,0.3319476246833801,0.34148664031569087,0.32221812129268823,0.3272545575851654,919056000
2001-05-18,0.32927650213241577,0.33957834351050203,0.3227904749395931,0.3308414766318074,575832000
2001-05-21,0.344156950712204,0.35102482723281414,0.32195079479648536,0.32855220672488217,1064688000
2001-05-22,0.35445865988731384,0.35789259712452726,0.33576337976475595,0.3491932839988185,1049976000
2001-05-23,0.3514450788497925,0.38154929436415486,0.3472098646940083,0.36838585360140114,2244912000
2001-05-24,0.3566335141658783,0.36567622423054325,0.33862502598063265,0.34911729870651603,1680576000
2001-05-25,0.34988003969192505,0.3546500104949226,0.34339401468482933,0.34946063922105813,947952000
2001-05-29,0.33553454279899597,0.34797274111185106,0.33080304965005847,0.34789673702579604,920568000
2001-05-30,0.32927650213241577,0.3442713839632422,0.3258425641032249,0.3276364514302545,3308904000
2001-05-31,0.326643705368042,0.3338549755693913,0.3195853711539481,0.33190908072655156,1262928000
2001-06-01,0.34472909569740295,0.3475147191456783,0.32698707616900285,0.3288954464186379,1022472000
2001-06-04,0.33938783407211304,0.34678959397477654,0.33484770265645275,0.34495815501795596,621552000
2001-06-05,0.3572058379650116,0.3607542592153811,0.33843365141956294,0.33900596070124556,987168000
2001-06-06,0.35873234272003174,0.36342538230871274,0.3533140305768412,0.3585418549705406,698976000
2001-06-07,0.37899258732795715,0.38002274941488623,0.352933099791879,0.35556578778499015,1141152000
2001-06-08,0.3691486120223999,0.37842026211557744,0.36521836942979513,0.3778479528602255,712680000
2001-06-11,0.3583505153656006,0.37010281878762047,0.35262725873773926,0.369682517640709,581928000
2001-06-12,0.3702932596206665,0.3756346398566527,0.35007148389670195,0.35083428090561786,1102728000
2001-06-13,0.3578551411628723,0.3786492563063317,0.3546501160871289,0.3730020032690733,938712000
2001-06-14,0.3570912480354309,0.3631963511259292,0.3481629973395459,0.35323791135963445,946152000
2001-06-15,0.362662672996521,0.3689582400584491,0.3463702354687406,0.35293319499783316,1094544000
2001-06-18,0.3483159840106964,0.3676220503914059,0.34434819040179526,0.36174681432388944,856656000
2001-06-19,0.32927650213241577,0.3631580567690489,0.3222181655799847,0.35487907012665726,1513128000
2001-06-20,0.34343239665031433,0.34720972916473153,0.31649476403893817,0.3232097004209167,1759200000
2001-06-21,0.3499184548854828,0.35598507877803026,0.3329016810269378,0.34205887233781257,1484568000
2001-06-22,0.34835442900657654,0.3574731412352389,0.34377584673286343,0.34816304070885373,761184000
2001-06-25,0.3476676940917969,0.3536958392547116,0.337517863894136,0.35224627676841364,640032000
2001-06-26,0.3577021658420563,0.3594191482459223,0.33862503538642386,0.3399601416911514,757920000
2001-06-27,0.3466375768184662,0.35674800162679154,0.34057095078252003,0.35598520455110605,895752000
2001-06-28,0.35071974992752075,0.3557946649521304,0.347209808913775,0.35129208639898013,909336000
2001-06-29,0.35388636589050293,0.35941913440719214,0.34801110149304043,0.35197892309442586,730920000
2001-07-02,0.3382047116756439,0.34274574335422175,0.33309227130162833,0.33988414236188635,1040016000
2001-07-03,0.34251677989959717,0.346065173338252,0.334160863664615,0.33587781854797816,406296000
2001-07-05,0.31767791509628296,0.34053237441211887,0.3172575867637805,0.33843357096195437,1020096000
2001-07-06,0.30790990591049194,0.3153501144893752,0.30180480309434987,0.31290788778752926,802824000
2001-07-09,0.2978369891643524,0.3112678159681271,0.2949369099760744,0.30390361194843246,1014072000
2001-07-10,0.30027925968170166,0.3058110987073408,0.2966539350186793,0.30180482594830116,1221744000
2001-07-11,0.2997070252895355,0.3045145487781762,0.29043540208698904,0.2991347160095003,904632000
2001-07-12,0.3154261112213135,0.3176393978808134,0.3061929171113935,0.31382358590186615,981552000
2001-07-13,0.3089018166065216,0.31653341842329574,0.302377336450232,0.31309948006258986,690144000
2001-07-16,0.2840628921985626,0.3090546666681313,0.28253732547792665,0.3054302415129294,1191696000
2001-07-17,0.2999359667301178,0.30272066306740214,0.2766226938915217,0.27929386170771997,1169904000
2001-07-18,0.28955718874931335,0.3008891896039181,0.2834145596218846,0.2928006654747653,840984000
2001-07-19,0.2942127585411072,0.30646046734650373,0.28925229865783686,0.29375487833357816,840024000
2001-07-20,0.2857424020767212,0.2934115283469502,0.2766227575820761,0.2868870481960168,742464000
2001-07-23,0.2586900591850281,0.28654341969551805,0.2583466628981416,0.2861615711024865,1547976000
2001-07-24,0.27620336413383484,0.276432276966737,0.2566298978139649,0.2621626402052876,1365312000
2001-07-25,0.27353206276893616,0.27624168202159954,0.2643373472080694,0.2757068973661005,1245888000
2001-07-26,0.3014238774776459,0.30333131954221065,0.26956424060371414,0.27093782594714383,1714152000
2001-07-27,0.3090546429157257,0.31237412367283485,0.291884929918544,0.3008516351839657,1094688000
2001-07-30,0.3016904294490814,0.31069558683689563,0.2983709487661586,0.3094364847670308,582288000
2001-07-31,0.30867281556129456,0.3100088496897784,0.29112215316652,0.3021107855296731,1187760000
2001-08-01,0.3275218904018402,0.3291243888455019,0.3125645650952125,0.31473940000618467,1204944000
2001-08-02,0.33530548214912415,0.3364876521844731,0.32046261388406744,0.33168015706865356,1097928000
2001-08-03,0.3326728343963623,0.3378237265359538,0.3256904763402177,0.33194758917609113,820344000
2001-08-06,0.34274575114250183,0.34614123645637446,0.3267582605502759,0.33030665459436576,1292568000
2001-08-07,0.33767083287239075,0.34434824710222833,0.33366455899374,0.34266881652465536,1088616000
2001-08-08,0.32908594608306885,0.34339403069537616,0.3275979039734446,0.33473317041172934,1125696000
2001-08-09,0.32332438230514526,0.3340080460198898,0.31744911638668605,0.3275595701140124,1643616000
2001-08-10,0.3229433298110962,0.32736897669978365,0.3132513792656836,0.3231722425812007,1036488000
2001-08-13,0.33648768067359924,0.3401505577971581,0.3235916339726623,0.328475160845007,1514784000
2001-08-14,0.3275594115257263,0.3325198423822254,0.32340113040275575,0.3303834872827092,2321160000
2001-08-15,0.32794132828712463,0.3388914808564771,0.32504124787947397,0.3349621389417307,1816392000
2001-08-16,0.3417530953884125,0.3422494278763396,0.32061561367789804,0.32191316822075744,1026096000
2001-08-17,0.3196238875389099,0.33744191608370266,0.3169142673843455,0.33309227273208986,1668840000
2001-08-20,0.31741052865982056,0.3208444654690729,0.30768102738835357,0.31760098908620693,1183320000
2001-08-21,0.3107331693172455,0.3266062296952439,0.3102377647149588,0.31821183299851236,1186656000
2001-08-22,0.32351571321487427,0.3238591097392848,0.3061930874123589,0.316227536117795,1498104000
2001-08-23,0.31634193658828735,0.3265677445622107,0.3147778902773696,0.3224085619625507,1013592000
2001-08-24,0.3253847062587738,0.3319091856869592,0.31786848958319636,0.319738380962305,1110936000
2001-08-27,0.3366406261920929,0.3409518166962456,0.3168767047932556,0.31809735457657273,1279608000
2001-08-28,0.3322526216506958,0.34320370548105883,0.32965841245450145,0.3357250396638726,1178760000
2001-08-29,0.3215697407722473,0.33526703697413734,0.3187841442017286,0.33316823328799117,1435800000
2001-08-30,0.3205395042896271,0.3227903430558649,0.3081004114253438,0.3155406210939716,1431312000
2001-08-31,0.3232097625732422,0.3261482948828328,0.3142055063902613,0.3184022400966476,887904000
2001-09-04,0.3007371723651886,0.32233253175705184,0.2984854327227424,0.32233253175705184,1856136000
2001-09-05,0.30714723467826843,0.3094365263623956,0.28826056463896477,0.30046982009203776,2395584000
2001-09-06,0.2945936620235443,0.31058117975022986,0.2932201033540022,0.30108061630122895,1950768000
2001-09-07,0.2976842224597931,0.3021868294510262,0.2884510508307236,0.2899775456185544,1970256000
2001-09-10,0.28906184434890747,0.2997070545268251,0.28307122209704183,0.29516602242293405,1872360000
2001-09-17,0.25937700271606445,0.27769136375014886,0.25807942083931246,0.2710524013937971,1138596000
2001-09-18,0.24373379349708557,0.26632086444797065,0.23785762857039092,0.2644134216705734,894372000
2001-09-19,0.24075768887996674,0.24793047983094055,0.20649428135920694,0.24510733157865547,1561908000
2001-09-20,0.2203829437494278,0.23617905540766648,0.21366707840462737,0.22786069171655626,1470696000
2001-09-21,0.20580753684043884,0.21580443356006415,0.19848179452815762,0.2033653225407099,1226304000
2001-09-24,0.22892937064170837,0.23228730386271934,0.21229352748291852,0.2221375001359327,1507500000
2001-09-25,0.22000113129615784,0.23953612698092508,0.21931433838009226,0.22961616389480669,941724000
2001-09-26,0.21206462383270264,0.22358801462706424,0.20985225036770472,0.22282430333423747,430812000
2001-09-27,0.20031316578388214,0.21366707755029068,0.19466594198490433,0.21130176871400255,907296000
2001-09-28,0.2096232920885086,0.21984818519241497,0.1972611020387099,0.20603641895845973,1044876000
2001-10-01,0.19184285402297974,0.21290436242847122,0.18848492007496884,0.20947042440025154,972804000
2001-10-02,0.18222783505916595,0.19916861383245785,0.1729177301437949,0.191537939974537,1123032000
2001-10-03,0.21809369325637817,0.2296161688467262,0.18131206474289427,0.18131206474289427,1798824000
2001-10-04,0.24640409648418427,0.2579274904972658,0.22175663769491866,0.22969225644429614,1980576000
2001-10-05,0.25105950236320496,0.2570876749715423,0.23343193677281768,0.24266510642094932,1078212000
2001-10-08,0.2567059397697449,0.2662449583398757,0.2411387186340522,0.2411387186340522,765900000
2001-10-09,0.2455652505159378,0.2625060276359747,0.238239521597509,0.2573926587534215,917556000
2001-10-10,0.26136136054992676,0.263268803527588,0.23961308837450596,0.24121558718196107,968124000
2001-10-11,0.28967171907424927,0.290435444100171,0.27387558767693443,0.2753260784801411,918000000
2001-10-12,0.3085208237171173,0.3090546806703233,0.2813542128062462,0.2823459499333041,1253100000
2001-10-15,0.30714723467826843,0.3166853496375881,0.2911221655988689,0.29951563471612497,908568000
2001-10-16,0.33805274963378906,0.34049404981668285,0.30043141213682667,0.30676543117690136,1383852000
2001-10-17,0.3182118237018585,0.3456833494245625,0.31668532914892866,0.3455304134189378,1695540000
2001-10-18,0.3316427767276764,0.3347708704489744,0.31744914220825804,0.31821193946885373,1020864000
2001-10-19,0.3385106027126312,0.34339413095779203,0.3227904754589807,0.326911206558743,1059264000
2001-10-22,0.34652313590049744,0.3510248154237739,0.3285137160464595,0.33599240863080837,970824000
2001-10-23,0.3404180705547333,0.3572059130794975,0.33271046482317684,0.35094882554103085,953028000
2001-10-24,0.3554513156414032,0.35629011671514227,0.33042108879312126,0.3342369022930024,1212144000
2001-10-25,0.3762839436531067,0.3826170342792412,0.34186760698650676,0.34720988831050464,1152396000
2001-10-26,0.3494223952293396,0.3849064580196489,0.34721000730356255,0.37368890784217756,1097124000
2001-10-29,0.3210350573062897,0.3567480529477927,0.32065413629759265,0.3506438742904426,1004796000
2001-10-30,0.3205011188983917,0.33530553727791046,0.3079100153064959,0.3151597387822674,1153380000
2001-10-31,0.3270641565322876,0.341486702350707,0.32240864032982475,0.33248154203514824,989292000
2001-11-01,0.3549933433532715,0.3576635822734208,0.3262242446272965,0.3312607063035555,1093776000
2001-11-02,0.3599530756473541,0.3643027197710049,0.34034205711624527,0.35339104406822736,1087248000
2001-11-05,0.3612505793571472,0.3762070074360417,0.358961287554784,0.36621103908173236,933456000
2001-11-06,0.38605090975761414,0.38773034025973807,0.3586563168968427,0.36056375958384523,1415376000
2001-11-07,0.38635683059692383,0.4012372553036207,0.3808625409286913,0.38307490088485496,1419144000
2001-11-08,0.3796408176422119,0.39635264764511724,0.3681943624745373,0.3911642047344453,1915188000
2001-11-09,0.40596774220466614,0.4062735868962369,0.38910390201372586,0.39642962877216287,2270484000
2001-11-12,0.416880339384079,0.42725818159762735,0.39207995649922206,0.4044421459134172,1458636000
2001-11-13,0.41344648599624634,0.4182540096219028,0.40749431648738693,0.4181780055500739,1446516000
2001-11-14,0.4019239544868469,0.4204672255457348,0.39070641037190645,0.41649850372919245,1150224000
2001-11-15,0.40406039357185364,0.4095547103858844,0.3923089901466354,0.39734542675828,874944000
2001-11-16,0.40055036544799805,0.40871489331324085,0.39513205387561623,0.4044421552964486,496128000
2001-11-19,0.39177432656288147,0.40825725481702074,0.3701029519417289,0.40451837170896776,1943052000
2001-11-20,0.38078558444976807,0.40055043647458244,0.37643594101677014,0.3936825611863686,937884000
2001-11-21,0.3759020268917084,0.3858989221560219,0.36476051312748536,0.37437553230889314,728412000
2001-11-23,0.3811675012111664,0.3815493773924802,0.37086568644266726,0.37735171406420154,254016000
2001-11-26,0.4084100127220154,0.40894386964085944,0.3865087796055353,0.38757742132049783,1215780000
2001-11-27,0.4127597510814667,0.42199295080849475,0.40062649755432517,0.408181166904471,1183992000
2001-11-28,0.39192715287208557,0.41428621504410207,0.3910114197308085,0.4074943433686723,740844000
2001-11-29,0.4090968370437622,0.42252767148301545,0.4074943381800723,0.42039038774649057,5135472000
2001-11-30,0.41695642471313477,0.4199325094461191,0.40291573005120196,0.40894390358845184,1034028000
2001-12-03,0.41062334179878235,0.4132935545406768,0.4032975862329513,0.40818111398438256,851496000
2001-12-04,0.4436650574207306,0.44412293750143644,0.41268359431540896,0.41268359431540896,1384644000
2001-12-05,0.4794541001319885,0.48036980582141325,0.44679413067289564,0.44717505157690085,1707036000
2001-12-06,0.47189944982528687,0.4769359131716598,0.45991913491143727,0.4757152633068179,1138944000
2001-12-07,0.45747697353363037,0.47266321584324605,0.4493124163383078,0.46838957617217686,807036000
2001-12-10,0.4620555341243744,0.47251025601833185,0.4513727727197382,0.45518765868416566,695868000
2001-12-11,0.47861534357070923,0.48952701736966314,0.4654894815286236,0.4701449696395985,792252000
2001-12-12,0.49349573254585266,0.49372464532820654,0.47296808522125444,0.4822781874952704,1004628000
2001-12-13,0.4793021082878113,0.4899848686585478,0.47739373761291654,0.4838037868186801,881400000
2001-12-14,0.5008974075317383,0.503262730186592,0.47701275750026456,0.479225144164743,754680000
2001-12-17,0.5189068913459778,0.5261556867378274,0.4970816356042791,0.4970816356042791,1080960000
2001-12-18,0.5055521726608276,0.5147093406299247,0.5012794061674627,0.5075365204583415,886968000
2001-12-19,0.49174028635025024,0.5073834781589308,0.48983284361848367,0.49723457506481283,854652000
2001-12-20,0.47235730290412903,0.502652876736945,0.47060279621228324,0.4937246236450565,951228000
2001-12-21,0.492808997631073,0.49601399528538304,0.47708889895245504,0.48265916522647767,723972000
2001-12-24,0.5050944685935974,0.507612674289075,0.4923513227424469,0.4925802902282507,265308000
2001-12-26,0.5174562931060791,0.526079600393456,0.507536304924055,0.5076122816806046,642156000
2001-12-27,0.5294378995895386,0.5318031690044687,0.5211964352926107,0.5219592053416161,730152000
2001-12-28,0.5166935324668884,0.5360765044712692,0.5115810930058162,0.5325656901668232,757680000
2001-12-31,0.5105125904083252,0.523485572133704,0.5093679171555278,0.5205094871736605,737580000
2002-01-02,0.5135646462440491,0.5223408928690091,0.4998288948547213,0.5127258450640699,1298904000
2002-01-03,0.5472173094749451,0.5494306246813264,0.5143284203252523,0.5146333099393887,1414752000
2002-01-04,0.5312689542770386,0.5544668089980128,0.521958854042988,0.5544668089980128,936288000
2002-01-07,0.5169985890388489,0.5341683048239998,0.5098257694719395,0.5334054804626807,973068000
2002-01-08,0.5231037735939026,0.5355419716342216,0.5141755178550901,0.515930952944599,774360000
2002-01-09,0.5159309506416321,0.5398915860925948,0.5086051939787377,0.5303534965472473,1141188000
2002-01-10,0.5035685300827026,0.520203456865872,0.49906597897082017,0.5131835750734332,992508000
2002-01-11,0.48128560185432434,0.507078571984026,0.4793021276201728,0.5069256905495224,1380852000
2002-01-14,0.4560273289680481,0.4835748874833585,0.4560273289680481,0.48021782736453233,1369560000
2002-01-15,0.4986080825328827,0.49891302661585574,0.4744945213742984,0.4750283781982754,1838808000
2002-01-16,0.47914907336235046,0.49502122980023006,0.4773176622993635,0.4918162331495,1115388000
2002-01-17,0.4959372580051422,0.4960141626921149,0.4770890599718903,0.4950215518778596,1121544000
2002-01-18,0.48685693740844727,0.4902909032251917,0.47693607016351774,0.47724188770259773,803676000
2002-01-22,0.47464677691459656,0.49273220282614877,0.4691524316182015,0.4914355211802132,1085028000
2002-01-23,0.4835749566555023,0.48700886733945903,0.4694582291945685,0.4789203413200103,889164000
2002-01-24,0.5008974075317383,0.5059338702411859,0.4780804712203644,0.48838230939573113,1137684000
2002-01-25,0.49959975481033325,0.5120388737310694,0.48761944377038674,0.49372449229405524,817752000
2002-01-28,0.518829882144928,0.5189068413681532,0.5043313648803853,0.5093677729398824,924288000
2002-01-29,0.49341875314712524,0.5215770406086218,0.485330175243177,0.5200514468531846,1381932000
2002-01-30,0.4993710517883301,0.4997529006203347,0.48418568350733915,0.49601399143080116,1218456000
2002-01-31,0.5016602873802185,0.5097496852074822,0.4849483989406452,0.5058578950106831,973980000
2002-02-01,0.48937493562698364,0.5061627995269711,0.4864748827212136,0.5008214471205276,688272000
2002-02-04,0.4663292169570923,0.500210771695651,0.46556644710114004,0.4883064313262333,1104864000
2002-02-05,0.46175065636634827,0.46724494659254634,0.4435892279806383,0.46320027394299107,1474620000
2002-02-06,0.4732730984687805,0.4814385288613476,0.4647266925268216,0.4739598914971469,1242528000
2002-02-07,0.45793479681015015,0.4738838069600059,0.4557224098206965,0.4738838069600059,964476000
2002-02-08,0.440460205078125,0.4635820924085223,0.4229855709400162,0.4609878562212959,1871292000
2002-02-11,0.4648027718067169,0.4654895649058798,0.43817094072822016,0.4397734397659235,1249224000
2002-02-12,0.47464677691459656,0.4834230252580286,0.45251752399942874,0.4577829018544507,1216500000
2002-02-13,0.4685423970222473,0.48884020190786254,0.4639638142904419,0.4807516234876593,1230432000
2002-02-14,0.4743415415287018,0.4841854980346188,0.4665579632443027,0.4725100760270188,1225692000
2002-02-15,0.43763697147369385,0.4551876346836628,0.4330583880883012,0.4525173947667294,3988548000
2002-02-19,0.40863898396492004,0.4232904684184744,0.40528105020969185,0.4189408247486527,1972524000
2002-02-20,0.4300053119659424,0.4345838944270312,0.4006263474123305,0.40138914429363304,1838736000
2002-02-21,0.4006263315677643,0.42428206710944294,0.4000924747468316,0.42413005900737794,1531044000
2002-02-22,0.38093847036361694,0.39719245065728565,0.3758260032539487,0.3926138677340558,2585616000
2002-02-25,0.410775363445282,0.4137514483304035,0.38261704073333275,0.3826939726858981,1599564000
2002-02-26,0.4197034537792206,0.4269532031436603,0.4086388468971846,0.41978038570666804,1902672000
2002-02-27,0.4055868089199066,0.43107398574454003,0.40444216321908655,0.42924254716512666,1723224000
2002-02-28,0.3892558813095093,0.4101653736025901,0.38582191729673115,0.40291562414730503,1585440000
2002-03-01,0.42687734961509705,0.4273352025423399,0.3918511503875609,0.39299579635092435,1311396000
2002-03-04,0.4506860077381134,0.45556953583947674,0.4240532781798325,0.4281740091582581,1484724000
2002-03-05,0.449541300535202,0.46159761976114677,0.44336021855464924,0.44374113948026495,1379448000
2002-03-06,0.4354236423969269,0.4405361095359282,0.4260375364342497,0.43611043529745325,1446060000
2002-03-07,0.4319137632846832,0.44305437754925886,0.4198565153372466,0.4416048147679428,1346532000
2002-03-08,0.44480976462364197,0.45396695814797233,0.43801789401320024,0.4401551774418058,1270356000
2002-03-11,0.4396202564239502,0.4448096267935806,0.4322945311649654,0.4399261283434194,810540000
2002-03-12,0.4165754020214081,0.42847971075520935,0.41359931801533184,0.42619041956445897,1255032000
2002-03-13,0.4090208113193512,0.41565977381827,0.40749431661233004,0.41268368906292785,1031616000
2002-03-14,0.38635683059692383,0.40596784727718976,0.3855171288256581,0.40596784727718976,1139460000
2002-03-15,0.40268686413764954,0.4031447444043843,0.3817013857021992,0.3891040471560602,1248288000
2002-03-18,0.40268686413764954,0.41886487267753814,0.3981082797944245,0.41001262091922186,1236996000
2002-03-19,0.3941403329372406,0.40634958629598306,0.3917741097125847,0.40558678939439313,846072000
2002-03-20,0.3549933433532715,0.38841702779649223,0.3536957619752109,0.38765330316896524,2292588000
2002-03-21,0.37384167313575745,0.37811531213175925,0.3514825870951612,0.361021629444013,1721712000
2002-03-22,0.37063661217689514,0.38055660175509104,0.3678134639665016,0.38055660175509104,1249140000
2002-03-25,0.3514825403690338,0.3693390449668732,0.35102468757459027,0.36888119217242965,884160000
2002-03-26,0.3586563766002655,0.36758460386075775,0.3458363313790604,0.34781977845786194,1123512000
2002-03-27,0.3472098112106323,0.3603347976238815,0.34110473416181764,0.35316197955876033,1068012000
2002-03-28,0.3385106027126312,0.35178850190497024,0.3195094734624317,0.34957521396217867,3124080000
2002-04-01,0.3329393267631531,0.33553446315080077,0.30951252601763346,0.3197383343812813,2365344000
2002-04-02,0.3242400586605072,0.3410288274824637,0.3223326155447687,0.322943404516259,1438008000
2002-04-03,0.3303450644016266,0.334541798562977,0.3189746111264553,0.3256904774048946,1094640000
2002-04-04,0.3287426233291626,0.33996016985573224,0.3233243378378219,0.32782691749824383,1130964000
2002-04-05,0.3212638795375824,0.3362212049414686,0.3179068472260183,0.33087892484308273,1026900000
2002-04-08,0.33202362060546875,0.33202362060546875,0.3063075282404797,0.30638353230839843,1151316000
2002-04-09,0.311039000749588,0.33805267325753213,0.31027530319008206,0.3353055289095995,1380768000
2002-04-10,0.2938694357872009,0.31592265831960054,0.2716632771881064,0.3135573617748975,3689724000
2002-04-11,0.2809723913669586,0.2952429278311495,0.27776739358080227,0.2915031451623508,1437288000
2002-04-12,0.2799046039581299,0.28951962208579923,0.27112835951171693,0.2872303307558539,1376880000
2002-04-15,0.2911982238292694,0.29600574817631387,0.2846352917099317,0.28532208480101157,1157208000
2002-04-16,0.3038654029369354,0.3073762735377608,0.2979132317292803,0.3042472518692682,854856000
2002-04-17,0.3074522316455841,0.31195481171818634,0.29783718308818635,0.3074522316455841,944484000
2002-04-18,0.3023396134376526,0.3076049880662312,0.29570068061716265,0.30432305973973134,693156000
2002-04-19,0.2817360758781433,0.29570079420564205,0.2813542270453402,0.2921139204462213,1125672000
2002-04-22,0.2831096947193146,0.28883292494071305,0.27853111054219576,0.2786071146247201,808176000
2002-04-23,0.2716631591320038,0.28860393227567926,0.26914492761494857,0.28532200321570045,773508000
2002-04-24,0.24785445630550385,0.2788359460915859,0.24716769077896977,0.2747912205327695,1582956000
2002-04-25,0.25746944546699524,0.2624289749287196,0.24678576137525615,0.24686176541172158,1168296000
2002-04-26,0.23175255954265594,0.2605976759781815,0.23175255954265594,0.2602927317926592,1191120000
2002-04-29,0.27036556601524353,0.27425735586724936,0.2504487093605269,0.2591480219823965,3930852000
2002-04-30,0.2656340003013611,0.2804384147467784,0.25983476887198426,0.2767755383044815,1776504000
2002-05-01,0.27044156193733215,0.27418134356022833,0.2544934275499118,0.2612843967772789,1718904000
2002-05-02,0.25952979922294617,0.2784540131001497,0.2594528945991511,0.2717390768676186,1125084000
2002-05-03,0.24991503357887268,0.2618193791034655,0.2486174509653997,0.25983500312656976,852756000
2002-05-06,0.24037578701972961,0.25487435794079033,0.23839143996925383,0.2434278749981109,1102044000
2002-05-07,0.24640409648418427,0.25083067311482127,0.2343477732319868,0.24571730330354155,1412448000
2002-05-08,0.2747153639793396,0.2789890045780917,0.25487450213776325,0.2631928704670168,1688688000
2002-05-09,0.26296383142471313,0.27952272757956276,0.26250595132687266,0.27387550331885674,1230840000
2002-05-10,0.24327586591243744,0.26937382835861756,0.2403757860472189,0.26838119089884555,1321548000
2002-05-13,0.25800350308418274,0.25884323235637885,0.24373389104689475,0.2457942433661339,800892000
2002-05-14,0.283643513917923,0.2865435946217019,0.26975482719704835,0.2744863467854284,1526112000
2002-05-15,0.2892138361930847,0.29455611744022153,0.27540205405747487,0.2792938719420375,1504548000
2002-05-16,0.2897486686706543,0.2957008392332262,0.28341464921713355,0.2892907884039062,985560000
2002-05-17,0.29890573024749756,0.29974453122709627,0.29020641765432525,0.29760814857854323,934404000
2002-05-20,0.30211085081100464,0.3040942708079769,0.2950140344435669,0.2963875933178839,953412000
2002-05-21,0.2790648639202118,0.3101992629658566,0.27875994711640745,0.3060025292247815,1382604000
2002-05-22,0.2903585135936737,0.29203794452471404,0.2808203971359575,0.28127825008660773,1547988000
2002-05-23,0.2726549208164215,0.2918089850039058,0.2640316102463494,0.29119819605431757,2556780000
2002-05-24,0.26731351017951965,0.2688391042128332,0.2611324282183511,0.2674655183145695,737784000
2002-05-28,0.2567059397697449,0.2698318330186728,0.25136455767576393,0.2696788969546708,1367088000
2002-05-29,0.2663978338241577,0.2674655478154774,0.24869333249104514,0.2525851505352155,1311012000
2002-05-30,0.2625060975551605,0.26883921761329405,0.2558671599243358,0.26097960229115164,1066080000
2002-05-31,0.2553323209285736,0.2651762824969079,0.25487446796294483,0.26403163643757865,674112000
2002-06-03,0.24029982089996338,0.25029581518872024,0.23724683185307524,0.2491511694428221,901248000
2002-06-04,0.2524331510066986,0.2537298051474448,0.23839152713295247,0.2387733759898405,1095432000
2002-06-05,0.24877020716667175,0.2530429451935085,0.23999396259669556,0.25296694113509993,1114308000
2002-06-06,0.24884632229804993,0.2522042567817263,0.24609917689534586,0.246175180987679,739356000
2002-06-07,0.24648091197013855,0.24953300020999875,0.22854750223043405,0.22862442051958742,1371300000
2002-06-10,0.24442055821418762,0.2567058443551706,0.24380979664384772,0.24976193832283974,749148000
2002-06-11,0.23343200981616974,0.24953308598442675,0.23282122080737336,0.24846444401103643,859308000
2002-06-12,0.21328619122505188,0.2319814875402097,0.20351823508536393,0.22786075683597787,2267544000
2002-06-13,0.21107293665409088,0.21885653273751682,0.20435798256719312,0.21488873743343517,1265892000
2002-06-14,0.21504074335098267,0.2166432423902301,0.19642144837883405,0.20328933844130775,1116444000
2002-06-17,0.21694903075695038,0.22267225925588768,0.21320923530982153,0.21984818309763945,1054140000
2002-06-18,0.21580438315868378,0.22206148212929305,0.21175965727658022,0.21427787506490872,1008300000
2002-06-19,0.1819988638162613,0.2052736564430529,0.1803963514718813,0.2052736564430529,2593620000
2002-06-20,0.18032032251358032,0.18734021828553982,0.1779541128868871,0.18238068744609562,1425048000
2002-06-21,0.1729176938533783,0.18634852739705113,0.16925482980543305,0.17940463447412117,1484364000
2002-06-24,0.17612268030643463,0.18154097837011343,0.16330263746909396,0.1684920091203745,1379592000
2002-06-25,0.16154810786247253,0.1793276806822044,0.1604794662769527,0.1793276806822044,1172232000
2002-06-26,0.15315374732017517,0.15857204534366537,0.13926504929349737,0.1432337711479513,2067828000
2002-06-27,0.13033682107925415,0.16002163497514388,0.1282004518531336,0.15880098511411594,3182808000
2002-06-28,0.13110050559043884,0.1365178887335176,0.12537726413648062,0.12820042572229473,1991184000
2002-07-01,0.13079464435577393,0.13430551289009743,0.12804750052710495,0.13048971392880837,1164372000
2002-07-02,0.1225532740354538,0.1297269962902673,0.11919625365835629,0.12926914325441619,1368180000
2002-07-03,0.13316088914871216,0.13338981556436166,0.12171441826844981,0.12179042232967456,1073304000
2002-07-05,0.1449122428894043,0.14498824692565504,0.13857822752220503,0.14269895623088702,739524000
2002-07-08,0.1492619812488556,0.15445135416511127,0.14308088473586322,0.1432338071253929,1587180000
2002-07-09,0.141936257481575,0.15155129322230687,0.13873124556799774,0.14964384985577173,1075080000
2002-07-10,0.13804443180561066,0.14651482014365574,0.1370527082261411,0.14537017417731907,926988000
2002-07-11,0.15208512544631958,0.1526199103219936,0.13606006849806646,0.13728164640197132,1143948000
2002-07-12,0.15193313360214233,0.16086138934647115,0.148804125952905,0.1602506003289571,1344900000
2002-07-15,0.16704243421554565,0.1671184382762711,0.14544614644285023,0.15231403438398974,1495272000
2002-07-16,0.16253985464572906,0.17818306078662047,0.15986871423455698,0.1629217170888044,1773432000
2002-07-17,0.14872804284095764,0.16215795742484998,0.14239402682366256,0.15902986566999683,1922364000
2002-07-18,0.1449122428894043,0.15490912063918266,0.14453038059955212,0.14628581457721535,1243188000
2002-07-19,0.13834929466247559,0.1460568957597296,0.13735758521343686,0.14048659104007657,845772000
2002-07-22,0.13193929195404053,0.1416312547222241,0.12629298246563386,0.13773945165132406,1290744000
2002-07-23,0.12209537625312805,0.13354184933151328,0.11759371078784736,0.13270304815578274,1409652000
2002-07-24,0.12987898290157318,0.13186333057480965,0.12034086725574902,0.12041687133031669,1175100000
2002-07-25,0.11492253839969635,0.12522436392006875,0.11072581095026693,0.12484251513651685,1796448000
2002-07-26,0.1122514083981514,0.12102764076388285,0.1091233155387878,0.11828049613630597,1221900000
2002-07-29,0.11538044363260269,0.11751681351789314,0.11164156777526581,0.11690693869259337,1227720000
2002-07-30,0.12377478182315826,0.12957401443270217,0.11446468014654328,0.11484652891206204,1818012000
2002-07-31,0.08447495847940445,0.092029634887907,0.08348324162411566,0.09019819570185954,4837140000
2002-08-01,0.07638642191886902,0.08516174813687527,0.07630950360483,0.08516174813687527,1725708000
2002-08-02,0.07134994864463806,0.07936247440525677,0.06944159200403906,0.07882769653331773,1795260000
2002-08-05,0.06562676280736923,0.07043428183847596,0.0647870470544127,0.07028135939184238,1330716000
2002-08-06,0.06906066089868546,0.07165488966368085,0.06761017045599542,0.06867881212588924,1168800000
2002-08-07,0.06745817512273788,0.07279955656120564,0.06486303137124433,0.07211277028705737,892980000
2002-08-08,0.07188382744789124,0.07310447731848435,0.0663895180369086,0.06814495271487388,755424000
2002-08-09,0.07020533829927444,0.07249463057279634,0.06875484052061344,0.06997640497834477,581304000
2002-08-12,0.07020533829927444,0.07287556524842702,0.06761019438385249,0.06944162683814417,592800000
2002-08-13,0.06875482201576233,0.07409711658609737,0.06867881794755319,0.07066317227740607,654420000
2002-08-14,0.07341033220291138,0.07402020004986458,0.06944160980336916,0.0700523918824034,632688000
2002-08-15,0.07852279394865036,0.08004929572426624,0.07539378631331976,0.07615749772856725,1140120000
2002-08-16,0.08157487213611603,0.08432202368895303,0.07203675659572577,0.07432604841931864,1657428000
2002-08-19,0.09653220325708389,0.10263638120856822,0.08493280783592995,0.08508573704180827,2243928000
2002-08-20,0.09225855767726898,0.099202444786283,0.09103790756133162,0.09729500841441757,1429488000
2002-08-21,0.0971420481801033,0.09836361896086619,0.09195359775846979,0.09645526214345408,1194876000
2002-08-22,0.09386102855205536,0.09805776225259742,0.09325024660532362,0.09424288410623281,1358496000
2002-08-23,0.08767993748188019,0.09180066728867056,0.08714608062251111,0.09118988531825217,919932000
2002-08-26,0.08836674690246582,0.08996925248088125,0.08424601632293255,0.08935847039592552,698568000
2002-08-27,0.08333030343055725,0.09035111520200062,0.08279643960661155,0.08989325545476842,686712000
2002-08-28,0.07814092189073563,0.08302536358683191,0.07783599138589384,0.08287243439575416,700356000
2002-08-29,0.07913357019424438,0.08271952311957693,0.07653842662975006,0.0771492155986511,815520000
2002-08-30,0.07707318663597107,0.08165176908560952,0.07554668546792073,0.07836984035607736,1065888000
2002-09-03,0.0723416805267334,0.07379125669668368,0.0711210239450012,0.07341032216658001,847284000
2002-09-04,0.07188382744789124,0.07447804955425963,0.06875482053415066,0.07257061356577887,930552000
2002-09-05,0.06913665682077408,0.07150195889001357,0.06867880404011577,0.07119702162424014,714312000
2002-09-06,0.07066316157579422,0.07264660819583126,0.06959451997715624,0.07203674045577399,746460000
2002-09-09,0.07058626413345337,0.0727995520410795,0.06799203477528314,0.07012840437157349,578040000
2002-09-10,0.08065914362668991,0.0843220142269965,0.07012839150363684,0.07020531662348585,2317632000
2002-09-11,0.08462788909673691,0.0908089793947925,0.08317739136617779,0.08317739136617779,1657536000
2002-09-12,0.08195670694112778,0.08706915309063402,0.0810409877156065,0.08256748889456428,1294932000
2002-09-13,0.08065914362668991,0.08500880033248304,0.08012527988362428,0.08111700330455662,796872000
2002-09-16,0.07554669678211212,0.07974342430462945,0.07363925400464093,0.07943849381168193,925464000
2002-09-17,0.07440207153558731,0.08081209574033762,0.07394421851178762,0.07890465908407013,884052000
2002-09-18,0.0723416805267334,0.0747069759853152,0.0701283863647841,0.0732573929927384,811692000
2002-09-19,0.06989947706460953,0.07325741092539595,0.0695185356186288,0.07073918567653699,618492000
2002-09-20,0.07028131186962128,0.07188381712975511,0.0687548106651492,0.07043423421285312,687312000
2002-09-23,0.0672292560338974,0.06982348583850023,0.0667713961932259,0.06913669266617825,521676000
2002-09-24,0.06776311248540878,0.07096812419363062,0.06524488705105486,0.06646553719887734,624444000
2002-09-25,0.0715019702911377,0.07287554249738314,0.06890774141791436,0.0717308967179696,896616000
2002-09-26,0.06768707931041718,0.0736392403785663,0.06661843778955115,0.07287552929422401,739560000
2002-09-27,0.06532087922096252,0.0692896016179029,0.0652448751509919,0.06753416686142505,650688000
2002-09-30,0.06532087922096252,0.06814495576268632,0.06371837365913383,0.0650919527789702,584124000
2002-10-01,0.06883173435926437,0.06944160213890477,0.06348944025125675,0.065855650004127,888360000
2002-10-02,0.06875482201576233,0.07287554563451368,0.06875482201576233,0.06936560408024052,749100000
2002-10-03,0.06539778411388397,0.0690606541931204,0.0652448617732174,0.0679160085726014,590568000
2002-10-04,0.0621158592402935,0.06730523082247601,0.06104813183937372,0.06524486584781969,529788000
2002-10-07,0.05906378850340843,0.062497733424112877,0.058605935548434455,0.06127708330966597,493068000
2002-10-08,0.05730834975838661,0.06120014691836423,0.05494305063491155,0.06104813878280863,714252000
2002-10-09,0.05624063313007355,0.06013243786653736,0.055247995251159206,0.05646956302111932,573132000
2002-10-10,0.059139788150787354,0.06097122008996361,0.055705843883719436,0.055705843883719436,538032000
2002-10-11,0.0672292560338974,0.06829698389968901,0.061048158418776304,0.061429099934875386,994140000
2002-10-14,0.0652448758482933,0.06722923706797125,0.06387130353640441,0.0652448758482933,611484000
2002-10-15,0.07203677296638489,0.07508886256248555,0.07104413497646234,0.07249463279967959,852768000
2002-10-16,0.06600766628980637,0.06776310107075745,0.06486302041863183,0.06715231898360847,578124000
2002-10-17,0.07104412466287613,0.07440205860016612,0.0699763969692909,0.07173091090180168,585792000
2002-10-18,0.07173091173171997,0.07249462311427673,0.06799203629651195,0.07066318402578124,498372000
2002-10-21,0.07821785658597946,0.0808120790652746,0.06913667926967744,0.07073918499019806,930624000
2002-10-22,0.08081205934286118,0.08546665298129101,0.07455496719763317,0.07463097125658129,1272168000
2002-10-23,0.08409310132265091,0.08523774729007824,0.08088808988480313,0.08203273585223046,925428000
2002-10-24,0.07982034236192703,0.0866882232798966,0.07859877156629476,0.08577250400480027,1055172000
2002-10-25,0.08470389991998672,0.08508575566826035,0.07905666624032856,0.0801253083379825,745956000
2002-10-28,0.0851617157459259,0.08928243853510505,0.08462785208919202,0.08859565254067951,1070544000
2002-10-29,0.0814228355884552,0.08592449935961184,0.07714918395895068,0.08531463169563394,772728000
2002-10-30,0.08577252924442291,0.08851968105546869,0.08371216368048147,0.08401710105880644,1139496000
2002-10-31,0.09080895781517029,0.09141882564657848,0.08615345620786562,0.08638238264417289,1255476000
2002-11-01,0.10759680718183517,0.10889438216479501,0.08928245397481707,0.08943538316158085,2128836000
2002-11-04,0.11934821307659149,0.12598716125495676,0.11377789977860121,0.11408283026709634,2688132000
2002-11-05,0.11461759358644485,0.12102761452123395,0.10950423320393486,0.11904325372908452,2034540000
2002-11-06,0.12346898764371872,0.12362192372105836,0.11385395731923703,0.1185094676931531,1646016000
2002-11-07,0.11103075742721558,0.12026392836462885,0.11034396445407127,0.12026392836462885,1660560000
2002-11-08,0.08668825030326843,0.09943137854608437,0.08401710252643377,0.09386106392318977,3798900000
2002-11-11,0.07997234910726547,0.08378814166853119,0.07798890247408038,0.08256749194840429,1378452000
2002-11-12,0.08706916123628616,0.09004524558634129,0.08119391765228307,0.08188071054698914,1381188000
2002-11-13,0.08981631696224213,0.09233454178609549,0.08333029103439152,0.08500880056540956,1802112000
2002-11-14,0.09576848149299622,0.09759991330127261,0.09286931542293037,0.09576848149299622,1138728000
2002-11-15,0.10278929769992828,0.10614723124969418,0.09958428652464724,0.10072893239830082,2054328000
2002-11-18,0.10660506784915924,0.11141258356969672,0.10629922316650398,0.1110307348323261,1982472000
2002-11-19,0.10813069343566895,0.11354899304809662,0.10484967772835373,0.10599432376278005,1971948000
2002-11-20,0.11354896426200867,0.1144646835864548,0.10996209784945307,0.11141259513071618,1292796000
2002-11-21,0.12316405773162842,0.1288112988338479,0.11789867924087902,0.11812760577411587,2053920000
2002-11-22,0.11995898187160492,0.12240120928077636,0.11446467975413312,0.11568532952011167,1251900000
2002-11-25,0.12430864572525024,0.12736073426152583,0.12064578197606556,0.1255292955643065,1230084000
2002-11-26,0.12095071375370026,0.12736073561693104,0.120569779194592,0.12491943591283758,1084332000
2002-11-27,0.13033682107925415,0.13247410453740707,0.1244615703267875,0.1260640826270131,1088556000
2002-11-29,0.1307186484336853,0.13567909323951605,0.12972692516527212,0.13377073652431737,519396000
2002-12-02,0.12972694635391235,0.13941799692414314,0.12911617113042465,0.1376625622611274,1167504000
2002-12-03,0.12117962539196014,0.1275896464728456,0.12095069899162547,0.12728471601637073,1046220000
2002-12-04,0.10668110102415085,0.11446470295365962,0.10629925218254861,0.11263327081751942,2206548000
2002-12-05,0.1076727956533432,0.11431174986142045,0.10507856711781312,0.1135489529700274,1594872000
2002-12-06,0.10782574117183685,0.10988610647849567,0.10133971473424123,0.10301822439717546,1159224000
2002-12-09,0.09920241683721542,0.10599429386900569,0.09836362265391188,0.10431578444780627,969792000
2002-12-10,0.10752082616090775,0.10950427345014217,0.10042401660984454,0.10172067081605811,1389888000
2002-12-11,0.10690999776124954,0.10988607481802082,0.1031711238689042,0.10675706860782576,1364208000
2002-12-12,0.10515457391738892,0.11217538387035612,0.10492564751438162,0.1108778090414609,1302552000
2002-12-13,0.10103387385606766,0.1032471616223963,0.10027107677148607,0.1032471616223963,707724000
2002-12-16,0.10698601603507996,0.10759679803027086,0.10187356271344897,0.10454470969560083,1056972000
2002-12-17,0.10683401674032211,0.11255724570725227,0.10599430144242755,0.1088943818974678,1077744000
2002-12-18,0.09866856038570404,0.10362900600835195,0.09843963395559485,0.10347607682164106,1126836000
2002-12-19,0.09653220325708389,0.10202651331723392,0.09553956546892192,0.09691314468961643,1100604000
2002-12-20,0.09782885015010834,0.10065291967184752,0.09302132697796356,0.09958427796128248,804576000
2002-12-23,0.09851565957069397,0.10088186997793178,0.09729500944186638,0.09759994000470074,498648000
2002-12-24,0.09653220325708389,0.10103387552907195,0.09599742520915343,0.09905042841704316,300336000
2002-12-26,0.09477679431438446,0.0995843123227306,0.09393707874007062,0.09813472873404913,719760000
2002-12-27,0.09118989109992981,0.09759991261795974,0.0903510969068159,0.09737098620201297,702528000
2002-12-30,0.08798489719629288,0.09256348779599494,0.08592453176755835,0.09157176423564528,784740000
2002-12-31,0.08783287554979324,0.0900452487903838,0.08539065482993463,0.08706916433443189,825396000
2003-01-02,0.09393706917762756,0.0950057111481425,0.08844276539099712,0.09157177298715563,1302540000
2003-01-03,0.09393706917762756,0.09729501007809574,0.09233456333797463,0.0942429207973235,1037496000
2003-01-06,0.10156866163015366,0.10309424230028286,0.09615035521594968,0.09622636612015578,1033428000
2003-01-07,0.10126281529664993,0.10591832479590055,0.10011816920694655,0.10355210747605671,1498272000
2003-01-08,0.09118989109992981,0.10156863456336827,0.09050310502946281,0.09866855428162354,1852524000
2003-01-09,0.09279239922761917,0.09500568668181994,0.09187667989145834,0.09401396328208468,1436076000
2003-01-10,0.09439489245414734,0.09576847128085499,0.09035108790491275,0.09157173756960708,924492000
2003-01-13,0.09363211691379547,0.09882148893297386,0.09317425723391264,0.0979817736387418,849120000
2003-01-14,0.09431890398263931,0.09523462335172862,0.09149574863169105,0.09393704836440211,868524000
2003-01-15,0.0914188101887703,0.09515860541849203,0.0914188101887703,0.09439489429330897,904584000
2003-01-16,0.08523774147033691,0.09118990418814263,0.08401709150883,0.0900452582988678,2039976000
2003-01-17,0.08203273266553879,0.08409309805592108,0.08096500504918047,0.08294844531033146,1058832000
2003-01-21,0.07997234910726547,0.0853146429039481,0.0797434158811048,0.08355921526499684,967356000
2003-01-22,0.08004927635192871,0.08210964150474705,0.07951449837327591,0.07974342480242147,550992000
2003-01-23,0.08226163685321808,0.08355921162863225,0.0800492639127776,0.08218563279932316,918456000
2003-01-24,0.07760707288980484,0.081956737417163,0.07623350036337898,0.08157488171679876,897108000
2003-01-27,0.07646241039037704,0.07989635461278209,0.07455497440872157,0.07592854663958187,889116000
2003-01-28,0.0792095884680748,0.08065917207819619,0.07295249360113161,0.0754707124837279,1785480000
2003-01-29,0.08081205934286118,0.08142284815554253,0.07707319180747946,0.07707319180747946,1022040000
2003-01-30,0.07753104716539383,0.08310136026675843,0.07669133873903346,0.08241457419525267,743064000
2003-01-31,0.07875171303749084,0.0808880823873133,0.0745549784082225,0.07524176456049529,949656000
2003-02-03,0.0802781954407692,0.08180377552316001,0.07859876514479774,0.08020127033397888,755556000
2003-02-04,0.07669132202863693,0.08012525846056646,0.07554667655132709,0.07974340294999525,627720000
2003-02-05,0.07737811654806137,0.08050712291636844,0.07707318610289059,0.07836983981402851,581508000
2003-02-06,0.07798892259597778,0.08287244379103431,0.07669135425193634,0.082719521405247,1226184000
2003-02-07,0.07447803020477295,0.07989633414150205,0.07432602211112221,0.07951447862114576,915156000
2003-02-10,0.07539375871419907,0.07592853662650668,0.07119702486350875,0.07440203540969159,982632000
2003-02-11,0.07402019202709198,0.07821784041380915,0.07363925066357,0.07600454618915886,850716000
2003-02-12,0.07440207153558731,0.07714923061416278,0.07341035457217829,0.0740202226049677,641400000
2003-02-13,0.07531779259443283,0.0760805830597762,0.0736392824196232,0.07569964835460745,889164000
2003-02-14,0.09187667816877365,0.09195360328553612,0.08355922070358447,0.08561958576000112,3548844000
2003-02-18,0.0971420481801033,0.09897348670800306,0.09424288909571811,0.09538753476434228,1740516000
2003-02-19,0.09805779904127121,0.09866858121715215,0.0954635695832013,0.09653221153859359,1141212000
2003-02-20,0.09805779904127121,0.10103388419678067,0.09767685757605767,0.09843965473871076,978132000
2003-02-21,0.09813467413187027,0.09836360733210593,0.09462381242892079,0.09798175180285575,913260000
2003-02-24,0.09935536980628967,0.1029422372218391,0.09676114710997982,0.09729501098408906,1137012000
2003-02-25,0.09874458611011505,0.09920244589338635,0.09462385488330205,0.09615035663074131,1239204000
2003-02-26,0.09393706917762756,0.09905043831628231,0.09370814269594657,0.09744793247662938,746892000
2003-02-27,0.09592142701148987,0.09637928677977817,0.09332719761700961,0.0948527850822921,675312000
2003-02-28,0.09630326926708221,0.09653219570798126,0.09019817756088652,0.0929453289648122,1653336000
2003-03-03,0.09470076858997345,0.09920243391912473,0.09347919755300159,0.09744792013537677,702036000
2003-03-04,0.09393706917762756,0.0959214307201238,0.09302134960564627,0.0950057111481425,538392000
2003-03-05,0.09546355903148651,0.09599742283406097,0.09279241155436431,0.09302133800750216,522156000
2003-03-06,0.09386102855205536,0.09561646292943647,0.0934791729978779,0.09470074371396738,548064000
2003-03-07,0.09531062841415405,0.09561647996928033,0.09157175365504046,0.0924114621439712,581148000
2003-03-10,0.09264038503170013,0.09477675405037178,0.09248746268256557,0.09431889441228525,344796000
2003-03-11,0.09332717955112457,0.09485276672109026,0.09225853782879,0.09332717955112457,417144000
2003-03-12,0.09592142701148987,0.09615035348431981,0.09325027930459724,0.09408999476096505,493920000
2003-03-13,0.10546043515205383,0.1060703029509601,0.09828670219191811,0.09874456186275904,1362732000
2003-03-14,0.10240741819143295,0.10683399933468535,0.10164462813833712,0.10584136183475228,1094220000
2003-03-17,0.10835959762334824,0.1104199627905388,0.10049999939508954,0.10072892582583198,1307808000
2003-03-18,0.10752082616090775,0.10919933606591725,0.1053075381601895,0.10797868594204547,932280000
2003-03-19,0.10805466771125793,0.10881745789647695,0.1042388746758276,0.10774973039000212,712992000
2003-03-20,0.10904639959335327,0.11133569138091272,0.1052315204946191,0.1080546760767472,780060000
2003-03-21,0.10805466771125793,0.11316711468514472,0.10317114716935276,0.11278618011986903,1681800000
2003-03-24,0.10400992631912231,0.10683400232730014,0.10301820302329137,0.10362899180915779,839016000
2003-03-25,0.10698601603507996,0.10858852137797996,0.10393392770040992,0.10431578328488363,672828000
2003-03-26,0.10996216535568237,0.11179360512890311,0.10851258823913648,0.1093522971938545,1107840000
2003-03-27,0.10683401674032211,0.11080181786822516,0.1065281651901725,0.10851252628145308,1392732000
2003-03-28,0.10248436033725739,0.10721495879581949,0.10080493644670653,0.10683402420783625,1290684000
2003-03-31,0.0982866957783699,0.1005759939831899,0.09782884296003239,0.09935533741039353,680508000
2003-04-01,0.10118678957223892,0.102255431347872,0.098134700848058,0.10034707423653888,533808000
2003-04-02,0.10492563247680664,0.10668105986013476,0.10324712337140714,0.10462069523784806,771900000
2003-04-03,0.10629923641681671,0.1068340143848017,0.10408685635409318,0.1068340143848017,702780000
2003-04-04,0.10217848420143127,0.10675706628857336,0.10172062462819198,0.1066050581929115,513840000
2003-04-07,0.10324713587760925,0.1098860832890339,0.10225541258530395,0.10904637493003708,671256000
2003-04-08,0.1022554337978363,0.10469673368474197,0.10156864763895489,0.10416287672279813,475032000
2003-04-09,0.10172068327665329,0.10538355515182149,0.10156867509334902,0.1026364029511027,694260000
2003-04-10,0.1022554337978363,0.10324715729587118,0.10126279606770731,0.10309422809893361,364104000
2003-04-11,0.10111077129840851,0.10423886365242642,0.10011813373151303,0.10340006266663752,374184000
2003-04-14,0.10286527127027512,0.10317112275118356,0.09927931974757691,0.09958425699666128,445776000
2003-04-15,0.10233142226934433,0.10362899714082197,0.09966027528949385,0.10217849991834611,490212000
2003-04-16,0.10233142226934433,0.10492565095771833,0.10149170704153315,0.10469671772457184,671988000
2003-04-17,0.10416287928819656,0.10439180573925268,0.10095786803764453,0.10309423063801261,520740000
2003-04-21,0.10683401674032211,0.10713894723581359,0.10332315423964077,0.10431579190129658,597144000
2003-04-22,0.10820760577917099,0.1082836098568474,0.10454473457753657,0.10629925527981833,787392000
2003-04-23,0.11064893007278442,0.11133571639885258,0.10721498479718523,0.10805470035741904,606204000
2003-04-24,0.10736788809299469,0.11072582164513199,0.10591830487881529,0.11072582164513199,660912000
2003-04-25,0.10340007394552231,0.10858853182595413,0.10240743627034986,0.10675709307349633,884652000
2003-04-28,0.1065281555056572,0.10843651235758324,0.1034000631373977,0.1046207128856791,674988000
2003-04-29,0.10981009900569916,0.11133568624651938,0.10813067516268841,0.10897039049550748,670344000
2003-04-30,0.1093522235751152,0.11217538544358222,0.10874144159192847,0.10919930122699073,466620000
2003-05-01,0.11003903299570084,0.11110676054266455,0.10797866773922746,0.10858853558223848,733368000
2003-05-02,0.12133254110813141,0.12209533796885882,0.11087780169008872,0.11148858362421363,1691088000
2003-05-05,0.12430864572525024,0.13003188824274717,0.1202639195437414,0.12247722067328488,1576164000
2003-05-06,0.1244615837931633,0.12766659509513303,0.1224772361295479,0.12369788612264657,1143864000
2003-05-07,0.12247727066278458,0.12552934679952107,0.1203409006031522,0.12263019308643161,897372000
2003-05-08,0.1225532740354538,0.12743770382049277,0.11942518017628186,0.12095076111945595,1957452000
2003-05-09,0.16307373344898224,0.164295297616072,0.13964693191181954,0.14369165841125267,9230856000
2003-05-12,0.15849512815475464,0.16711843692379885,0.15719846068256324,0.1634555597461002,3007860000
2003-05-13,0.1555190086364746,0.15796122184896771,0.1521619905687082,0.1530776960104862,1824108000
2003-05-14,0.15536706149578094,0.15796128381169047,0.15338270022578088,0.15605384084651414,965580000
2003-05-15,0.1607084423303604,0.1610133728536566,0.15681663809082572,0.15765635346528875,1105656000
2003-05-16,0.16223491728305817,0.16505807935354075,0.1584951352901762,0.1587240617127753,1028916000
2003-05-19,0.15307773649692535,0.1616241272986431,0.1511693931887438,0.1600976327694464,1220484000
2003-05-20,0.15414544939994812,0.15529009504209895,0.15261986924677134,0.15330666209016278,884124000
2003-05-21,0.1595637947320938,0.15963979880407927,0.153382698762914,0.154222414128428,905472000
2003-05-22,0.1600976288318634,0.16154811926238707,0.15605381706745153,0.15979269835537316,888816000
2003-05-23,0.1592589169740677,0.16330273100227413,0.1585721373435134,0.1602506408970785,867612000
2003-05-27,0.17337557673454285,0.1739863520548572,0.15452735682209906,0.15757944589508668,1677408000
2003-05-28,0.1729176938533783,0.17474913269997844,0.16864495512954164,0.17284168978257136,1235556000
2003-05-29,0.18474595248699188,0.19062211585683422,0.17245978261335632,0.1728416313023751,2297736000
2003-05-30,0.1997024565935135,0.20321332663033848,0.1972611563788641,0.20222068876694818,2142312000
2003-06-02,0.18863780796527863,0.2051207293183777,0.1874171580989231,0.20489178924216467,1566144000
2003-06-03,0.1925296187400818,0.1982528479444684,0.18421215370054272,0.18650144538229738,1596804000
2003-06-04,0.1971082091331482,0.19726113150870792,0.18894275194043783,0.19191883669095822,1175604000
2003-06-05,0.2027554214000702,0.20344221434292042,0.19191882431965201,0.1945139743121391,1204404000
2003-06-06,0.19657430052757263,0.21175963716481103,0.1950477925787769,0.21069099563556853,1378836000
2003-06-09,0.19420810043811798,0.20038919549476983,0.19123201611692414,0.19535274615469203,720588000
2003-06-10,0.19703225791454315,0.1971842660987769,0.19207181058902162,0.19420818054993336,563304000
2003-06-11,0.19718416035175323,0.19893959467831962,0.19230063396966024,0.19581058839093649,943836000
2003-06-12,0.19420810043811798,0.2006950402017685,0.19359823948806004,0.19855775689015004,1046688000
2003-06-13,0.17909888923168182,0.19115614351662769,0.17780223450185248,0.18581476002818476,1826808000
2003-06-16,0.1829146444797516,0.1852039368998058,0.16925488040769715,0.18123612750502824,1904868000
2003-06-17,0.18726423382759094,0.18848488368151808,0.18161699530590264,0.18711131146449667,999852000
2003-06-18,0.19443704187870026,0.1981768376696901,0.1839062895561877,0.18543279780374886,1122072000
2003-06-19,0.18260960280895233,0.1962684453618873,0.18161696531553997,0.19527672210035102,1190532000
2003-06-20,0.18070131540298462,0.18467003843482224,0.17780216220483294,0.18459312012046616,937848000
2003-06-23,0.17429129779338837,0.18146503269469846,0.1707053513976185,0.18054931310522776,734784000
2003-06-24,0.17391036450862885,0.17703845795694292,0.16833914225630311,0.1732235713997992,1008816000
2003-06-25,0.17505499720573425,0.18146502024707498,0.17368142473837742,0.17436821779468414,1060620000
2003-06-26,0.17528390884399414,0.1776492183625032,0.17009453631815752,0.17558885301318264,960540000
2003-06-27,0.17215487360954285,0.1789467574757958,0.17131517201543686,0.17734424528961162,709104000
2003-06-30,0.17482605576515198,0.17787814463350954,0.17245984566217615,0.1744442069365348,544128000
2003-07-01,0.1819988638162613,0.18222779025252855,0.1710102447776323,0.17261275712201232,977016000
2003-07-02,0.1814649999141693,0.18604359703442755,0.17894678173196857,0.18367737334871034,846828000
2003-07-03,0.1794046014547348,0.18405920178536372,0.17688638373807844,0.17726731825409262,420912000
2003-07-07,0.19115595519542694,0.1921476782635064,0.18176986584053106,0.18184586987868795,832200000
2003-07-08,0.18901965022087097,0.19153788181005016,0.1854327905801796,0.18589064342625558,602856000
2003-07-09,0.1933693140745163,0.19649740675416447,0.18863780849635206,0.18894273899447678,755352000
2003-07-10,0.1854327917098999,0.18978244835513636,0.18215177676793995,0.18734023446000989,644568000
2003-07-11,0.18642452359199524,0.1887907335305502,0.18482201125760753,0.18764608771109664,495000000
2003-07-14,0.18497495353221893,0.19230068156662397,0.18405923411660455,0.19115603570841974,694344000
2003-07-15,0.17894679307937622,0.18856182717374625,0.17719135819082624,0.1877221117673157,1143456000
2003-07-16,0.17673349380493164,0.18314351611859336,0.17245984085179383,0.1823038007666483,880476000
2003-07-17,0.16788126528263092,0.17360450899767602,0.1655919732547156,0.1713921352824789,853764000
2003-07-18,0.16223491728305817,0.16513408341707278,0.15620583012842387,0.16460021286308876,1280832000
2003-07-21,0.1597927361726761,0.16368452709062614,0.15597693568858598,0.16315067007242956,985140000
2003-07-22,0.16246391832828522,0.1655160082232472,0.16154819857202832,0.164295357840799,582444000
2003-07-23,0.16460020840168,0.16559193177398202,0.15742740356046855,0.16231091694723157,605328000
2003-07-24,0.15819022059440613,0.1687969785237118,0.15681664815796703,0.1675763284747952,1116828000
2003-07-25,0.1607084423303604,0.16162414813236345,0.15261990332799483,0.15849515460763738,1002084000
2003-07-28,0.1557479202747345,0.1623868659715744,0.1550611276130705,0.16200593156134482,703752000
2003-07-29,0.1455230861902237,0.15384055154847118,0.14010478728636186,0.14163129564021715,2794788000
2003-07-30,0.14392058551311493,0.1466677301421819,0.1430048660883409,0.14498831307974747,788724000
2003-07-31,0.14567509293556213,0.14941488895105917,0.14414951247371216,0.1472776053459637,897600000
2003-08-01,0.15048262476921082,0.151704189013208,0.14430152852503816,0.14575203287253707,767556000
2003-08-04,0.15612980723381042,0.1588769649094216,0.1494148558532835,0.15033057507848724,1428852000
2003-08-05,0.15567199885845184,0.16383745651534648,0.1543744305274295,0.16017457856947967,1063488000
2003-08-06,0.14933794736862183,0.1556719646611555,0.1455990661680454,0.1536115996805308,1025868000
2003-08-07,0.1472775787115097,0.1510933781081386,0.145294132071704,0.1489570091214906,1040340000
2003-08-08,0.11828044056892395,0.126826828242771,0.11644900258076696,0.12629295788792558,3767580000
2003-08-11,0.12469050288200378,0.1262930014403296,0.11942512708421316,0.12018791039406475,1675752000
2003-08-12,0.1272086799144745,0.12751361029413286,0.12423259652408604,0.12629296089856656,764160000
2003-08-13,0.12804760038852692,0.1301079666894872,0.12453765699395482,0.12774266972375287,693552000
2003-08-14,0.12362188845872879,0.12560624987049684,0.122248302368619,0.12377481084718803,1527696000
2003-08-15,0.12323999404907227,0.12400370520670578,0.12209534836719042,0.12285905952482394,217716000
2003-08-18,0.12690289318561554,0.12690289318561554,0.1230110890042037,0.12522437669387199,717684000
2003-08-19,0.13659481704235077,0.13735761394397192,0.1296500112345499,0.12972692952252596,1403976000
2003-08-20,0.13468648493289948,0.13720470308577487,0.13171040025070269,0.13468648493289948,870348000
2003-08-21,0.13834929466247559,0.1396468760261192,0.13583107749757492,0.13796836022992634,644748000
2003-08-22,0.13934201002120972,0.1486511856538752,0.13926507806852387,0.1466677385487828,1002396000
2003-08-25,0.13857831060886383,0.14201224870988383,0.13735766049337042,0.14201224870988383,434028000
2003-08-26,0.13636592030525208,0.13888413854465367,0.13262612422113615,0.1368237732050504,768984000
2003-08-27,0.14048665761947632,0.1419362341051842,0.13583114187063386,0.13728164623375297,567816000
2003-08-28,0.13682372868061066,0.14262297398505872,0.13522123040753745,0.14186017716573535,828312000
2003-08-29,0.13865521550178528,0.13926507656176051,0.1360600652486526,0.13659485011155478,532884000
2003-09-02,0.13743361830711365,0.14231804558915356,0.13674682546002087,0.14109648165268598,711456000
2003-09-03,0.13476333022117615,0.1398757814722773,0.13407655126716828,0.13949393286507786,849972000
2003-09-04,0.13606008887290955,0.13926510074250703,0.13430558158541994,0.13529730529943035,740064000
2003-09-05,0.14254701137542725,0.14575202249851718,0.1346864848849893,0.13628899726916174,1198740000
2003-09-08,0.14910900592803955,0.15078842256540154,0.14308083394448046,0.14483626827878615,1508712000
2003-09-09,0.15826621651649475,0.16383745157552124,0.14300487141097604,0.14498831847620638,2489436000
2003-09-10,0.14743053913116455,0.15788528882382522,0.14620988909173965,0.15376455790129429,1380624000
2003-09-11,0.1455230861902237,0.15376454747654034,0.13964693439056883,0.1494148903854855,2612736000
2003-09-12,0.14765943586826324,0.15086444664664758,0.14269900416776596,0.1443015027343314,1162404000
2003-09-15,0.14521726965904236,0.14964384591436927,0.14468341258757159,0.148880134472974,596028000
2003-09-16,0.14971980452537537,0.15017767101633125,0.1455230702694255,0.1455230702694255,620736000
2003-09-17,0.15147528052330017,0.1543744474526571,0.14941491486417074,0.15063556502081885,902784000
2003-09-18,0.15261991322040558,0.1526959172981274,0.14895704883921013,0.15063555181956234,603492000
2003-09-19,0.15139831602573395,0.1553670379646509,0.15002474388704665,0.1543744003639342,648096000
2003-09-22,0.14544619619846344,0.14872812634766944,0.14422554600418536,0.14842228153620293,735504000
2003-09-23,0.14681971073150635,0.14765942592776818,0.14376763615938995,0.1456750650766595,628932000
2003-09-24,0.13567911088466644,0.1449882987061308,0.13545018446248167,0.14369164482316413,1600668000
2003-09-25,0.13377073407173157,0.13918903156304743,0.13316087319106715,0.13674681805428926,736776000
2003-09-26,0.12865835428237915,0.13377081000345747,0.12690293258709728,0.13338987529478036,895908000
2003-09-29,0.12171448767185211,0.12652199972281974,0.11980612967477537,0.12217234076422574,1944996000
2003-09-30,0.12186641246080399,0.12598714205248332,0.12018789639139087,0.12064576281560624,1020888000
2003-10-01,0.12285902351140976,0.12430859923416751,0.12179038220123782,0.12209531257764127,877224000
2003-10-02,0.12476654350757599,0.1265219649351082,0.12171445420598453,0.12209538885655871,857628000
2003-10-03,0.12804760038852692,0.13125261311832495,0.12598723408756662,0.12820052283718325,862812000
2003-10-06,0.1270558089017868,0.1295740269782124,0.1259871671487925,0.12827645879013477,377028000
2003-10-07,0.1282004714012146,0.1282004714012146,0.12530039049974695,0.12705582543162613,510588000
2003-10-08,0.12369789928197861,0.12934512540304482,0.12293510211718896,0.12820047936237464,739440000
2003-10-09,0.12545330822467804,0.13033683610922714,0.12446158467924773,0.12552931229941827,852408000
2003-10-10,0.12766659259796143,0.1285823120442206,0.12591117142341102,0.1274376661477105,413976000
2003-10-13,0.12896327674388885,0.13163441770559864,0.1281244754954049,0.12911619914094377,434904000
2003-10-14,0.1313294917345047,0.1317104263921129,0.1268269114891487,0.12758969503662715,623556000
2003-10-15,0.12964999675750732,0.13529723394492252,0.12881120953873676,0.13285500693681213,703488000
2003-10-16,0.13125257194042206,0.13171042491021012,0.12781863373123914,0.1298029816563288,446088000
2003-10-17,0.12713181972503662,0.13300797150804772,0.1269798115816055,0.13048975329780818,459696000
2003-10-20,0.12995591759681702,0.13010792576512187,0.12644504742875956,0.1272087588445453,467388000
2003-10-21,0.13392367959022522,0.13644191123226151,0.13048974223681653,0.13232118095006948,758724000
2003-10-22,0.13163436949253082,0.1349153840215363,0.13094759030567205,0.1318632958881504,620952000
2003-10-23,0.13102363049983978,0.13354184883674713,0.12949803630567136,0.12972696276443457,451524000
2003-10-24,0.13056574761867523,0.13171039341468707,0.12850538245680312,0.12972694655088754,447084000
2003-10-27,0.13125257194042206,0.13277906689572366,0.13033685235558845,0.13125257194042206,254460000
2003-10-28,0.1394939422607422,0.1402576395265802,0.13239713040791984,0.13300790537426088,956064000
2003-10-29,0.1394939422607422,0.14117335850551682,0.13529720964422662,0.1353732136781517,494004000
2003-10-30,0.13689975440502167,0.1431568534510179,0.13667082799337055,0.1430808493911206,581256000
2003-10-31,0.13491545617580414,0.13926511459983004,0.1327790861275946,0.13812046836431058,598152000
2003-11-03,0.13743361830711365,0.1400287542925143,0.13361873320382334,0.13422860776276818,773724000
2003-11-04,0.13789153099060059,0.1407916123375204,0.1369758113452241,0.14040974978144208,700896000
2003-11-05,0.13842624425888062,0.13979981619286744,0.13285501095071958,0.13506829800590897,882024000
2003-11-06,0.13865521550178528,0.14117343380306444,0.1361369835552504,0.14048665443649144,1175280000
2003-11-07,0.16597381234169006,0.16833910811628267,0.16177707774514855,0.1652870193721455,4292820000
2003-11-10,0.16551589965820312,0.1687969139288343,0.16452417645399434,0.16650762286241189,1210056000
2003-11-11,0.16139520704746246,0.16460021799962724,0.15849514023619873,0.16177706948629886,799140000
2003-11-12,0.1635315865278244,0.16406637136404026,0.16009764893054926,0.16086136021086578,617664000
2003-11-13,0.16360849142074585,0.1658977966098794,0.1626158537776882,0.16353157312429084,580332000
2003-11-14,0.15391652286052704,0.16406633916425567,0.15345867006218425,0.16406633916425567,888420000
2003-11-17,0.15231403708457947,0.15414546207546906,0.1495668791303648,0.15101738322415734,599880000
2003-11-18,0.15010161697864532,0.15796121231923968,0.1495668323701182,0.15605377021736205,991428000
2003-11-19,0.15429842472076416,0.154909200018772,0.1506355468159803,0.15116941745190343,567552000
2003-11-20,0.1501777023077011,0.15521413924084304,0.14956691333024447,0.15185620532626473,738852000
2003-11-21,0.15078844130039215,0.1522380311443154,0.14788837467107818,0.15200909108368185,543240000
2003-11-24,0.1598687469959259,0.1602505958719979,0.15116943162436813,0.15223807358328942,940644000
2003-11-25,0.1626157909631729,0.16398937627512133,0.15872400229998218,0.16055542664049896,822804000
2003-11-26,0.16276884078979492,0.165820916630539,0.15971675130379262,0.16528705954813178,430032000
2003-11-28,0.16200599074363708,0.16315063650106096,0.1606324185637792,0.1626927836561929,206136000
2003-12-01,0.1642952412366867,0.16551589075281187,0.1619290320171626,0.1638373885061369,526980000
2003-12-02,0.16360849142074585,0.1669655104401103,0.1626158537776882,0.16330264669895367,574740000
2003-12-03,0.16192905604839325,0.16940771868459514,0.16154810789233245,0.16406633921982794,710028000
2003-12-04,0.16109026968479156,0.16536300795085018,0.1572744700267089,0.16246384184995064,521952000
2003-12-05,0.15590089559555054,0.16177706023858932,0.15460332751191536,0.1572744677407449,559848000
2003-12-08,0.15704558789730072,0.15864810057964418,0.15452736927676955,0.1559009418293086,340980000
2003-12-09,0.14888012409210205,0.15826623243274357,0.14880412001070048,0.15674065176614754,598128000
2003-12-10,0.15216203033924103,0.15300081772560123,0.14880408351680446,0.1488800875795662,568656000
2003-12-11,0.1598687469959259,0.16177710443457108,0.1517802069796375,0.15208513754115768,694872000
2003-12-12,0.15902991592884064,0.16307372806261788,0.15643477953921556,0.16200600053613448,700692000
2003-12-15,0.1558249443769455,0.16391348492648597,0.1553670913883659,0.16368454478693814,622752000
2003-12-16,0.15796127915382385,0.15895300264352386,0.1521620457697308,0.15490919038216827,601728000
2003-12-17,0.1549091935157776,0.1571984852875365,0.1523140569917823,0.15666371408717528,499116000
2003-12-18,0.1584191769361496,0.1600216897852628,0.15506124246681977,0.1552141648831821,436728000
2003-12-19,0.16078442335128784,0.1648291493886303,0.15902990301322859,0.16238692192029636,916956000
2003-12-22,0.16101336479187012,0.16139521360095738,0.15681663023916576,0.15841912895769092,371184000
2003-12-23,0.16757634282112122,0.16917885550520595,0.16032660387503844,0.16040352219147128,722760000
2003-12-24,0.16635559499263763,0.16803411077536953,0.16589774229187276,0.16750024038979924,210852000
2003-12-26,0.1735285073518753,0.17452023098651825,0.1669655480850414,0.16765234116115485,363960000
2003-12-29,0.18085423111915588,0.18146500640422827,0.17597070330867082,0.17680950445976149,756624000
2003-12-30,0.1812361180782318,0.1846700565297006,0.17879390336578305,0.1789468257772526,550884000
2003-12-31,0.17703841626644135,0.18199886197226534,0.17413924998870475,0.1811591466585195,497268000
2004-01-02,0.17612268030643463,0.18230377531270672,0.17612268030643463,0.17986247577792708,436416000
2004-01-05,0.18184596300125122,0.18306752727275477,0.1771913614298792,0.17879387396419608,575292000
2004-01-06,0.18924860656261444,0.19176682472308093,0.18047236062953675,0.1813120759754717,1093344000
2004-01-07,0.19092711806297302,0.19184283752078002,0.18581466379399142,0.18711133149753378,673032000
2004-01-08,0.19161392748355865,0.19420815005450895,0.18978248841104192,0.1932924305182506,433752000
2004-01-09,0.19436104595661163,0.19672635537768812,0.1887907390633416,0.19031633314279123,766584000
2004-01-12,0.19657430052757263,0.19718416140540046,0.1932163541910673,0.1950477925787769,541980000
2004-01-13,0.18642452359199524,0.19749004721649907,0.1843641583879279,0.19558169014762372,865800000
2004-01-14,0.18505088984966278,0.19001132028132683,0.18329636996306864,0.18734018072789263,544872000
2004-01-15,0.18535679578781128,0.18688237617495604,0.1803963500702693,0.18367736515635236,609204000
2004-01-16,0.18817996978759766,0.18978246857461095,0.18550881553819917,0.18726425034705207,451728000
2004-01-20,0.1934453248977661,0.19375025538503235,0.18833287129175427,0.19046924045713826,487764000
2004-01-21,0.18451711535453796,0.19260565532027013,0.1842121847949237,0.1918428581598658,494460000
2004-01-22,0.18024343252182007,0.18848489354576922,0.1780310591268103,0.1855088088820926,605724000
2004-01-23,0.17619961500167847,0.182914581163269,0.17581776620147943,0.1793277077101129,482472000
2004-01-26,0.1831434816122055,0.18390626487233097,0.17597066360088923,0.17734423565351817,393684000
2004-01-27,0.17268875241279602,0.18238070335082499,0.1713151802197527,0.1794806229590597,934104000
2004-01-28,0.17223088443279266,0.17764919638453414,0.17131517874216431,0.17490203837688775,615204000
2004-01-29,0.16719448566436768,0.1736045087930789,0.16139523787564616,0.17276570756656817,929700000
2004-01-30,0.1697896271944046,0.1736045136178223,0.16582090414145645,0.16681354202080925,466464000
2004-02-02,0.1725367307662964,0.17589374951229453,0.16940772419505418,0.17116315868087112,560844000
2004-02-03,0.17192599177360535,0.17505499925145637,0.16963669975283868,0.172078914166357,418032000
2004-02-04,0.16727137565612793,0.17085732124765704,0.16704244922141728,0.16948374899413876,436800000
2004-02-05,0.1697896271944046,0.17169707040611346,0.16711848622843273,0.16818712819031922,331980000
2004-02-06,0.17368142306804657,0.17612272319735256,0.1710862726718053,0.1720019921896554,471132000
2004-02-09,0.1724599003791809,0.17780219697260766,0.17238389628218953,0.17497811942687616,373992000
2004-02-10,0.1787937879562378,0.17894671026899758,0.17291762494006438,0.17299454321230734,509700000
2004-02-11,0.18505088984966278,0.18566166488364014,0.18047229444795312,0.18108308312718044,737808000
2004-02-12,0.179480642080307,0.18505096280063763,0.17665749332924505,0.18405923928699583,974892000
2004-02-13,0.17780210077762604,0.1823037650613577,0.1732235045608597,0.1747490983602587,1747500000
2004-02-17,0.1797855794429779,0.18032035062519347,0.17604669774681922,0.17848891181182797,575976000
2004-02-18,0.1797855794429779,0.1812360700318762,0.17856491588125564,0.18032035062519347,320244000
2004-02-19,0.17970958352088928,0.18520388656482145,0.179327721047036,0.1819988753187564,631032000
2004-02-20,0.18421219289302826,0.18467004586868885,0.1784120305082726,0.17940466842230385,618120000
2004-02-23,0.17780210077762604,0.18421212183584654,0.1753598735029629,0.18390626350328662,853332000
2004-02-24,0.17070531845092773,0.17696241832286977,0.1687969613234502,0.1747491306835926,708384000
2004-02-25,0.17169706523418427,0.1749780808713138,0.16986562616017647,0.17177306931442854,652512000
2004-02-26,0.17284174263477325,0.17452025962093237,0.17070537261958763,0.1742153153671121,344976000
2004-02-27,0.1697896271944046,0.1733755871379897,0.1671944903109664,0.17322356532766514,595548000
2004-03-01,0.1723078489303589,0.17261277947418247,0.1691028374718265,0.16933176393773816,506628000
2004-03-02,0.16910280287265778,0.17375738989747969,0.16841600997018724,0.17253674009450334,813348000
2004-03-03,0.166889488697052,0.1686449231398629,0.16414234459350324,0.1686449231398629,552492000
2004-03-04,0.17055240273475647,0.17085733325845595,0.16719446910983315,0.16856804145990978,413352000
2004-03-05,0.16933172941207886,0.17322351947483508,0.1661267186070277,0.1667365795703281,354888000
2004-03-08,0.1634555608034134,0.17169702086129213,0.16215799273612,0.16940772943304877,465168000
2004-03-09,0.1623108983039856,0.1649820518681915,0.15956375433228945,0.1648291295308342,371232000
2004-03-10,0.15994559228420258,0.16513404884858543,0.15880094676556872,0.16337952884010415,481692000
2004-03-11,0.15872403979301453,0.16345554453165875,0.157808320583825,0.157808320583825,526872000
2004-03-12,0.1620819866657257,0.16406634759498764,0.15910590238781103,0.1608613369061379,377952000
2004-03-15,0.1584191769361496,0.16177712505073835,0.15742746681065808,0.16109033188036714,421224000
2004-03-16,0.1652110517024994,0.16597384890989123,0.15933488512890986,0.16040352714697897,597504000
2004-03-17,0.16925480961799622,0.1708573081836961,0.1671944445726296,0.1678812238242495,524592000
2004-03-18,0.1711631715297699,0.17322352298994811,0.16788122871846212,0.16833909521147694,528048000
2004-03-19,0.16917888820171356,0.1720020379395767,0.16818716434142553,0.1702475303933001,452964000
2004-03-22,0.16788126528263092,0.16917884733507457,0.16406639260599581,0.1665846111076513,576708000
2004-03-23,0.16856801509857178,0.17200195225937828,0.16666057242703017,0.17017052729410015,576036000
2004-03-24,0.17612268030643463,0.17894675648308087,0.16788122029807187,0.1682630827079762,787344000
2004-03-25,0.18634852766990662,0.1872642470945475,0.177802135977629,0.17810706649339367,997128000
2004-03-26,0.18581464886665344,0.1887138151545131,0.18329643079392585,0.18581464886665344,551604000
2004-03-29,0.19382713735103607,0.19634535482750773,0.1881039096112135,0.18848484409089458,985764000
2004-03-30,0.19962641596794128,0.2005421353501687,0.19237667862277438,0.1925296146348742,724956000
2004-03-31,0.20145784318447113,0.2035942123281066,0.19955040046195643,0.20061812791777564,604752000
2004-04-01,0.19787101447582245,0.20580753190824916,0.1928345641983424,0.20168680110351603,1319508000
2004-04-02,0.20069503784179688,0.20351819977629385,0.1961164550293402,0.20222063172147856,649740000
2004-04-05,0.20786786079406738,0.20870757604438891,0.19962640063239434,0.19962640063239434,576744000
2004-04-06,0.1994735151529312,0.20519675849889868,0.19840578752054686,0.2037471683789135,624096000
2004-04-07,0.19840577244758606,0.20107601238046408,0.19489491658612224,0.20100000831062848,447864000
2004-04-08,0.20405207574367523,0.2060364368640515,0.20130493125737045,0.2028314258665263,447096000
2004-04-12,0.2002371996641159,0.2065703032310333,0.1990156355798258,0.2056545838725151,443784000
2004-04-13,0.19558168947696686,0.20222065158133767,0.19458997967341224,0.20206864344666695,442704000
2004-04-14,0.19657430052757263,0.20023716365774022,0.19237663904897562,0.19458993980447534,512016000
2004-04-15,0.1862725168466568,0.1947429041609668,0.18543280152337357,0.19390318883768357,828084000
2004-04-16,0.18016742169857025,0.18558572022683034,0.1797855729011782,0.18550880192812755,654864000
2004-04-19,0.17993849515914917,0.18123606332912956,0.17673348417691953,0.18001449922576598,522804000
2004-04-20,0.1723078489303589,0.18238073623777942,0.17223091697501466,0.1803963748319736,513804000
2004-04-21,0.1725367307662964,0.17856488962489311,0.1712391627391231,0.1729945835796872,688812000
2004-04-22,0.1735285073518753,0.17642858840644685,0.16734741060262534,0.1709342710880533,695520000
2004-04-23,0.17734424769878387,0.18032033205266002,0.17513096030209507,0.17566483084250425,443928000
2004-04-26,0.1703995168209076,0.17848895815190302,0.1699416501760655,0.17772526033105596,429912000
2004-04-27,0.1689499169588089,0.1769624531638233,0.16833914158287816,0.17238386884396228,494568000
2004-04-28,0.16826307773590088,0.17162101069826402,0.1669654960694931,0.16902586101070122,468768000
2004-04-29,0.16360849142074585,0.16841601457909622,0.1613952039413073,0.1672713688071564,645048000
2004-04-30,0.15658767521381378,0.1636844753999631,0.15597688643193744,0.16269276575586297,512928000
2004-05-03,0.15460333228111267,0.15986870825291286,0.15185617426072628,0.158266195996374,610668000
2004-05-04,0.16444727778434753,0.16643163866122854,0.15643475809635526,0.15681660684848617,772380000
2004-05-05,0.16582094132900238,0.16727144613857253,0.16322671809600678,0.16460029092830147,464280000
2004-05-06,0.16719448566436768,0.1684920540700253,0.16063245437481363,0.16414239649306103,711348000
2004-05-07,0.16849204897880554,0.17528392076881033,0.16757632946733697,0.17207890930129857,956772000
2004-05-10,0.16192905604839325,0.1657448417156026,0.15834309736709018,0.16398942093213845,669072000
2004-05-11,0.16589784622192383,0.1675003453237682,0.16330269553491367,0.16398948866156585,399936000
2004-05-12,0.16360849142074585,0.16521100368861394,0.15788526256104676,0.16498207726327677,482328000
2004-05-13,0.1641424000263214,0.16711848518126862,0.16177710386976832,0.1622349568265646,347952000
2004-05-14,0.1641424000263214,0.16772926053440562,0.16330268454952918,0.16482919310677294,459000000
2004-05-17,0.16154810786247253,0.1639134168460616,0.1591058942364606,0.16177704790693154,308340000
2004-05-18,0.1641424000263214,0.16604984322607821,0.16238696499067948,0.16299775398907357,204420000
2004-05-19,0.1637604981660843,0.17017053353814707,0.16292171076827716,0.16780522430455594,498276000
2004-05-20,0.16139520704746246,0.16620273029833674,0.16055549174914005,0.16345557220565798,421488000
2004-05-21,0.16177710890769958,0.16353161612049602,0.15956382084633694,0.16330268963496883,282096000
2004-05-24,0.1612423062324524,0.163073745205663,0.15933486318318055,0.1614712326927897,301620000
2004-05-25,0.16826307773590088,0.16902586101070122,0.15864804589201392,0.16192906056454237,681264000
2004-05-26,0.17169706523418427,0.17398635725406564,0.16727140358711406,0.1682631272043622,524568000
2004-05-27,0.17223088443279266,0.1771153258304149,0.1720019580101356,0.17452018959512489,556548000
2004-05-28,0.17894679307937622,0.17993851663718452,0.17299462326822793,0.17436820931403504,637980000
2004-06-01,0.1787937879562378,0.18062521242770047,0.17566478211513287,0.1758937084684095,318420000
2004-06-02,0.1774202585220337,0.18398321631389478,0.17726733616102702,0.18314350103112592,643800000
2004-06-03,0.16887381672859192,0.17787807148511062,0.16833904574201747,0.17749620916827036,700824000
2004-06-04,0.16719448566436768,0.17268878925394063,0.16704247750352486,0.17230785461962744,649608000
2004-06-07,0.1712392121553421,0.17314664166285626,0.16780526048292976,0.1699416301084597,571956000
2004-06-08,0.16818712651729584,0.17055242266514134,0.16566889432841553,0.17024749210580833,615000000
2004-06-09,0.16032655537128448,0.16940773073891055,0.15979269847901995,0.1691788043233722,498336000
2004-06-10,0.15872403979301453,0.16322661814067435,0.1572744501035684,0.16292168769665405,564516000
2004-06-14,0.153764545917511,0.15788527651888892,0.15254298174112382,0.15788527651888892,424752000
2004-06-15,0.15605385601520538,0.15841915211078117,0.1546033652226698,0.15635880021305662,394584000
2004-06-16,0.15361158549785614,0.15658766948901018,0.15300079673831007,0.15559594623591494,252576000
2004-06-17,0.15055949985980988,0.1563587455982301,0.14979578875152155,0.15261986468312266,482376000
2004-06-18,0.15078844130039215,0.1549851754193845,0.148804080332599,0.15139831589867658,534336000
2004-06-21,0.1481173187494278,0.15338269515733455,0.14712559526325542,0.1510173993698293,266568000
2004-06-22,0.15231403708457947,0.153000816339193,0.1479643805576797,0.1489570181698097,430308000
2004-06-23,0.1549091935157776,0.15551906820129582,0.15147525585813923,0.15185619045027735,264660000
2004-06-24,0.1535356044769287,0.15956377741584082,0.152390958715588,0.15902990686041493,590652000
2004-06-25,0.15452732145786285,0.1563587600580095,0.15277188691829538,0.15460332551844203,329124000
2004-06-28,0.15322978794574738,0.15727450117973998,0.1526199132143931,0.15674064417136088,299376000
2004-06-29,0.15849512815475464,0.15872405456704752,0.15353559715011775,0.1541454580949242,363852000
2004-06-30,0.15620583295822144,0.1586480605232838,0.15429840383408816,0.15429840383408816,329268000
2004-07-01,0.1490330994129181,0.1581902700454283,0.14880415923089688,0.15796134350866767,505620000
2004-07-02,0.1469726860523224,0.1507115544759798,0.145828040091165,0.15063555039897475,294948000
2004-07-06,0.13834929466247559,0.14674367481638456,0.13674679655169777,0.14521718074577222,575388000
2004-07-07,0.139036163687706,0.14300488670691716,0.13834937060878924,0.14010480564050826,344136000
2004-07-08,0.13476333022117615,0.14002870376147414,0.13453440390317353,0.13773941329095285,430056000
2004-07-09,0.12896327674388885,0.13476342527150023,0.1264450445339768,0.13461050287444531,1114500000
2004-07-12,0.12598715722560883,0.1289632415830489,0.12430864095404544,0.12537728262286985,676044000
2004-07-13,0.12575826048851013,0.12972696974447775,0.12438467437151222,0.12751368182278486,567108000
2004-07-14,0.12018789350986481,0.12469048536527207,0.11774568004615109,0.12133253907508246,901608000
2004-07-15,0.11934821307659149,0.12270614631383979,0.11858541609409477,0.121408578186464,611352000
2004-07-16,0.11583828181028366,0.12316402440864915,0.11583828181028367,0.12301110201705065,464700000
2004-07-19,0.11713581532239914,0.11843246894638021,0.1145406659655485,0.11614317789127368,461088000
2004-07-20,0.11950111389160156,0.11995896665780154,0.1159142412314144,0.11705888679216574,341544000
2004-07-21,0.1122514083981514,0.12148550729864906,0.11187046698899224,0.12133257127952644,613416000
2004-07-22,0.11461759358644485,0.11522746813074686,0.10988608193976096,0.1135489520200156,521460000
2004-07-23,0.11156462877988815,0.11553335170003669,0.11080183846075223,0.11538042930785479,371496000
2004-07-26,0.10843649506568909,0.1140068002741871,0.10736785360573037,0.11301507709286604,503208000
2004-07-27,0.11202244460582733,0.11232829609284863,0.1056124240278045,0.10897036347163941,789888000
2004-07-28,0.10919929295778275,0.11217537694900777,0.1060702866300134,0.11179352140095529,505116000
2004-07-29,0.11637216061353683,0.11919623771422728,0.11019106358479626,0.11072584169930752,747360000
2004-07-30,0.11766969412565231,0.11980606325197493,0.11469360973943911,0.11492253615870468,403956000
2004-08-02,0.11919622123241425,0.11965407414371182,0.11576226981665941,0.11774571690137044,420984000
2004-08-03,0.11301509290933609,0.1198060554444849,0.11209938046932191,0.11973005138701262,741540000
2004-08-04,0.11423579603433609,0.11530443807957387,0.11164156635815774,0.11179357453508133,507816000
2004-08-05,0.11110677570104599,0.11599120450397125,0.1091233284755737,0.11545643324808244,859920000
2004-08-06,0.07195981591939926,0.0778359728538424,0.07096809269548496,0.07714918688479436,5088948000
2004-08-09,0.07516486197710037,0.07684428620116486,0.07257063237569453,0.07379128256267356,1579212000
2004-08-10,0.08111699670553207,0.08188070786873825,0.07806490839380638,0.07936248325664733,2051916000
2004-08-11,0.07875171303749084,0.08004928127165983,0.07821784925805655,0.08004928127165983,963816000
2004-08-12,0.07692026346921921,0.0792095548724745,0.07676734111771667,0.07898062846119959,654384000
2004-08-13,0.08012527972459793,0.080659143466604,0.07806491458960053,0.07875170751635102,815700000
2004-08-16,0.07936249673366547,0.08134593692836624,0.07875171463934562,0.0792095675350888,531732000
2004-08-17,0.08371216058731079,0.08417002034267188,0.08035422673410783,0.08111701703389826,744912000
2004-08-18,0.08928248286247253,0.08928248286247253,0.08340632279347664,0.08409311595151026,872424000
2004-08-19,0.08897755295038223,0.09035113245436095,0.08760397344640351,0.08874862644436714,724404000
2004-08-20,0.09424290060997009,0.09553955455217661,0.08821381319079812,0.08851966474497895,1199040000
2004-08-23,0.09630326926708221,0.09729499274554092,0.0952346274869398,0.09576849126097298,800028000
2004-08-24,0.09271639585494995,0.09813469420346288,0.0908849639916077,0.09767683453197058,939420000
2004-08-25,0.09668419510126114,0.09737098800708667,0.09302132461982325,0.09477675920912318,721308000
2004-08-26,0.09691313654184341,0.09752391861397502,0.0957684906988124,0.09653219514133775,612720000
2004-08-27,0.09874458611011505,0.10011816545992892,0.09691315379965851,0.09699007211458796,565128000
2004-08-30,0.09546355903148651,0.09889750358694883,0.09538755495781555,0.09836363978437436,628056000
2004-08-31,0.09508169442415237,0.09630326534850797,0.09210561670042408,0.09584540566271273,587064000
2004-09-01,0.09691313654184341,0.09828670882442968,0.09264039791050681,0.09386104782269934,591744000
2004-09-02,0.10088182985782623,0.10164462672292603,0.09645525559884029,0.09737097480065743,770088000
2004-09-03,0.09782885015010834,0.09981320438727653,0.0969900490975539,0.09782885015010834,715056000
2004-09-07,0.09599743038415909,0.10050001713101904,0.09470077622389181,0.09843965160022161,727332000
2004-09-08,0.09401397407054901,0.09691314053887083,0.09378504762155206,0.09607433940203226,834984000
2004-09-09,0.10340007394552231,0.10507858350950931,0.09584540614820189,0.09630326583631633,1299324000
2004-09-10,0.10736788809299469,0.1079017518785535,0.10133971455833996,0.10164465189805741,1039344000
2004-09-13,0.10942823439836502,0.1115646035350017,0.10706293884135755,0.10721494696694202,967752000
2004-09-14,0.10988611727952957,0.11064891440985894,0.1075968253016107,0.10843654074297844,683556000
2004-09-15,0.10378102213144302,0.1068340251917619,0.10240744297714224,0.10652817361741693,1163904000
2004-09-16,0.1076727956533432,0.1087414372287133,0.10515457117285693,0.1055364267345039,810024000
2004-09-17,0.11209941655397415,0.11270928449655465,0.10759682967149349,0.10851254922890291,1003800000
2004-09-20,0.11194644868373871,0.11515146602808231,0.10851251176302412,0.10988608380225948,794628000
2004-09-21,0.11492253839969635,0.11583825773986876,0.11309110654197843,0.11446468555223706,503904000
2004-09-22,0.10958119481801987,0.11461763890561016,0.10904641670741037,0.11187048696486739,625920000
2004-09-23,0.11057288199663162,0.11118366399011723,0.10767280178923312,0.11087781246608468,578664000
2004-09-24,0.10721495002508163,0.11118367216038766,0.10561244456889662,0.11103074979844722,476316000
2004-09-27,0.10530754923820496,0.10759684156209116,0.1034001058306554,0.1063761913098109,406020000
2004-09-28,0.10683401674032211,0.10774972928145468,0.1036290057897904,0.1050785820786679,474840000
2004-09-29,0.10942823439836502,0.11248032286173851,0.1053835151360952,0.10675708730357361,537228000
2004-09-30,0.1108018159866333,0.11332004078289536,0.10858852850331151,0.11064889362546891,619680000
2004-10-01,0.11538044363260269,0.11599121904495849,0.11080185221705746,0.11133571613030147,590412000
2004-10-04,0.11866144835948944,0.12018794327402836,0.11614322980238528,0.11637215628116618,673932000
2004-10-05,0.11599118262529373,0.11881434477119017,0.11492254090203036,0.11576225619657943,633180000
2004-10-06,0.11644908785820007,0.11698294495874845,0.11309114661782842,0.11576229469837998,498504000
2004-10-07,0.11713581532239914,0.12125653103444027,0.11652502659598067,0.11858539127462675,798072000
2004-10-08,0.11072582006454468,0.11637213787553767,0.10973318234674946,0.11591427134513574,693420000
2004-10-11,0.11087782680988312,0.11309111442811821,0.10889438668603997,0.11087782680988312,373848000
2004-10-12,0.10927531123161316,0.11011502648933974,0.1053835143557403,0.1071389421107961,827232000
2004-10-13,0.10858852416276932,0.11400682232561435,0.10767280485116353,0.11255723929666928,672816000
2004-10-14,0.10530754923820496,0.10958120329230331,0.1045447519925985,0.10958120329230331,513264000
2004-10-15,0.10240741819143295,0.10568935372778758,0.09981318970919989,0.10553642456631478,1280484000
2004-10-18,0.10423888266086578,0.10530752448124253,0.10095786735937685,0.1017975759076078,573972000
2004-10-19,0.10355209559202194,0.10767282650014638,0.10278930530472595,0.1066050988507877,618480000
2004-10-20,0.10477365553379059,0.10523151523293456,0.10263637199815993,0.10324715406683128,540204000
2004-10-21,0.10713895410299301,0.10851253323667345,0.10500258474304947,0.10584138586267677,1013964000
2004-10-22,0.10133971273899078,0.10835960282485914,0.10103386799529593,0.10813067638312769,686460000
2004-10-25,0.10179755836725235,0.10400993146715884,0.1002710570882374,0.10049999032093658,529164000
2004-10-26,0.11057288199663162,0.11591425489144004,0.1081306614320157,0.11179353175164984,2455776000
2004-10-27,0.11362496018409729,0.1156853251051755,0.1085885179057266,0.1085885179057266,1074036000
2004-10-28,0.11240433156490326,0.11446469687274699,0.11133568975922035,0.11209940104710873,561552000
2004-10-29,0.11041993647813797,0.11286215668123864,0.10942821327999988,0.1113356556281517,742860000
2004-11-01,0.1127861812710762,0.11286218533849902,0.11049688963738474,0.11194646595597155,653892000
2004-11-02,0.11438867449760437,0.11675396994476371,0.11156459835376223,0.11248031763797157,1095756000
2004-11-03,0.11545640975236893,0.11942513186006679,0.11484653512763605,0.11904326942862815,910356000
2004-11-04,0.11759369820356369,0.11904327452718186,0.11385390918362788,0.11629613001531877,995544000
2004-11-05,0.13461048901081085,0.14323379942209286,0.13308399424890968,0.13583113901010138,3849012000
2004-11-08,0.13606008887290955,0.13789152812561042,0.13255014642037902,0.1331609354637964,718620000
2004-11-09,0.1352212280035019,0.13720466071244153,0.1339236465315129,0.13399965057802454,615936000
2004-11-10,0.1352212280035019,0.13651788159844191,0.13445751696594166,0.13506829203342963,645912000
2004-11-11,0.13789153099060059,0.13789153099060059,0.13514437205447116,0.13606009169984765,507000000
2004-11-12,0.1381203681230545,0.14040965893263405,0.1367467963663567,0.14002872450060108,647076000
2004-11-15,0.1401808112859726,0.14117344916795918,0.1359080718915529,0.13674687314360084,536472000
2004-11-16,0.13972286880016327,0.14216508172797818,0.13712863415902565,0.14063858778044996,472728000
2004-11-17,0.14208917319774628,0.1458280556659823,0.14056267822419985,0.14193625079523858,602772000
2004-11-18,0.14392058551311493,0.14514123545369792,0.1403337118849481,0.14330979660414989,532524000
2004-11-19,0.1446833610534668,0.15666368857480004,0.1435387017087376,0.15490916828912255,2126052000
2004-11-22,0.14880414307117462,0.14880414307117462,0.14384370932152166,0.14521728203817985,733788000
2004-11-23,0.14941492676734924,0.15101743958334005,0.1463619229615012,0.14758348744771935,676896000
2004-11-24,0.15002477169036865,0.15246698594357483,0.14888011210986643,0.14926197459583393,428580000
2004-11-26,0.1515512615442276,0.152924833892861,0.1494148921258337,0.1507115461695363,350760000
2004-11-29,0.14857520163059235,0.1537645750159814,0.1472776331374926,0.15269593301177917,704388000
2004-11-30,0.14598089456558228,0.14933791257816625,0.14514117953525393,0.1491859044948718,576540000
2004-12-01,0.14964383840560913,0.14964383840560913,0.14620990025636893,0.1472776279909925,514572000
2004-12-02,0.15162725746631622,0.15277190330285614,0.14704867412015654,0.14819331995669646,758652000
2004-12-03,0.15819022059440613,0.1602505860716929,0.15475628268068026,0.1552901396887492,1347312000
2004-12-06,0.1657448559999466,0.1670424377419944,0.15612982359557004,0.15895298562140198,970500000
2004-12-07,0.1740623116493225,0.19046922726138454,0.17200194669049607,0.1754358837401225,2927052000
2004-12-08,0.17612268030643463,0.1793276910157698,0.1747491081867919,0.176504542716339,872724000
2004-12-09,0.17452017962932587,0.17635160455125468,0.16963665274257575,0.17299458576289073,869964000
2004-12-10,0.17787815630435944,0.1797855993988756,0.17680951440812995,0.17856493570166174,652848000
2004-12-13,0.17299452424049377,0.17749618712109752,0.17215480931474358,0.17520689654889185,738024000
2004-12-14,0.17650458216667175,0.17665750455310417,0.1728417041686013,0.17314663470929958,512988000
2004-12-15,0.17810708284378052,0.1786409534986565,0.17551286035088925,0.17826000523174718,432768000
2004-12-16,0.18047235906124115,0.18970645779952164,0.18016742855095433,0.18329643558744152,1524036000
2004-12-17,0.17597070336341858,0.1845930994321269,0.17391033799628658,0.1838303023543865,1214244000
2004-12-20,0.1740623116493225,0.18077819127672948,0.1731465923737049,0.1780310334498766,898728000
2004-12-21,0.17535987496376038,0.1765805383179312,0.16978956904661946,0.17406230696641903,899400000
2004-12-22,0.17558886110782623,0.17970959199643297,0.1752069986159634,0.1788698765815054,421824000
2004-12-23,0.176046684384346,0.1780310454180218,0.17375739286403066,0.1745971081375488,366972000
2004-12-27,0.17452017962932587,0.1792516847524007,0.17360446034573498,0.17848888781918312,308208000
2004-12-28,0.17360448837280273,0.17627562895034574,0.17291769538791904,0.17490205662583352,291612000
2004-12-29,0.17513087391853333,0.17726724196787624,0.17261265728558095,0.17307050989330078,294732000
2004-12-30,0.17444415390491486,0.1766574409571739,0.1736813570664333,0.1752069370981451,259812000
2004-12-31,0.1797855794429779,0.18070128520440581,0.17627562418717618,0.17696241715350197,575964000
2005-01-03,0.17993849515914917,0.18863780873302186,0.17917569815160664,0.18604358662510118,1066716000
2005-01-04,0.1714680939912796,0.18154097897779936,0.16872093609754518,0.18123604850423505,790224000
2005-01-05,0.17307066917419434,0.17513103509562875,0.16872101081677932,0.1696367305202234,724812000
2005-01-06,0.17139209806919098,0.17818305436574108,0.17017053400774562,0.17612268925892005,563568000
2005-01-07,0.1681102216243744,0.17307065502585942,0.165591989234451,0.17177308649345638,763092000
2005-01-10,0.16849204897880554,0.17017056561331448,0.16750032538921214,0.16864497136723375,579552000
2005-01-11,0.1633027195930481,0.16780530062620155,0.16078450049976367,0.16688958087084538,1093380000
2005-01-12,0.16192905604839325,0.16536299297288445,0.15796124862437205,0.16475311841757473,1057800000
2005-01-13,0.16360849142074585,0.1678812297867129,0.1587240636111944,0.16231092328790994,898764000
2005-01-14,0.1641424000263214,0.16704248109921116,0.1625398873870202,0.16666061857921521,573912000
2005-01-18,0.16673661768436432,0.16711848019296208,0.16192910720047385,0.16231095606381493,464556000
2005-01-19,0.1629217267036438,0.16788124478881175,0.16223493372100556,0.16750031020055156,336492000
2005-01-20,0.1633027195930481,0.16727144347278614,0.15963985421688345,0.15963985421688345,640080000
2005-01-21,0.16360849142074585,0.1668135023112281,0.16299771620917541,0.16353157312429084,596352000
2005-01-24,0.15704558789730072,0.1650581240185031,0.15612986831385553,0.16269282779841998,463704000
2005-01-25,0.1597927361726761,0.1620060240794729,0.15681665113288612,0.15773237065630277,439704000
2005-01-26,0.1618531197309494,0.16406640788446325,0.15765638415127267,0.16032661106261148,429120000
2005-01-27,0.17482605576515198,0.1755888528355264,0.1611662954048749,0.16215801892599652,1002912000
2005-01-28,0.1745971292257309,0.17619962802540307,0.1707813290568215,0.1755128486735102,671052000
2005-01-31,0.1749020367860794,0.17818305167274903,0.17245982293210815,0.17604668253420758,562968000
2005-02-01,0.17818298935890198,0.1789467002936516,0.17368132623555804,0.17474905331542764,507180000
2005-02-02,0.18810397386550903,0.18955355033874513,0.1799385162643002,0.18520389304163357,2035404000
2005-02-03,0.18611955642700195,0.18741712435809935,0.18352532115142714,0.18611955642700195,690120000
2005-02-04,0.1968032717704773,0.19733712871821962,0.18611959673859446,0.18619560080768055,806448000
2005-02-07,0.19443704187870026,0.20069505571171314,0.19268253507647798,0.1970321918646565,521628000
2005-02-08,0.19634541869163513,0.1994735116910383,0.19260563616937748,0.19321641146009955,455772000
2005-02-09,0.18947754800319672,0.19749006964951898,0.18848491020618077,0.19687929434321716,783756000
2005-02-10,0.19390325248241425,0.19489497626753643,0.18978252069098825,0.19046931387131227,602376000
2005-02-11,0.19955042004585266,0.20100001006838875,0.19199575189067591,0.1926825448666938,556512000
2005-02-14,0.19535280764102936,0.2002372503969319,0.1945900240973897,0.19947353897577724,432900000
2005-02-15,0.1971082091331482,0.20336530915320683,0.1963454120742974,0.19665035623857055,748500000
2005-02-16,0.19642141461372375,0.19932149526989124,0.19291147292427807,0.19649741868485993,466464000
2005-02-17,0.19466599822044373,0.1991685777501345,0.19314040407745808,0.1990925736771458,1017408000
2005-02-18,0.21572750806808472,0.21595643452282115,0.20382316867872177,0.20962333022499985,3132120000
2005-02-22,0.2184746265411377,0.2235110761659219,0.21237044943215616,0.21427789220536697,1420800000
2005-02-23,0.21137785911560059,0.21763587422012717,0.20786791692070553,0.21496473327006,1107840000
2005-02-24,0.21694903075695038,0.21725396122750745,0.2084786443913713,0.2084786443913713,695496000
2005-02-25,0.22007717192173004,0.22122181787516496,0.21488871338647816,0.21725400936984027,525132000
2005-02-28,0.22122181951999664,0.22129873782921974,0.21710108859889,0.21900944590532853,758064000
2005-03-01,0.22068794071674347,0.2258773133309947,0.21847465295168908,0.22221444911716023,737148000
2005-03-02,0.214201882481575,0.21946725839446507,0.21290431437243,0.21824569434837343,947460000
2005-03-03,0.21130181849002838,0.21504070016203097,0.2081728114789097,0.2136671278835086,761292000
2005-03-04,0.21038614213466644,0.21374407605391335,0.20863070715675902,0.2119126369964482,593124000
2005-03-07,0.212522491812706,0.21694908116635275,0.20985226526248085,0.2113018417696431,511176000
2005-03-08,0.20176275074481964,0.21244642371313707,0.20038917872890344,0.21198857092291573,1332384000
2005-03-09,0.19649739563465118,0.2042049989685125,0.19588753467291298,0.20046611762689975,910140000
2005-03-10,0.19642141461372375,0.19886364237888537,0.19329240751205334,0.19710820759548772,689280000
2005-03-11,0.191995769739151,0.19848179670459448,0.19024033480725,0.19817686616215938,732180000
2005-03-14,0.1974131464958191,0.19825286188761065,0.19458999766824459,0.1959635700448499,572148000
2005-03-15,0.1934453248977661,0.2003131994728269,0.193292388892876,0.19840575673089422,378108000
2005-03-16,0.19016431272029877,0.1957346332987316,0.19008739441784564,0.19268254453114225,535356000
2005-03-17,0.18825596570968628,0.1914609767902139,0.1877980991866082,0.19077418382822414,442584000
2005-03-18,0.18444105982780457,0.1890196426870902,0.18100712268334032,0.18840886750599775,639012000
2005-03-21,0.19077421724796295,0.19123207020599275,0.18321954792367112,0.18436419396400278,654456000
2005-03-22,0.18734021484851837,0.19268250857363875,0.18665342200186255,0.19092707413557594,622992000
2005-03-23,0.19138497114181519,0.1926825393408836,0.1867303701067734,0.18711131832569167,728784000
2005-03-24,0.19176678359508514,0.1971081629286504,0.19161386125537222,0.1919187917029108,865356000
2005-03-28,0.18962952494621277,0.1945899704184296,0.18779808627037123,0.19184281240466727,511188000
2005-03-29,0.1854327917098999,0.19153788297696475,0.1845930764310561,0.18940059957041178,587400000
2005-03-30,0.1854327917098999,0.18810394567471292,0.17909877401840238,0.1855087957740407,858708000
2005-03-31,0.18131203949451447,0.1856616956121033,0.18047232431753474,0.18436412764179935,518316000
2005-04-01,0.17955659329891205,0.1845930419211293,0.17848886602725897,0.18352531464947622,510756000
2005-04-04,0.1784888654947281,0.17909874000129242,0.17452015780125607,0.17856486954443304,421428000
2005-04-05,0.17535987496376038,0.18230376657999978,0.17429123336785127,0.17856488551956928,430128000
2005-04-06,0.1780310571193695,0.18161700276285145,0.17742026822868714,0.17864093177798723,567468000
2005-04-07,0.18131203949451447,0.18314347795831573,0.17589374180328382,0.17894674418246811,506352000
2005-04-08,0.17894679307937622,0.1861196129075487,0.1785649305913774,0.18207488613632813,621540000
2005-04-11,0.1754358857870102,0.18085419744538436,0.1749020289070497,0.18024340862878097,328380000
2005-04-12,0.17757318913936615,0.17787811962011102,0.17101023154667538,0.1749020352431307,512232000
2005-04-13,0.17017053067684174,0.1782599691725126,0.16902587128856542,0.17780211633340495,498408000
2005-04-14,0.16879700124263763,0.17215493553064387,0.16818714007481086,0.1705524364133222,352080000
2005-04-15,0.1629217267036438,0.16788124478881175,0.16139521836380588,0.16666059484335188,630156000
2005-04-18,0.16177710890769958,0.16543997361190718,0.1610133974891819,0.1619291170765482,473100000
2005-04-19,0.16742339730262756,0.16864496151962227,0.16368451539695136,0.16444731247545005,365460000
2005-04-20,0.1623108983039856,0.17131515437786968,0.16215797596662826,0.17024742706673623,564672000
2005-04-21,0.17131517827510834,0.17192595347786316,0.16414235961196613,0.16559193585276175,538152000
2005-04-22,0.16971267759799957,0.17139210825255274,0.1677292306693483,0.170247462419115,336276000
2005-04-25,0.17238377034664154,0.1736813380872451,0.17032340585091177,0.17116312087924196,318168000
2005-04-26,0.17162108421325684,0.17604674645496698,0.16811022739926149,0.17245988555051533,353148000
2005-04-27,0.16505806148052216,0.16772920148944723,0.16162411093235976,0.16711842635131868,609348000
2005-04-28,0.16559191048145294,0.16780519758983528,0.16292168483101563,0.16452418318497194,372948000
2005-04-29,0.16734735667705536,0.1684920023382255,0.15963976750913392,0.16719443433095788,478356000
2005-05-02,0.16673661768436432,0.17123921126215774,0.1642183992066366,0.16933176811933606,334908000
2005-05-03,0.16582094132900238,0.16994167347114678,0.16513416173548515,0.1668895835305461,439512000
2005-05-04,0.17108625173568726,0.17230782952829507,0.1660498154717138,0.16658458665340914,468816000
2005-05-05,0.17444415390491486,0.17658052267556465,0.17116313958324966,0.17207884510786095,619272000
2005-05-06,0.17680950462818146,0.17688642293396625,0.17245984743816956,0.1765045741014168,355728000
2005-05-09,0.18009138107299805,0.18131203069725577,0.17650452201960304,0.1775731635413944,745332000
2005-05-10,0.17307066917419434,0.17787819420596104,0.1710863073468186,0.17780219011190238,735120000
2005-05-11,0.17017053067684174,0.1747491136489326,0.1698655865495133,0.17398631668249653,555420000
2005-05-12,0.17391036450862885,0.17619965667771745,0.1700185596340236,0.1701705814496771,835584000
2005-05-13,0.19329237937927246,0.19436102102537045,0.18161698226011413,0.18962951584857224,2650320000
2005-05-16,0.19397923350334167,0.19527680197128605,0.19092714418552661,0.1910031482695964,664104000
2005-05-17,0.19611650705337524,0.19703222658783112,0.19268256903310835,0.19283457719317387,639804000
2005-05-18,0.19756604731082916,0.1980239138165551,0.19359825299498948,0.19565861815762065,550056000
2005-05-19,0.19718416035175323,0.19886359062696263,0.1949717874851883,0.19802387548935793,452880000
2005-05-20,0.20069503784179688,0.20077104190166795,0.19466596462282376,0.19695525602905212,517008000
2005-05-23,0.20534972846508026,0.2074100943638073,0.20145792317964936,0.20206871226775705,703668000
2005-05-24,0.2082497775554657,0.20901256106604962,0.20336533501123377,0.20435797287568946,522192000
2005-05-25,0.20557859539985657,0.20885961064633246,0.20359423416942396,0.20779188307596888,535272000
2005-05-26,0.21137785911560059,0.21298037175540135,0.20702820144365153,0.20741006396376652,788784000
2005-05-27,0.21000422537326813,0.21198858630939083,0.20779185225737848,0.21198858630939083,322740000
2005-05-31,0.2067992091178894,0.2108439349413997,0.20336527209848126,0.20908850046416147,763176000
2005-06-01,0.20870760083198547,0.21252247301045463,0.2029843715095664,0.205425671379706,796632000
2005-06-02,0.2164911925792694,0.2164911925792694,0.20794388680518838,0.20794388680518838,684348000
2005-06-03,0.2159564346075058,0.21771185581713964,0.21366714276873236,0.2157275081526796,559620000
2005-06-06,0.2138960212469101,0.21626223086130847,0.211912574614211,0.21206458272857875,512892000
2005-06-07,0.20870760083198547,0.21595642424916112,0.20794388955251936,0.21244646893986865,974136000
2005-06-08,0.20725712180137634,0.21214155027874632,0.20504474825146718,0.2092414694815317,618720000
2005-06-09,0.2159564346075058,0.216033352913869,0.20542568123294336,0.20565460768776958,619908000
2005-06-10,0.21351514756679535,0.21595646150333567,0.21206465670557098,0.2157275350199983,465096000
2005-06-13,0.21824568510055542,0.2242747719617491,0.21305722770256877,0.21366710229040173,1409916000
2005-06-14,0.20534972846508026,0.22190864610285854,0.1984818375875704,0.2183226993002911,2408412000
2005-06-15,0.20473888516426086,0.20565460461513987,0.19665035977517073,0.20405209216478773,1669788000
2005-06-16,0.20580753684043884,0.20718110925984903,0.20168680593695215,0.20466289088338765,489240000
2005-06-17,0.20534972846508026,0.2087076629879846,0.2048158577025537,0.20832581405715922,456348000
2005-06-20,0.20847870409488678,0.20985227659894076,0.2019917625686581,0.20534969657000554,606060000
2005-06-21,0.21046209335327148,0.21145473094444062,0.20786785780996916,0.20985221876034124,428172000
2005-06-22,0.2102331668138504,0.21412497067242575,0.2076389447489779,0.21267539439326585,700668000
2005-06-23,0.21351514756679535,0.21610938390297577,0.20908857148641313,0.20985228289762542,836976000
2005-06-24,0.20672324299812317,0.21320926947399055,0.20557859711492024,0.21313326540216163,475632000
2005-06-27,0.2050447016954422,0.20710505298262116,0.203213263167669,0.2054256362152521,354588000
2005-06-28,0.20634140074253082,0.20771497311704348,0.20359424234824977,0.20588353418752278,262308000
2005-06-29,0.20443396270275116,0.2067992586737055,0.20275544611310145,0.20641832406108346,283572000
2005-06-30,0.2039000540971756,0.20771493948706615,0.20229755552723847,0.20580749679212088,593232000
2005-07-01,0.20481576025485992,0.20512070436027627,0.20069503041797576,0.20321326178787863,315168000
2005-07-05,0.20802079141139984,0.20885959246305788,0.20359421644455197,0.20557857750222652,388440000
2005-07-06,0.21359114348888397,0.21450684932874323,0.20634140532915546,0.20870761552740533,703632000
2005-07-07,0.21206462383270264,0.21366713625816797,0.20954640561583457,0.21023318495938662,465900000
2005-07-08,0.21473577618598938,0.21542255552351344,0.21061504557982433,0.2133621902204309,408132000
2005-07-11,0.21794076263904572,0.22015405006563268,0.21572747521245877,0.21664318089194112,399492000
2005-07-12,0.21672017872333527,0.21839868188064065,0.21229358887904903,0.21778789285269737,564252000
2005-07-13,0.2170250415802002,0.2182456913776795,0.21336216431052404,0.21763581677230548,594780000
2005-07-14,0.2074100524187088,0.22358803208630504,0.20710510822987516,0.2193143787343213,1871496000
2005-07-15,0.20519670844078064,0.20740999570552004,0.20161074969867973,0.206799206907945,1223352000
2005-07-18,0.20008429884910583,0.20466288248952863,0.19802393348186445,0.2045868784159134,1044900000
2005-07-19,0.20283138751983643,0.20328925394449399,0.1997793131105851,0.20130489319927497,517896000
2005-07-20,0.20588356256484985,0.20672327807110172,0.19771903185356518,0.2004661769812348,526500000
2005-07-21,0.20237357914447784,0.20412901388516486,0.1981768445753769,0.2032132944801779,594528000
2005-07-22,0.1971082091331482,0.20626538983199813,0.19565863273243095,0.20336530915320683,699264000
2005-07-25,0.198252871632576,0.20435796402091067,0.1939792182665752,0.19481893369964232,974952000
2005-07-26,0.20237357914447784,0.20267850965369782,0.19665034991987773,0.19741313330896382,759492000
2005-07-27,0.2064942717552185,0.20740999099218266,0.19924453556009886,0.20267847246477516,807828000
2005-07-28,0.20809678733348846,0.20908851070751344,0.20328927799984534,0.20611242635345875,411240000
2005-07-29,0.2064942717552185,0.2094703558640389,0.20481575562387702,0.20725706864959587,351660000
2005-08-01,0.2096232920885086,0.21053901138611444,0.20634136307717546,0.2077149352009576,389040000
2005-08-02,0.21244649589061737,0.21313328895453557,0.2095464285327988,0.20985227331811754,422652000
2005-08-03,0.21244649589061737,0.21443085735688738,0.21053906638203573,0.21244649589061737,518256000
2005-08-04,0.2102331668138504,0.21175967503564494,0.209775313957667,0.21084395567802403,356424000
2005-08-05,0.21557548642158508,0.2160333529766262,0.20847868444837692,0.20992826089724245,684096000
2005-08-08,0.21633826196193695,0.221069781195525,0.21481176735870036,0.21702505490347715,725544000
2005-08-09,0.21580438315868378,0.2171779552572945,0.2134381598430655,0.2166431705033258,291900000
2005-08-10,0.21259933710098267,0.21778777993173554,0.21038605014903736,0.21672006635597313,440556000
2005-08-11,0.21557548642158508,0.21595643467024067,0.21053904983292268,0.21259941521746847,701556000
2005-08-12,0.22854754328727722,0.23053189086422934,0.2204590044887801,0.22824259912641157,2295420000
2005-08-15,0.23434773087501526,0.23671302694911067,0.22641119932775988,0.22931126665429194,882804000
2005-08-16,0.23037898540496826,0.23419477188442692,0.22870046890664295,0.2321344202073563,637488000
2005-08-17,0.23037898540496826,0.2332030620205506,0.22923433951981556,0.22938724825058138,607572000
2005-08-18,0.2244267612695694,0.22976904115808636,0.22343503800178316,0.2286244091967461,822732000
2005-08-19,0.2228243052959442,0.225495459557519,0.2221375259463459,0.22480866656266527,422232000
2005-08-22,0.22099286317825317,0.22602931322801242,0.21839864090452668,0.2224433674514684,547224000
2005-08-23,0.2224433571100235,0.22358800293467365,0.22000114309278507,0.22076392646836346,254460000
2005-08-24,0.22259540855884552,0.22732691514604775,0.21992518181820736,0.22099289590536328,514620000
2005-08-25,0.2241218239068985,0.22534248724885003,0.22167961028159092,0.22358796705287354,296484000
2005-08-26,0.22068794071674347,0.2243508185758336,0.2185515712580701,0.2243508185758336,323436000
2005-08-29,0.2210698127746582,0.22129873923945495,0.21687216351757876,0.21862758480366712,343392000
2005-08-30,0.22900539636611938,0.2295401812042494,0.2203830006001505,0.22068793111601323,948852000
2005-08-31,0.23411881923675537,0.23701797268373662,0.22778479950248676,0.22847159264253486,906804000
2005-09-01,0.23419469594955444,0.23633105100589546,0.23221034898784335,0.23343189913573023,556884000
2005-09-02,0.23037898540496826,0.23465262478038587,0.22961618834381614,0.23465262478038587,469800000
2005-09-06,0.23228734731674194,0.23350799737043107,0.22770876341387275,0.23121870541899647,423096000
2005-09-07,0.23968906700611115,0.24029982857804744,0.231371602390969,0.231981463376137,588012000
2005-09-08,0.24251221120357513,0.24548829564348815,0.2382394728738335,0.2382394728738335,646116000
2005-09-09,0.24564123153686523,0.24617511579703388,0.24113865205353222,0.24510737456720727,454236000
2005-09-12,0.2448016107082367,0.246633050193749,0.24190245693058493,0.24587025287804537,556584000
2005-09-13,0.25220417976379395,0.2534248296753691,0.24365687404130257,0.24365687404130257,854724000
2005-09-14,0.249151349067688,0.25365393123469093,0.24800667520603362,0.25029599563881544,503448000
2005-09-15,0.2535777986049652,0.25640094760431187,0.25144051478089097,0.25296700963123564,759756000
2005-09-16,0.25372976064682007,0.2570876939305939,0.2516693818631463,0.2557141080748114,519828000
2005-09-19,0.2501438856124878,0.2542645897592826,0.24877029936987896,0.25342488787779904,428316000
2005-09-20,0.2550274431705475,0.25785062036452017,0.2517464401821632,0.25205135718269733,522192000
2005-09-21,0.2528141140937805,0.2590721299461124,0.25060175371376825,0.2540356922369227,625656000
2005-09-22,0.24602311849594116,0.2534248511251348,0.2415205115236478,0.2534248511251348,739152000
2005-09-23,0.24960900843143463,0.2517462916792021,0.24342789991418923,0.24548827851677293,314640000
2005-09-26,0.25166943669319153,0.2534248717213396,0.2470148484820129,0.2515174285297256,406776000
2005-09-27,0.2525092661380768,0.25495146792356066,0.25060182218860133,0.2527381790611918,404160000
2005-09-28,0.25403574109077454,0.2547225343855868,0.25037286171212436,0.25327201581241005,353556000
2005-09-29,0.25930094718933105,0.2594529552996062,0.25205119736837706,0.254111575879967,513372000
2005-09-30,0.26159027218818665,0.26395556781200996,0.2589191318405666,0.25945298875918105,458832000
2005-10-03,0.26876309514045715,0.2706705379399773,0.26250598193777336,0.26464236481291054,549888000
2005-10-04,0.2652532458305359,0.27433348341810265,0.2646424567481185,0.269907834701894,514476000
2005-10-05,0.2564769983291626,0.26555816382998304,0.25487449910838067,0.26555816382998304,599184000
2005-10-06,0.2555611729621887,0.26013975562122305,0.24785447071152716,0.2561719344713153,685512000
2005-10-07,0.2522801458835602,0.2586141630374731,0.2502957986509697,0.2560190270023107,551952000
2005-10-10,0.24587014317512512,0.2540355994740667,0.24579413911171524,0.25357774662960436,459216000
2005-10-11,0.24281811714172363,0.24892229568811966,0.23999404011740183,0.24678591233937316,540048000
2005-10-12,0.24571716785430908,0.24945697653328788,0.24182537836333617,0.2421312230320411,657660000
2005-10-13,0.24442055821418762,0.24556520399366777,0.23503445190624703,0.24518335520491907,509304000
2005-10-14,0.24442055821418762,0.24922808140420752,0.24037583201489918,0.2461750922677498,311256000
2005-10-17,0.24678587913513184,0.24922810695159275,0.24457259141423793,0.24457259141423793,243912000
2005-10-18,0.24274121224880219,0.24815952618828033,0.2411387130570636,0.2477016731750004,299832000
2005-10-19,0.2406807690858841,0.24106261786342226,0.23282115757691976,0.2396130552799663,635952000
2005-10-20,0.2423602193593979,0.2473966555935134,0.23999399573489175,0.2410626375051289,359520000
2005-10-21,0.24373379349708557,0.24724373491369028,0.24205436291537258,0.24648093792008524,298368000
2005-10-24,0.25037291646003723,0.25037291646003723,0.24365704483599035,0.24587033400320624,291012000
2005-10-25,0.25197526812553406,0.2527380652443453,0.24762562434937244,0.24869333836591465,334680000
2005-10-26,0.24510742723941803,0.25258519251203143,0.24472557833211522,0.25205130813713406,415344000
2005-10-27,0.23999400436878204,0.24632802268503567,0.23923120731085082,0.24556522562710445,227784000
2005-10-28,0.24739673733711243,0.24785459036594817,0.23465269288061646,0.24060486412703672,464640000
2005-10-31,0.25601905584335327,0.25777449051394646,0.24838838404418195,0.24838838404418195,432420000
2005-11-01,0.2528911530971527,0.2579275929379844,0.2509067768602379,0.25601924811493015,400488000
2005-11-02,0.26754242181777954,0.26784733864226096,0.2518222988884666,0.25296694458516616,523668000
2005-11-03,0.26441338658332825,0.2708994116352089,0.2622770313069685,0.2693738451409473,465072000
2005-11-04,0.2599108815193176,0.26517625837129344,0.2571637366849644,0.2645663972941023,570276000
2005-11-07,0.2587662935256958,0.26220023216044,0.25769857928537176,0.26128452610738223,370824000
2005-11-08,0.25395867228507996,0.25998777318808464,0.25281402650725365,0.25975883311631615,538968000
2005-11-09,0.26540514826774597,0.2670845787832108,0.2515933680513343,0.25449344836766863,818880000
2005-11-10,0.2555611729621887,0.28059136947222885,0.250601642139352,0.27463922838978744,2503620000
2005-11-11,0.2597588002681732,0.2628108884274994,0.2566298074669756,0.25777445310005426,545928000
2005-11-14,0.2652532458305359,0.26708468520017753,0.2558671361176962,0.2598349318141239,493668000
2005-11-15,0.2658630609512329,0.26937393089692396,0.2650242597366726,0.2668556987888567,496200000
2005-11-16,0.26494717597961426,0.26761834259337575,0.2597587338680099,0.26616875323280637,455280000
2005-11-17,0.2766995429992676,0.2769284830180801,0.2640315104313074,0.26716053019492253,703260000
2005-11-18,0.2761647403240204,0.2799045485625132,0.2707473577645166,0.2776152303951391,465768000
2005-11-21,0.28104931116104126,0.28150716406917975,0.27463928857556885,0.2764707002081227,454704000
2005-11-22,0.2885270416736603,0.2912741863555216,0.2802855803375656,0.2824988680484786,731700000
2005-11-23,0.28768831491470337,0.29188505074016435,0.28616181980222344,0.28883296110229156,411948000
2005-11-25,0.2905113697052002,0.29096922252988194,0.28707740529382114,0.2890617798805223,116676000
2005-11-28,0.28906184434890747,0.29379243635203667,0.28387247154156114,0.29127420431889556,424524000
2005-11-29,0.2707473039627075,0.2796755529826312,0.26952575413821767,0.27196795320087874,1043136000
2005-11-30,0.27585992217063904,0.2772334808134231,0.26876310699947104,0.26883911106893427,575448000
2005-12-01,0.2791408896446228,0.28043847135016087,0.27517309563553943,0.27814917993428256,562032000
2005-12-02,0.2792177200317383,0.2811251619890052,0.27547791227287505,0.280438369355924,334476000
2005-12-05,0.27402859926223755,0.27982783502247666,0.2731128658225443,0.27982783502247666,387708000
2005-12-06,0.2751730680465698,0.2789119489135074,0.27410442650596456,0.2744862752325632,375252000
2005-12-07,0.27563101053237915,0.2779203024638032,0.2708994906374911,0.2762417994926014,352668000
2005-12-08,0.27341771125793457,0.27776738212026736,0.27028961826502246,0.27418140892778553,386664000
2005-12-09,0.27730947732925415,0.2776913534208267,0.270441602430879,0.2742573886811302,262896000
2005-12-12,0.2813543379306793,0.2819651271027147,0.27761545455029596,0.2780733349277773,281136000
2005-12-13,0.28501707315444946,0.2874593007304968,0.27982770115458216,0.28188805264982014,443412000
2005-12-14,0.2823460102081299,0.2842543540960867,0.2789889765873331,0.28288076786231947,287472000
2005-12-15,0.27875998616218567,0.28425427498714384,0.27585990574255864,0.28211699155820064,332724000
2005-12-16,0.2812013328075409,0.28242288344263416,0.2770806018554642,0.2797517426490492,1065600000
2005-12-19,0.2765466272830963,0.28387238093564393,0.2758598617573607,0.28181200248692606,292296000
2005-12-20,0.27639371156692505,0.2804384370182514,0.27273083483373484,0.2762417034651513,304356000
2005-12-21,0.27585992217063904,0.2799806526800105,0.27334169038977046,0.27769136098486075,289380000
2005-12-22,0.28425419330596924,0.28455913735536476,0.2755548824241315,0.27563088646722855,318336000
2005-12-23,0.28646671772003174,0.2868485665831701,0.2831096843793002,0.28501712752110936,214536000
2005-12-27,0.2882220447063446,0.2913510649316692,0.2852459877656536,0.2861616933950192,367968000
2005-12-28,0.2908932864665985,0.29180899233001,0.28639070664640814,0.2882221183732311,264420000
2005-12-29,0.28440624475479126,0.29165599453259106,0.28318559507509333,0.29074026165827827,310464000
2005-12-30,0.2789888083934784,0.2828805973222237,0.27784416298558273,0.28280369269548145,229608000
2006-01-03,0.2916560173034668,0.2937923727337679,0.27967567598088744,0.2805913816361891,472812000
2006-01-04,0.2998214662075043,0.30027934635650355,0.2908163080071294,0.29386932446610536,510072000
2006-01-05,0.30661243200302124,0.3071472167970331,0.29936360914983456,0.2998974660665757,646092000
2006-01-06,0.31164899468421936,0.3127936408248638,0.2979901456724595,0.31012340022139356,623388000
2006-01-09,0.32034817337989807,0.3220275764741957,0.3108100600244703,0.311496825581817,560484000
2006-01-10,0.32042497396469116,0.32042497396469116,0.3147777516070243,0.31882247603378605,339660000
2006-01-11,0.33202362060546875,0.33385503209196593,0.32019621414541133,0.32073007108495444,626304000
2006-01-12,0.32729294896125793,0.3370600022744985,0.3249267530405019,0.33194756286433397,495504000
2006-01-13,0.3243929445743561,0.3292004406019374,0.3198143340439552,0.32652930018307047,421296000
2006-01-17,0.3241639733314514,0.32431690932798,0.3156935733195774,0.31996723929394894,329232000
2006-01-18,0.3258424997329712,0.3269111414513608,0.3113439533362273,0.31432003783170265,459948000
2006-01-19,0.34392791986465454,0.34843049893878786,0.3295823094599186,0.3301921704463579,914760000
2006-01-20,0.33431294560432434,0.34843054570815013,0.33423694152882355,0.3444627508998438,461604000
2006-01-23,0.3362213373184204,0.33904448659203845,0.33232954602894577,0.33690813043786083,334884000
2006-01-24,0.3378998339176178,0.3449206464447146,0.33606842202208553,0.33698412796985167,388896000
2006-01-25,0.334923654794693,0.34179152879026087,0.3308789289966531,0.33957824151580684,400236000
2006-01-26,0.3463701903820038,0.3466751345582817,0.3376708758805208,0.3398072317072064,448836000
2006-01-27,0.3529331088066101,0.3568248990556554,0.3479726495368899,0.35087272999910957,385044000
2006-01-30,0.3489644229412079,0.3548405612528944,0.3473618968272716,0.3544587124188113,315780000
2006-01-31,0.34308916330337524,0.3491173371479876,0.34041802259667203,0.3472098941214207,384456000
2006-02-01,0.34331801533699036,0.34469160102081864,0.33561041266846436,0.336907994296633,450852000
2006-02-02,0.33286330103874207,0.346675081407539,0.33232944413326765,0.34644614134108237,473736000
2006-02-03,0.33591535687446594,0.34003608663674884,0.32965827182061036,0.3307269134049772,504252000
2006-02-06,0.34537842869758606,0.3457593769215685,0.33355012143095386,0.3349997114311885,363468000
2006-02-07,0.3330923020839691,0.3460652565022008,0.3329393660525832,0.3460652565022008,399408000
2006-02-08,0.3427072763442993,0.3427072763442993,0.33408396682730285,0.33408396682730285,393072000
2006-02-09,0.3369079828262329,0.3491172357050158,0.3347706997309411,0.34377585643054054,437100000
2006-02-10,0.33499959111213684,0.3396550774785457,0.3271399817414058,0.3381285833704205,414996000
2006-02-13,0.3361443281173706,0.33851052425942624,0.3316426497816924,0.33393194127427034,280740000
2006-02-14,0.3367551863193512,0.3379758364787069,0.332329538066749,0.33614442459143173,342348000
2006-02-15,0.3432411849498749,0.3441569181068424,0.33522866310160115,0.33606839218042367,493296000
2006-02-16,0.36018189787864685,0.3609456227437793,0.34728585021583713,0.3496511458308413,1305888000
2006-02-17,0.36224231123924255,0.38704359975133906,0.3601819322728761,0.38666175092756355,2356956000
2006-02-21,0.3545357286930084,0.36209039898940076,0.35140670708540517,0.3614796099107676,684060000
2006-02-22,0.3539247512817383,0.35674789926369255,0.3411047098860726,0.3494990776574483,939756000
2006-02-23,0.3485064208507538,0.35522231313667696,0.3475147113075472,0.3528560901821728,385128000
2006-02-24,0.3484306335449219,0.3542298960653971,0.34659922141404226,0.3500331600952196,416412000
2006-02-27,0.3625481426715851,0.36476052970049866,0.34743880663536936,0.3511016842473336,666468000
2006-02-28,0.35964804887771606,0.363997719293417,0.35613810741028545,0.3609456306880316,563316000
2006-03-01,0.3733077943325043,0.37544414976663665,0.35865631278785687,0.360945604220723,703932000
2006-03-02,0.37384167313575745,0.37910704919809923,0.36903414992872624,0.3729259401346282,545460000
2006-03-03,0.3751392066478729,0.38162525948657683,0.3697209221714874,0.37040771506128206,595800000
2006-03-06,0.37437567114830017,0.3849833592132212,0.37254423174633006,0.3824651266241974,529020000
2006-03-07,0.3679654598236084,0.3773515649305055,0.3605637291752186,0.3744524127589459,606204000
2006-03-08,0.3661341369152069,0.369949951049015,0.3530091739591414,0.36804250792083504,670800000
2006-03-09,0.3680424690246582,0.37674178312002493,0.3678135289337892,0.3705606735716655,536700000
2006-03-10,0.36163240671157837,0.37231516662414943,0.35835047759664074,0.3676605522835551,521580000
2006-03-13,0.36598196625709534,0.3677364725703979,0.362548029798913,0.36529517350735863,372132000
2006-03-14,0.3761310577392578,0.37765755269046836,0.3649135099116813,0.36628709610787924,627792000
2006-03-15,0.38215914368629456,0.38269392849238815,0.3754441775981458,0.37689376754228104,510600000
2006-03-16,0.3691871464252472,0.3833038463438695,0.367889564421418,0.38284599341354286,568416000
2006-03-17,0.37216317653656006,0.37315488632865956,0.36193734109174686,0.3674316573171251,618588000
2006-03-20,0.3693391680717468,0.37552025108322024,0.36895821979208504,0.3754442470027805,293772000
2006-03-21,0.38757753372192383,0.3945214417708142,0.3774286547664542,0.38757753372192383,1235472000
2006-03-22,0.37643587589263916,0.3795648688312392,0.36796547600349583,0.3777334302797891,1158576000
2006-03-23,0.38345667719841003,0.3849831990025918,0.37345980967739956,0.3777334485055471,661992000
2006-03-24,0.39642971754074097,0.3971165105479292,0.3838386124741648,0.3844484735300194,687936000
2006-03-27,0.4071124792098999,0.407418323970095,0.3954370799539072,0.3967346618949259,651444000
2006-03-28,0.4133704900741577,0.4187878748454567,0.40444223563484505,0.405281036783064,795204000
2006-03-29,0.4355766475200653,0.4363394446037858,0.41169106407857636,0.4151250018356323,987096000
2006-03-30,0.43855273723602295,0.44091803317452466,0.42817399189804567,0.4360345052700223,1063308000
2006-03-31,0.4369502067565918,0.444351938800733,0.434279038956472,0.4382468607445473,835560000
2006-04-03,0.44183385372161865,0.4479389610954272,0.43374532602438115,0.43923964429751733,968916000
2006-04-04,0.46251341700553894,0.4632002100116506,0.4419866679354466,0.442444520842684,1200612000
2006-04-05,0.4662531912326813,0.4685424830187617,0.4518306202317617,0.46167460766052043,1112976000
2006-04-06,0.46716898679733276,0.47067892922337023,0.4586216517642098,0.4650317027455379,789312000
2006-04-07,0.46594735980033875,0.4693052936996573,0.4567901918578715,0.46518458995795753,682674000
2006-04-10,0.45785874128341675,0.467626723517931,0.4543487999348983,0.4648795518577131,634230000
2006-04-11,0.446717232465744,0.4593852959809603,0.44397008789951353,0.4593852959809603,702072000
2006-04-12,0.4647265672683716,0.46716879454099375,0.44717500660617826,0.4496172338788004,598308000
2006-04-13,0.4517536759376526,0.4599951092701705,0.44992223721136804,0.45480666510914153,738360000
2006-04-17,0.45297524333000183,0.4642688202507754,0.4493123657403936,0.450990895811073,443868000
2006-04-18,0.4422915279865265,0.44503867219796894,0.4302342549234764,0.4448857362020129,1165488000
2006-04-19,0.4450386166572571,0.44992214294507304,0.43343922515247035,0.4395443016295553,517476000
2006-04-20,0.44442787766456604,0.45236439337259504,0.4337451183671233,0.4410708725574033,552684000
2006-04-21,0.42840278148651123,0.4476328427575587,0.42321431122731396,0.44580140445214916,770016000
2006-04-24,0.4415287971496582,0.4458015358704649,0.4235193801475111,0.4311500523985637,676848000
2006-04-25,0.4412229359149933,0.4422915776713072,0.4288607446390376,0.4364923171917508,719766000
2006-04-26,0.4381708800792694,0.449617339179251,0.4334393604146808,0.4429023724533469,330528000
2006-04-27,0.44519177079200745,0.44931247496892934,0.42702941385649446,0.4364924275792373,462966000
2006-04-28,0.44595441222190857,0.4516016643666656,0.4416807732245391,0.4454965593664515,284736000
2006-05-01,0.4715944528579712,0.4802937927017115,0.44900645626720326,0.44900645626720326,902472000
2006-05-02,0.4709838330745697,0.48075176288938315,0.46289530688997943,0.47510453689565446,539700000
2006-05-03,0.47403690218925476,0.47922537551670485,0.46518467678832387,0.4656425025222882,378114000
2006-05-04,0.4709838330745697,0.4761731788299435,0.46228449061301796,0.46472671868134435,511128000
2006-05-05,0.4773937165737152,0.4790731743897157,0.46686296479914585,0.4734259497250264,338184000
2006-05-08,0.47525739669799805,0.48655097357741,0.4708317493870851,0.47617310244679173,503622000
2006-05-09,0.46075892448425293,0.47708896847133087,0.46014816275098264,0.4746467402537099,561648000
2006-05-10,0.450533002614975,0.4606059014396783,0.4459543923924684,0.4552644942574149,753264000
2006-05-11,0.4345080256462097,0.45938534741484455,0.4309980836536219,0.45511168042604666,1201110000
2006-05-12,0.40184715390205383,0.4262665973769051,0.3928428941606872,0.42413024129786775,1568172000
2006-05-15,0.4076472818851471,0.41115722385952563,0.39757438101276027,0.40108432298713886,553380000
2006-05-16,0.39696359634399414,0.41008858640447565,0.3943693874884306,0.4099365782482202,497532000
2006-05-17,0.38093847036361694,0.39787924355387155,0.3739176599781179,0.3955899520922566,841074000
2006-05-18,0.3636927306652069,0.3876533848890273,0.36323487785916464,0.3839905351501838,686730000
2006-05-19,0.3713234066963196,0.3800227192939757,0.3633868910206067,0.3670497681008321,932808000
2006-05-22,0.366286963224411,0.37010274892463113,0.35621406511779224,0.369339051432588,734886000
2006-05-23,0.36231908202171326,0.38261688298096,0.36079258787749696,0.373917572015207,532314000
2006-05-24,0.36704984307289124,0.37788644112032427,0.3572827874487726,0.36552424891739327,579522000
2006-05-25,0.36506637930870056,0.3794119906261888,0.3630820044606924,0.37391770142549435,423666000
2006-05-26,0.3658292889595032,0.3688813786572072,0.3620134741065263,0.36644005075957486,294642000
2006-05-30,0.35056695342063904,0.36659199768296485,0.3504149452589823,0.3664399895213081,448788000
2006-05-31,0.35071974992752075,0.3586562927284172,0.3485833946128735,0.35529835982768065,598422000
2006-06-01,0.3690342307090759,0.3690342307090759,0.3491933719653529,0.35468768930329153,537126000
2006-06-02,0.3636927306652069,0.376817717082728,0.3600298536358582,0.37498627856805367,673710000
2006-06-05,0.3484306335449219,0.3684235038228266,0.34736199141252355,0.36170856252743033,581052000
2006-06-06,0.33912041783332825,0.3531620401444092,0.32965833411550155,0.3528561954000624,824130000
2006-06-07,0.33301639556884766,0.3433942163335147,0.3304212308241511,0.34278342719696503,565380000
2006-06-08,0.3269111216068268,0.3334740790624345,0.31378616186333885,0.32920041303507014,730572000
2006-06-09,0.3258424997329712,0.33683110471368355,0.3230953553104201,0.3311848077381501,433824000
2006-06-12,0.30783405900001526,0.3244689907908983,0.3060026200080468,0.3201962517279181,463230000
2006-06-13,0.3031025230884552,0.3139382204355417,0.3002024423681861,0.3076811066807368,532548000
2006-06-14,0.3119547367095947,0.3128704424041614,0.3017289016118057,0.3049339261238044,480492000
2006-06-15,0.3392733633518219,0.3403420051680543,0.3208060931156008,0.32340122964532625,837336000
2006-06-16,0.33057400584220886,0.33789973311036403,0.3273689814001674,0.33698402743578476,503448000
2006-06-19,0.320654034614563,0.3359153770053895,0.31989030979381816,0.33423687441114575,388044000
2006-06-20,0.31561750173568726,0.3227903185165288,0.3105810671916153,0.3118017166900534,535818000
2006-06-21,0.3191275894641876,0.32416402590255167,0.3142440617566439,0.3142440617566439,441174000
2006-06-22,0.3098174035549164,0.32355315051055306,0.3076810210855967,0.32263744496304525,532338000
2006-06-23,0.30997028946876526,0.316380309701832,0.3063074402573709,0.3092074926672596,335202000
2006-06-26,0.3070702850818634,0.3128704459052179,0.3055447183951858,0.3095125126411339,281736000
2006-06-27,0.2973032295703888,0.30920753905156645,0.2931824997102297,0.3089016943577501,608514000
2006-06-28,0.31378626823425293,0.3186697695753281,0.29180902486630617,0.299592634735216,833376000
2006-06-29,0.32797983288764954,0.32797983288764954,0.30417118060524206,0.3052388946082073,687666000
2006-06-30,0.3249269723892212,0.33637343650874957,0.3224856713514401,0.3311849895403863,468240000
2006-07-03,0.3296583294868469,0.332710390908147,0.32736901051577677,0.33240547404541776,174696000
2006-07-05,0.3148539066314697,0.3273690066580979,0.3148539066314697,0.32446895340892945,459708000
2006-07-06,0.3050868809223175,0.3179069263257912,0.301881883216705,0.3148539367708962,470634000
2006-07-07,0.29562386870384216,0.3078340530417314,0.2922668355565671,0.30722326409709094,541230000
2006-07-10,0.2828036844730377,0.2985238029789699,0.2802094496946257,0.2963874208923043,449922000
2006-07-11,0.2922669053077698,0.29333464683684557,0.27776745292699134,0.28188815744945184,600582000
2006-07-12,0.2782251834869385,0.29455606807298773,0.27792023936951293,0.2911981350154872,461034000
2006-07-13,0.27105244994163513,0.28082040746621395,0.2696788637486419,0.2739525310822775,540582000
2006-07-14,0.26967883110046387,0.2776153485037366,0.26204815845999124,0.2760888537408898,572148000
2006-07-17,0.27181515097618103,0.27486813979158364,0.2670845602258501,0.2684581186424768,502806000
2006-07-18,0.2866195738315582,0.2895196542837726,0.2710523855985754,0.28112528494486233,979332000
2006-07-19,0.2991347014904022,0.3027975516601692,0.28326164120152614,0.28539892465962363,1055550000
2006-07-20,0.2931825518608093,0.30981748237540346,0.29272469897057335,0.3044761018404057,505602000
2006-07-21,0.271205335855484,0.2844832618281173,0.26906805207517254,0.28326168390567097,633918000
2006-07-24,0.2985239624977112,0.3053918384153095,0.2797517464905321,0.2812782413345301,983178000
2006-07-25,0.3090546429157257,0.31225963999810247,0.2977610944858148,0.3021867686330556,574104000
2006-07-26,0.3090546429157257,0.312717520116019,0.2998974499149924,0.3090546429157257,495318000
2006-07-27,0.3134802579879761,0.3258424468176554,0.3078339619293752,0.31302240520698876,694338000
2006-07-28,0.3459882438182831,0.3465990325852008,0.31973827228829554,0.3215697107119173,815298000
2006-07-31,0.3378998339176178,0.34583637968299596,0.33698412796985167,0.34232550948068874,594762000
2006-08-01,0.3243168890476227,0.3343897596609067,0.3182117848770324,0.33377897088070224,600966000
2006-08-02,0.34919336438179016,0.3508727952942681,0.3307270200737012,0.33148978992702605,756774000
2006-08-03,0.3711705505847931,0.3806335620318958,0.3430891348661615,0.3479726623726813,890568000
2006-08-04,0.3661341369152069,0.3815493470278237,0.3566720247665774,0.3809385580523495,818232000
2006-08-07,0.36186137795448303,0.3664399616815822,0.35484056633632866,0.35972409424104157,436146000
2006-08-08,0.37147632241249084,0.3792599016699678,0.36384472397238793,0.3647604568377114,619806000
2006-08-09,0.3713234066963196,0.38917991199453916,0.3685762625314033,0.37880206955963064,584706000
2006-08-10,0.36872923374176025,0.3708656167535771,0.36094565273992973,0.3672027390524155,1072140000
2006-08-11,0.35712993144989014,0.36644003684116616,0.3406470321096698,0.34186768236686316,1603272000
2006-08-14,0.35529839992523193,0.3652183631701227,0.35331402520914024,0.36155548575281915,809412000
2006-08-15,0.3894849419593811,0.39146931706932286,0.3609456964070403,0.36445563851354185,902172000
2006-08-16,0.41741418838500977,0.4190936187415078,0.3815492256935963,0.3916220963239725,1029246000
2006-08-17,0.4108521640300751,0.4230614446557655,0.4067314342553498,0.4122257497184851,814224000
2006-08-18,0.41756725311279297,0.4197036090448162,0.3969635981246828,0.4113101661831477,665898000
2006-08-21,0.402152955532074,0.41207292014194746,0.4012372496970014,0.4113101503353587,500220000
2006-08-22,0.401542067527771,0.4126836072811264,0.40062636191859813,0.40093130602293436,473928000
2006-08-23,0.4012371897697449,0.4087149253560952,0.3923849404681626,0.4045941951327016,485412000
2006-08-24,0.4053580164909363,0.4074943725301396,0.395894976081828,0.4023049993674378,260802000
2006-08-25,0.40413638949394226,0.4113101369520688,0.39833715591161556,0.402304950592877,238314000
2006-08-28,0.41802504658699036,0.4299293849513748,0.4100885299119711,0.4108522275167581,764562000
2006-08-29,0.4369502067565918,0.43893365371196436,0.4189407900398696,0.42199287877455216,727962000
2006-08-30,0.44595441222190857,0.4505330226480038,0.4383237405248532,0.4393914816567455,681564000
2006-08-31,0.4442758560180664,0.4468700914116824,0.4346608380492659,0.4448857169305547,511278000
2006-09-01,0.425655722618103,0.4412229386735259,0.42397721984388026,0.43771296982047886,605742000
2006-09-05,0.4349658489227295,0.4366443517881753,0.42077224530028734,0.42702933174010227,549354000
2006-09-06,0.4131416082382202,0.4279451024406333,0.4120729662550772,0.4273352413037699,493572000
2006-09-07,0.4213829040527344,0.4306921043642207,0.40199993266645145,0.4064255791379145,742836000
2006-09-08,0.42275652289390564,0.4299293412347828,0.4134464212649048,0.4280979026502957,447978000
2006-09-11,0.4293186068534851,0.4342030349924509,0.40856294613938043,0.4132935376750612,598266000
2006-09-12,0.4406129717826843,0.4433601431204174,0.42626643547643506,0.4273350770488239,498432000
2006-09-13,0.4441230297088623,0.449922263071064,0.44030721602806344,0.4416808019743521,476286000
2006-09-14,0.44244450330734253,0.45022811158393616,0.4366443420192611,0.44198665041825114,428814000
2006-09-15,0.4511437714099884,0.4532801541998776,0.4418336693954369,0.44397005218532615,649764000
2006-09-18,0.46823668479919434,0.4690003825728673,0.45099098961204603,0.45236454852595165,793896000
2006-09-19,0.4560273289680481,0.46854245629572633,0.4522115426799267,0.4651845228806055,708054000
2006-09-20,0.47266313433647156,0.47327302260388,0.4610637406614365,0.46197944635879745,511884000
2006-09-21,0.4688476324081421,0.4769361612723838,0.4644219283400887,0.4722055674846024,539106000
2006-09-22,0.4549587666988373,0.47037394997146753,0.4497703214719929,0.46747389621315905,653334000
2006-09-25,0.4712895452976227,0.4732730193881031,0.44931233580521146,0.46182656179632803,684486000
2006-09-26,0.46136873960494995,0.47205242885182785,0.45541656999347285,0.47083177887575156,516120000
2006-09-27,0.4599951505661011,0.4746466616917127,0.455569503007245,0.4599951505661011,578142000
2006-09-28,0.4512958228588104,0.4531272616949523,0.44000230026414705,0.44198664782786506,647346000
2006-09-29,0.4516015350818634,0.457858619130757,0.44915930820548466,0.4543486787186598,373890000
2006-10-02,0.4401552081108093,0.4523644637443634,0.4364923304458563,0.44946441041363355,647442000
2006-10-03,0.4319137632846832,0.4352707963310812,0.42229874316501936,0.4319137632846832,907692000
2006-10-04,0.4743415415287018,0.47449447749460005,0.43130281179216856,0.43252348859778295,1460382000
2006-10-05,0.460910826921463,0.47724174045871026,0.4596901770314311,0.47251022115683733,662682000
2006-10-06,0.47205257415771484,0.4769361034426283,0.4603011673411284,0.4616747537636708,593610000
2006-10-09,0.5024240016937256,0.5086810604351701,0.46961016657742227,0.4709837524764016,932304000
2006-10-10,0.4909776747226715,0.5018133196359709,0.4853303936050261,0.49982897161523826,624648000
2006-10-11,0.49372485280036926,0.5024241971576332,0.48090480372405975,0.4883825698422286,481944000
2006-10-12,0.4957081377506256,0.505933946112375,0.4885353186481514,0.4964718353588455,414720000
2006-10-13,0.5153959393501282,0.5182959919348504,0.48594097204805836,0.49402949505048144,584190000
2006-10-16,0.5144802927970886,0.525468869644015,0.5053230726499671,0.5170754015995481,478968000
2006-10-17,0.49479255080223083,0.5095970022346346,0.48990907622064556,0.5060870594601576,526506000
2006-10-18,0.48166754841804504,0.5074605237824126,0.4781576061103392,0.5021182417105754,822750000
2006-10-19,0.49082472920417786,0.4944876076494222,0.4760203339538724,0.4798360938684447,473040000
2006-10-20,0.4851774275302887,0.4949453565808458,0.47815754382923287,0.49464041240495676,359478000
2006-10-23,0.4819723963737488,0.49586108411200397,0.48075174632038736,0.48410968016866585,280248000
2006-10-24,0.49601420760154724,0.5015085540247868,0.4815147527087001,0.48288833931451,519288000
2006-10-25,0.5005925893783569,0.5082232894190306,0.49235112768069567,0.5007445975298056,389436000
2006-10-26,0.5164648294448853,0.5181433053451732,0.5018133155020627,0.5018133155020627,366690000
2006-10-27,0.4941825270652771,0.5279111391003224,0.48838236618765957,0.5164646812305268,566988000
2006-10-30,0.5001346468925476,0.5089859403016646,0.4921981312295754,0.4975394835574674,479592000
2006-10-31,0.532184898853302,0.532184898853302,0.5085282801639078,0.5111233897619577,996174000
2006-11-01,0.491129606962204,0.530047569191419,0.4838038510631186,0.5251640412178322,1176540000
2006-11-02,0.4877724051475525,0.5041023878683275,0.4810565395583743,0.493418755878469,862944000
2006-11-03,0.4975394308567047,0.4981502468872981,0.4853301511945243,0.493266720597844,548070000
2006-11-06,0.5126491189002991,0.51951699698629,0.4926562465158393,0.4989133627283174,739602000
2006-11-07,0.5204325914382935,0.5259268812353173,0.5135646609657315,0.5164647691889621,553254000
2006-11-08,0.5280641913414001,0.5344741873269919,0.5155490889953488,0.516769739116447,648324000
2006-11-09,0.5385949015617371,0.5524826610521276,0.534016317782223,0.5388998457428418,1207758000
2006-11-10,0.5256218314170837,0.5366104633839173,0.5123439079464533,0.5340162277504276,1317192000
2006-11-13,0.5494307279586792,0.550957195814275,0.5265377491214628,0.5266906851865173,852282000
2006-11-14,0.5549249053001404,0.5559935472005402,0.5356948091955049,0.5474462131711869,628530000
2006-11-15,0.5457676649093628,0.5608770007337104,0.5427155489441224,0.5532463014629719,491892000
2006-11-16,0.5527883768081665,0.5547717960785934,0.543325339866326,0.5480568583372463,457182000
2006-11-17,0.554314136505127,0.555840658760068,0.5456148481556105,0.5489727823006507,361608000
2006-11-20,0.5595036149024963,0.5625556773781258,0.5433256315346364,0.5474463361507278,608634000
2006-11-21,0.5508041977882385,0.562097777161875,0.5469884379362666,0.5611820712108446,387384000
2006-11-22,0.560266375541687,0.5608771919262832,0.5498885554986553,0.5527886643163776,240258000
2006-11-24,0.5643869042396545,0.5656084819290589,0.5524825666153371,0.557519029744321,144336000
2006-11-27,0.5388997197151184,0.5685075713285765,0.5350839066384165,0.5610298636268656,585294000
2006-11-28,0.5489723682403564,0.5538558930794433,0.5286736438074973,0.5370680361904175,480966000
2006-11-29,0.5570611357688904,0.563777001971465,0.5518726646429781,0.5540090746662314,579792000
2006-11-30,0.5645400881767273,0.5691186731844331,0.5503464528204236,0.5570613942617014,583632000
2006-12-01,0.5424097776412964,0.559045582221116,0.5375262497708205,0.558282812424754,785010000
2006-12-04,0.5643869042396545,0.5714077147381028,0.5474461034863534,0.5494305054368325,621570000
2006-12-05,0.558587908744812,0.5617929072880643,0.5523307931453587,0.5584349726767229,663354000
2006-12-06,0.5578250288963318,0.5604192653689,0.550193454357494,0.5604192653689,478242000
2006-12-07,0.5443940758705139,0.5608769975079158,0.5395105484435685,0.5578248815602292,486894000
2006-12-08,0.54256272315979,0.5500414158138169,0.5326427848019486,0.5404263670864338,564858000
2006-12-11,0.551872730255127,0.5584347879423374,0.5414939855959342,0.5427155634002149,515484000
2006-12-12,0.546225368976593,0.5495833016406467,0.5388996700661008,0.5477518905582752,568116000
2006-12-13,0.5526357293128967,0.5570613781220983,0.5506513811294409,0.5506513811294409,491952000
2006-12-14,0.5624035596847534,0.5694234985036188,0.5566034522437431,0.5570612779002578,715380000
2006-12-15,0.5723235011100769,0.5723235011100769,0.5625555176039541,0.5660663872867815,746094000
2006-12-18,0.5822435617446899,0.5891114380219585,0.5726285131241025,0.5729343306286644,688356000
2006-12-19,0.590637743473053,0.5936898591863967,0.5740019416814302,0.5747656392271857,545622000
2006-12-20,0.5839226245880127,0.5946053810591939,0.5834647446043789,0.5875855007140914,306594000
2006-12-21,0.5788864493370056,0.5888064412806335,0.5723235178533815,0.5871279110506317,367920000
2006-12-22,0.5651506781578064,0.5799541975387192,0.5624035061560805,0.5779707231974907,370170000
2006-12-26,0.564997673034668,0.573239133450891,0.5627083815068846,0.5682027248383769,228192000
2006-12-27,0.5724763870239258,0.5744598066221569,0.567439923625737,0.567439923625737,264954000
2006-12-28,0.5683557987213135,0.57369720785646,0.5657606888856298,0.5730863915065854,213912000
2006-12-29,0.5648446083068848,0.580259811803629,0.5642347747610992,0.5683554767396343,386094000
2007-01-03,0.5506511926651001,0.5726284034596966,0.5309632189434845,0.5657605284976989,1154820000
2007-01-04,0.5480571985244751,0.5506514354720907,0.5346263322468887,0.5486679603894828,797298000
2007-01-05,0.513717532157898,0.5372212650890681,0.5100546545618729,0.535083981551761,1243344000
2007-01-08,0.5175334811210632,0.5274534201538602,0.5066968536364302,0.515549133079685,657270000
2007-01-09,0.5074604749679565,0.5218061149119427,0.5068497132990075,0.5182961729418709,764166000
2007-01-10,0.5324897170066833,0.5372212361161864,0.4944874663368336,0.5021181106888196,1108746000
2007-01-11,0.5305054783821106,0.5366105845906463,0.5218061359541128,0.5324898262044283,924504000
2007-01-12,0.5376793742179871,0.5398157307877041,0.5201278030836949,0.5225700318134664,698190000
2007-01-16,0.5385949015617371,0.5421048434722968,0.5324897957029077,0.5417998992911921,711864000
2007-01-17,0.5273002982139587,0.5343211078879851,0.5253168243736394,0.5311160565017057,707934000
2007-01-18,0.4836520254611969,0.5227220651703411,0.47708909147847933,0.5227220651703411,1501638000
2007-01-19,0.48655083775520325,0.49662370734209743,0.4751043280570467,0.47846226054503044,942606000
2007-01-22,0.48655083775520325,0.4990659343369095,0.48471937218785677,0.49112941980206454,730644000
2007-01-23,0.4867038130760193,0.4944874477226733,0.47525735574977973,0.48426158560987437,630354000
2007-01-24,0.5018132328987122,0.5083762188656724,0.49067171780458047,0.49296100965867773,685722000
2007-01-25,0.484261691570282,0.5082233077175654,0.4818203914471966,0.506391841396019,616284000
2007-01-26,0.48029378056526184,0.49311382266613507,0.4715944409413434,0.4883823041114606,829584000
2007-01-29,0.4606059491634369,0.4784624026159515,0.4564851913490738,0.47815751304071735,1258284000
2007-01-30,0.4694582521915436,0.47251031416553496,0.45953738605469013,0.463658089993501,636174000
2007-01-31,0.467778742313385,0.4722053173331809,0.46136869315369705,0.46716885403492725,467976000
2007-02-01,0.4737309515476227,0.47617317962000116,0.4624374274188921,0.4633531333160939,650898000
2007-02-02,0.486093133687973,0.4883824255401468,0.4723573825749302,0.47632607792708104,586590000
2007-02-05,0.4940294921398163,0.498150248896472,0.48761949884858147,0.4883822684010764,579906000
2007-02-06,0.511580765247345,0.5179907549517493,0.4976920903479689,0.5051707209619657,775386000
2007-02-07,0.5315739512443542,0.5327946009468474,0.5126488048218023,0.5157017936032793,761058000
2007-02-08,0.5247064232826233,0.5321850635906287,0.5189071871713864,0.5234857727754073,726276000
2007-02-09,0.4983035922050476,0.5317273389725714,0.4963192433280142,0.5273007607385444,937956000
2007-02-12,0.5092918872833252,0.5201275841088436,0.496623851064131,0.5019661320558857,789360000
2007-02-13,0.5189068913459778,0.5230275942079926,0.5123439064030363,0.5175333055316346,849732000
2007-02-14,0.5120390057563782,0.526537524103058,0.5108174280942765,0.5234854629927681,1081848000
2007-02-15,0.5150912404060364,0.5176854768495028,0.506849777503002,0.5117333061650318,488682000
2007-02-16,0.4993710517883301,0.513564628313124,0.49784545763404775,0.512954794550976,915060000
2007-02-20,0.5037975311279297,0.5065446480369782,0.4966237849932022,0.5001346540015198,625578000
2007-02-21,0.4963189959526062,0.5050183386685293,0.4912825315075439,0.499676930014802,655332000
2007-02-22,0.499523788690567,0.5121909486803995,0.49830313906107454,0.5041023710023004,655452000
2007-02-23,0.4983035922050476,0.5045607098999051,0.4981507106667989,0.5042557655392498,403050000
2007-02-26,0.49067163467407227,0.5034916778012257,0.48990886500474196,0.49967679241531004,494070000
2007-02-27,0.47586825489997864,0.4967768258596473,0.47510450263947895,0.48533031195534193,714630000
2007-02-28,0.4731208384037018,0.48334571455973535,0.4686942651114512,0.47449442372907114,780048000
2007-03-01,0.46732085943222046,0.47602020011640495,0.45679010733084774,0.46289521231559383,837228000
2007-03-02,0.4543488025665283,0.46884737605888005,0.4534330695776491,0.4632001512819834,682728000
2007-03-05,0.43893370032310486,0.45526458868367464,0.4374081060871683,0.44641236510829724,663558000
2007-03-06,0.4648796021938324,0.46991606592256374,0.4467172488788416,0.4485486877537884,805974000
2007-03-07,0.4517536759376526,0.46472662844954005,0.4497702290797403,0.4625902728732238,811656000
2007-03-08,0.47037389874458313,0.47556237069688195,0.46091085947252586,0.4612167315198715,770622000
2007-03-09,0.46564239263534546,0.48227825197917534,0.46030103908523085,0.4769359705516596,555306000
2007-03-12,0.46289533376693726,0.46961027420737783,0.45969028107441356,0.4603010973868407,428010000
2007-03-13,0.44336023926734924,0.46091084834248236,0.4430543672273897,0.4581637309900193,617070000
2007-03-14,0.4412229359149933,0.44717507782666754,0.42794501160535064,0.444580869319761,971610000
2007-03-15,0.436797171831131,0.44412292543737825,0.43008220698444427,0.44015510454778256,655752000
2007-03-16,0.4326765239238739,0.43786589602165255,0.42962443530418726,0.43710219842664094,525648000
2007-03-19,0.434812992811203,0.441833777754294,0.43343940665645875,0.434965901561601,461508000
2007-03-20,0.4326765239238739,0.4433602122634656,0.4309980211872677,0.4334393209320989,656490000
2007-03-21,0.45740094780921936,0.4645737401515706,0.44168082194822034,0.450228128176357,1268376000
2007-03-22,0.4674738049507141,0.47022092213238875,0.4557224027642105,0.4578587583623096,810954000
2007-03-23,0.46228456497192383,0.4722054870021608,0.4589275583454021,0.4639640234533168,524640000
2007-03-26,0.46320030093193054,0.467016060963858,0.45480680235390425,0.46259041246680743,447336000
2007-03-27,0.45450085401535034,0.46304813270769196,0.4540430011225247,0.4621324269220407,469020000
2007-03-28,0.44580158591270447,0.45450090093652146,0.44503878877802394,0.4506860146761829,459504000
2007-03-29,0.438017874956131,0.45312720950077146,0.43084505645586196,0.4525173485438655,719016000
2007-03-30,0.4392395317554474,0.44717512135221865,0.43695023988416665,0.4439701236486303,581244000
2007-04-02,0.43878161907196045,0.44183368033179926,0.4316078723792247,0.4381708302109814,400830000
2007-04-03,0.43710216879844666,0.44366509904394047,0.4329814387190304,0.43878159929851085,473724000
2007-04-04,0.4361865222454071,0.44000233624783686,0.4349658722139337,0.43649236701608146,361692000
2007-04-05,0.4715944528579712,0.4720523329585405,0.4380178523731437,0.4380178523731437,1332900000
2007-04-09,0.4630481004714966,0.47693591275639186,0.4621323947495944,0.4715945052725274,640950000
2007-04-10,0.45831677317619324,0.4677788865342249,0.45740103988940467,0.46243747744993335,794220000
2007-04-11,0.45007506012916565,0.46381083431250963,0.44854856583442626,0.45923225201489604,810150000
2007-04-12,0.46289533376693726,0.4642689199807288,0.4447338779322545,0.4476330585298053,743640000
2007-04-13,0.4667109251022339,0.46762668530147683,0.45572234852142646,0.46136864492691493,638694000
2007-04-16,0.46426886320114136,0.46900032841422884,0.4583166933900092,0.46548951321816223,671838000
2007-04-17,0.4686945080757141,0.4868568348747478,0.46640521620702874,0.47602026388791663,1059108000
2007-04-18,0.4744946360588074,0.4786153392978774,0.46548947737297275,0.4679316505153354,683802000
2007-04-19,0.4810567796230316,0.48380395230532597,0.4693053735028032,0.4706789598439504,568056000
2007-04-20,0.4867038130760193,0.4883823429959289,0.4802938188057307,0.4880773988713708,590052000
2007-04-23,0.4787673056125641,0.48533023600168057,0.4773937197925303,0.48441453031532966,595272000
2007-04-24,0.49677664041519165,0.5012022864648514,0.483651655778647,0.4868566522765507,1028088000
2007-04-25,0.5053231120109558,0.5080702837271781,0.49372464603111715,0.49601393760096363,509640000
2007-04-26,0.511580765247345,0.5153956479142356,0.5007441493082114,0.5053227289773502,500070000
2007-04-27,0.5047131776809692,0.5155488717964442,0.4966237268568688,0.5099016480631229,554058000
2007-04-30,0.5019659996032715,0.5179910371764139,0.5018130636279855,0.5115810439795588,563388000
2007-05-01,0.5073076486587524,0.5144804694103927,0.5031868899908023,0.5111234085262508,544554000
2007-05-02,0.5013552904129028,0.5120389773945108,0.4987610549871553,0.509901694188085,659658000
2007-05-03,0.5108175873756409,0.5141755215323833,0.5051712343542689,0.5060869948835401,500250000
2007-05-04,0.5144802927970886,0.5170754015995481,0.5086810056778751,0.513564532575668,405246000
2007-05-07,0.5042552947998047,0.5277580939573421,0.5036445333517623,0.5219588621562247,557100000
2007-05-08,0.5080705881118774,0.509292166571229,0.49143564887999064,0.5012027092877971,737100000
2007-05-09,0.510359525680542,0.5132596331227044,0.49860812483527434,0.5044073572613998,417870000
2007-05-10,0.5008974075317383,0.5192117379937146,0.49647176090661943,0.5124968000608486,802584000
2007-05-11,0.5363054275512695,0.5414938433500662,0.5198225097099435,0.5279110326532848,1530630000
2007-05-14,0.5309630632400513,0.5392045216938676,0.5259266558267763,0.5341681142805926,731568000
2007-05-15,0.5262326002120972,0.5356947104871478,0.5250110770840472,0.532489713253944,621360000
2007-05-16,0.5329477190971375,0.5329477190971375,0.5166177303645416,0.526690604579456,523104000
2007-05-17,0.5240954756736755,0.5341684051471641,0.5210434135208794,0.5314212326396615,443664000
2007-05-18,0.53447425365448,0.5359998481710628,0.5236376803327066,0.5280642568734168,604266000
2007-05-21,0.5361524224281311,0.5494303419159579,0.5303531913450481,0.5329474262003793,645768000
2007-05-22,0.5390524864196777,0.543936012199037,0.5279109761284272,0.5366103141725009,401736000
2007-05-23,0.5247064232826233,0.5425628853058865,0.5231799005950085,0.5393578862992809,448248000
2007-05-24,0.5057812929153442,0.5286742222268705,0.5036449360830183,0.5271486819120215,607800000
2007-05-25,0.513717532157898,0.5163117679852693,0.5079182989018867,0.5094438929606045,308976000
2007-05-29,0.5192116498947144,0.5208901794143327,0.510054486217499,0.5115810076497068,316242000
2007-05-30,0.5204325914382935,0.5204325914382935,0.5066967850741952,0.5131068353215779,331650000
2007-05-31,0.5286738276481628,0.5318788790245074,0.5218059539805814,0.5242481811877907,481572000
2007-06-01,0.5323368310928345,0.5425626399718,0.5314211253023001,0.5346261228596809,429084000
2007-06-04,0.5352368354797363,0.5382888964253929,0.5253168459817001,0.5274532013140429,322002000
2007-06-05,0.5511090159416199,0.5520247216831848,0.5358476720366758,0.5367633777782408,698586000
2007-06-06,0.555229663848877,0.5640818845275377,0.5450047308351156,0.5472940220268107,950736000
2007-06-07,0.5492776036262512,0.560876997843651,0.5491255954909234,0.5526355370200168,791862000
2007-06-08,0.5578250288963318,0.5585878534059177,0.5379841686266871,0.5446991638875144,533268000
2007-06-11,0.5598083138465881,0.5631662469869573,0.5547718507841459,0.557824839799564,434634000
2007-06-12,0.5540090203285217,0.5646926522463138,0.553704076237029,0.5569090730246531,526770000
2007-06-13,0.567287027835846,0.5674399638579787,0.5529405155069594,0.5601142083195744,587232000
2007-06-14,0.5773600935935974,0.5794964498661327,0.5639292292647534,0.5646929270998959,508548000
2007-06-15,0.603610634803772,0.6081892170655243,0.5837697841834766,0.583922720162036,1081998000
2007-06-18,0.6039156317710876,0.6118521473734571,0.5990321050016473,0.6097148641568694,685662000
2007-06-19,0.6077317595481873,0.6091052913935335,0.5959794248210619,0.6001001295191786,491952000
2007-06-20,0.6083412766456604,0.6135306753836838,0.6042205740937862,0.6104785598559376,822792000
2007-06-21,0.6559587121009827,0.6613010479964072,0.6153622209063196,0.6200937405796159,1297326000
2007-06-22,0.6657266020774841,0.6695424154011341,0.6463436283689895,0.6562644919378117,882618000
2007-06-25,0.648175060749054,0.6629794519323557,0.6411551778877586,0.6471073469034955,819702000
2007-06-26,0.6181092858314514,0.648327954507605,0.6165827640603357,0.6464964886169519,868482000
2007-06-27,0.634745180606842,0.6355080049563587,0.6150572605213989,0.6181093766347805,613140000
2007-06-28,0.6408489346504211,0.6477168599833276,0.6303181885812779,0.6365762259886507,597534000
2007-06-29,0.6304711699485779,0.6452755536234102,0.6301662259638292,0.6451226722736193,516570000
2007-07-02,0.6567224264144897,0.6570273159882297,0.6374923325370787,0.6394758067779864,563850000
2007-07-03,0.6577900052070618,0.6629793491309753,0.6509221315417612,0.6562644114503061,238770000
2007-07-05,0.6648109555244446,0.666947311213612,0.6547380283525317,0.6579430804059693,373290000
2007-07-06,0.6680158972740173,0.6706101329204249,0.6626745445579834,0.6638951943790703,282720000
2007-07-09,0.6873989105224609,0.690603962492406,0.6703052272413962,0.6704581632544032,536784000
2007-07-10,0.6941140294075012,0.6982347332831539,0.6765624627943942,0.683888219218919,552654000
2007-07-11,0.6910615563392639,0.6986922530304422,0.6814465128156799,0.6939607353110127,582612000
2007-07-12,0.704339861869812,0.7051026317611103,0.6910619347530943,0.6959454632313863,438732000
2007-07-13,0.7000659704208374,0.7107496027741133,0.6993031462224437,0.7023552617311712,372630000
2007-07-16,0.7127328515052795,0.7156329034033868,0.7005235746125855,0.7006765105548154,541710000
2007-07-17,0.7096810340881348,0.7299797684437156,0.7090702725213766,0.7156332030227297,643812000
2007-07-18,0.6967080235481262,0.7015924234709834,0.6829722213804149,0.6994551403168612,550656000
2007-07-19,0.6959452629089355,0.7101388918768936,0.691061735836329,0.7066289506045756,407376000
2007-07-20,0.6883148550987244,0.7029663146422634,0.6849569207979156,0.7005240863289822,505650000
2007-07-23,0.6951824426651001,0.7093760706005213,0.6843458197563397,0.6858723414470258,360474000
2007-07-24,0.6768682599067688,0.6982347122517167,0.6725946201192101,0.6924354781947286,457560000
2007-07-25,0.6736631989479065,0.6866352519579224,0.6580959821177933,0.6770202046634107,437196000
2007-07-26,0.6770201921463013,0.6864832311215144,0.6574852083334285,0.6664894392520154,710268000
2007-07-27,0.6753416657447815,0.706476041903382,0.6750367216073434,0.6753416657447815,615480000
2007-07-30,0.6942667961120605,0.6953345099226016,0.677630939464353,0.6777838754676827,538158000
2007-07-31,0.6983875632286072,0.731505415690014,0.6974718574599076,0.7217383605260561,711492000
2007-08-01,0.6931982040405273,0.7052554239669004,0.6608431219909824,0.6883146765582504,705828000
2007-08-02,0.6901461482048035,0.7017446156801781,0.6808360447170644,0.7011347819055788,468606000
2007-08-03,0.6492435932159424,0.6928931164180093,0.648938649127849,0.6878566539643121,623412000
2007-08-06,0.6547379493713379,0.6596214763512023,0.6364236179313324,0.6547379493713379,524724000
2007-08-07,0.6651159524917603,0.6759525235696868,0.646038792997465,0.6547380803391887,565764000
2007-08-08,0.6957923769950867,0.7165489923330276,0.6719837548732396,0.6771730997412878,660744000
2007-08-09,0.7040337324142456,0.7234167589513524,0.6844987523457545,0.7005237914147026,1251834000
2007-08-10,0.6713739037513733,0.6759524872814333,0.6316921915186001,0.6463437024796093,1141014000
2007-08-13,0.6640481948852539,0.6812939429863883,0.6501595072992014,0.6767153591349241,700410000
2007-08-14,0.6898403167724609,0.7005240069245591,0.666642452578253,0.6686268003823282,1092174000
2007-08-15,0.6606901288032532,0.6959452610662514,0.65977442313249,0.6861773336506761,695142000
2007-08-16,0.6497015953063965,0.6588587617921836,0.6181093381818206,0.6541272425379582,780030000
2007-08-17,0.6880086660385132,0.6886194275143406,0.6469543057563435,0.6677108625821616,728712000
2007-08-20,0.685261607170105,0.6959452953639732,0.6768681384337555,0.6884666590472488,519684000
2007-08-21,0.7223480343818665,0.7278423219438758,0.6791572675446833,0.6893821998478037,715338000
2007-08-22,0.7388312220573425,0.743104861619722,0.7257062324880471,0.7406626337212984,566154000
2007-08-23,0.732573926448822,0.751041192861259,0.7293689295411054,0.7423418531620166,667986000
2007-08-24,0.7363898158073425,0.7377634017494824,0.7250953653977819,0.7304377010264359,361644000
2007-08-27,0.7530247569084167,0.7608083924986848,0.7330318928427788,0.7363898263859041,635946000
2007-08-28,0.7070868015289307,0.7585189801996629,0.7054073437951104,0.7554668645994844,560022000
2007-08-29,0.7472254633903503,0.7481411690976194,0.7203647262564485,0.721890320237725,538560000
2007-08-30,0.7429517507553101,0.7614190174010873,0.7397467538070971,0.7400525712100405,465660000
2007-08-31,0.7808020710945129,0.7837012509421428,0.7543982860914005,0.7585190436668727,720834000
2007-09-04,0.8049156665802002,0.8082735997677574,0.7721027613133161,0.784312043076878,683268000
2007-09-05,0.7988104820251465,0.8241456220035797,0.7982006484085601,0.8014056452729615,656274000
2007-09-06,0.80232173204422,0.8160574862011599,0.7989637975965042,0.8087317833994131,425496000
2007-09-07,0.773018479347229,0.7881278144072594,0.7580611524156201,0.7800383620864811,602304000
2007-09-10,0.7751550674438477,0.80354233468363,0.7687450710496573,0.789806581340909,872112000
2007-09-11,0.7916377782821655,0.7975899473636346,0.776299530006698,0.7845409906901923,405424000
2007-09-12,0.7605034708976746,0.8040000698818501,0.7527198896575252,0.8001082246807534,554452000
2007-09-13,0.7607322931289673,0.77584162819677,0.7552380043536796,0.7749259224977247,452864000
2007-09-14,0.7382972240447998,0.754093352475838,0.7360079324423747,0.7531776467510714,487308000
2007-09-17,0.7366947531700134,0.747225505854602,0.7286822595497956,0.7394419250289562,374828000
2007-09-18,0.8012526631355286,0.8126991188355492,0.7433335372543176,0.7444782101148227,844740000
2007-09-19,0.7866012454032898,0.8241456108368805,0.7788176115196236,0.8085784522315651,521360000
2007-09-20,0.7820225358009338,0.7955293692433173,0.7733232517250788,0.78705899789601,324172000
2007-09-21,0.7895773649215698,0.801252789787804,0.7820226975073059,0.7898063322784669,457532000
2007-09-24,0.8097231388092041,0.8218563888664163,0.7886616357858892,0.7943848916608821,456360000
2007-09-25,0.8200250267982483,0.8234589368646564,0.8026263999403358,0.8049156915116134,360748000
2007-09-26,0.8394840955734253,0.841315507135762,0.822085467407144,0.8241457917695177,518032000
2007-09-27,0.8420022130012512,0.8516172591612738,0.8330739597513026,0.8474965017008292,378280000
2007-09-28,0.8296402096748352,0.8500149243843894,0.8278087433679956,0.8470388393941722,404292000
2007-10-01,0.8646661639213562,0.8687869211369892,0.8358210817359721,0.8367367873679978,398200000
2007-10-02,0.8564247488975525,0.8642083836297059,0.8438336729908892,0.8626058304635166,284960000
2007-10-03,0.8200250267982483,0.841315443869231,0.806518190153406,0.841315443869231,467196000
2007-10-04,0.823687732219696,0.8284952271411359,0.7955293917341053,0.8191091500332757,378976000
2007-10-05,0.8454360961914062,0.8500146787639389,0.8278085041642467,0.8367367565549884,344840000
2007-10-08,0.8591720461845398,0.860545632195886,0.8413155371990849,0.8513884648949417,252484000
2007-10-09,0.8440626859664917,0.8630638130505417,0.831471553984088,0.8591720225129678,403008000
2007-10-10,0.8449784517288208,0.8497859483962752,0.8246037372251419,0.8497859483962752,389136000
2007-10-11,0.8074341416358948,0.8477257510517275,0.7982769725634872,0.8371949957022523,529104000
2007-10-12,0.8271217942237854,0.8271217942237854,0.8037709989309835,0.816362129557979,409952000
2007-10-15,0.8330739140510559,0.8438336326646237,0.8259771271442877,0.829868917033871,355900000
2007-10-16,0.840628445148468,0.8555088640094574,0.8291819900942465,0.8321580738664444,276360000
2007-10-17,0.9051867723464966,0.9077049767637012,0.8724498965987646,0.8733656023340193,717944000
2007-10-18,0.9045000672340393,0.9081629451117705,0.8795467696843324,0.9022107753830853,340620000
2007-10-19,0.8559668660163879,0.9028973657166336,0.8557378986759743,0.9024394856168172,505768000
2007-10-22,0.896487295627594,0.8983187614017284,0.8436046288087491,0.8504725026544813,537656000
2007-10-23,0.900837242603302,0.9081629987917778,0.8763418238083116,0.9081629987917778,294292000
2007-10-24,0.870389461517334,0.8813780387923839,0.8275796617049586,0.8813780387923839,565500000
2007-10-25,0.7943850159645081,0.8516173653459768,0.7689738388663944,0.8436048167834033,806192000
2007-10-26,0.7875173687934875,0.8250618087269426,0.7760709065164678,0.8195674631691431,616580000
2007-10-29,0.7689735889434814,0.7726364655364486,0.7453938856911979,0.7605032175240598,813896000
2007-10-30,0.7971323728561401,0.8133863319755509,0.7623350531321909,0.7751551010575297,525212000
2007-10-31,0.8099520206451416,0.8104098461349557,0.7769861838141993,0.801939474182313,455188000
2007-11-01,0.8099520206451416,0.8262059717346982,0.7863722613274776,0.7973608917981274,587236000
2007-11-02,0.841086745262146,0.8470389157793415,0.8097233936263126,0.8211698543974463,491844000
2007-11-05,0.841086745262146,0.8612325489679593,0.8287245239644975,0.8339899013773219,436636000
2007-11-06,0.8676424622535706,0.8745103380599415,0.8452073685374771,0.8490992139506766,554620000
2007-11-07,0.8264350891113281,0.8706184800979768,0.8195672138345107,0.8671845697500786,546768000
2007-11-08,0.7746970653533936,0.8333029984353224,0.7511173007782382,0.8184225750783835,996824000
2007-11-09,0.7637084722518921,0.7966743181519214,0.7474545166907821,0.790951061306686,871056000
2007-11-12,0.6874749064445496,0.7689737503570453,0.6874749064445496,0.7634794616048027,715732000
2007-11-13,0.7481412291526794,0.7488280221335157,0.6874749706873122,0.6986925165996107,726696000
2007-11-14,0.736466109752655,0.7744683766026842,0.7325743179163314,0.7671426732676795,666720000
2007-11-15,0.7266218662261963,0.7385262046038576,0.7096810644008279,0.7316583296739034,496436000
2007-11-16,0.7428757548332214,0.7449361335043313,0.7266218019771681,0.7325739706396988,423592000
2007-11-19,0.6927403807640076,0.7360080131698659,0.6888485900711239,0.7323451352880272,568412000
2007-11-20,0.6874749064445496,0.706933911727469,0.6664134025497683,0.7057892386727017,622628000
2007-11-21,0.6801491379737854,0.696403145704457,0.6709919720447929,0.6730523507531205,648452000
2007-11-23,0.6918246746063232,0.6948007594725729,0.6762574572612463,0.6849567990490601,141976000
2007-11-26,0.6757996678352356,0.7055605204953628,0.6744261362041016,0.6913668872713814,385896000
2007-11-27,0.7048733830451965,0.706933761356909,0.6801490070476577,0.6854143819013649,458856000
2007-11-28,0.7520331144332886,0.7621059877222397,0.723645851644849,0.7270798167325728,574548000
2007-11-29,0.7582143545150757,0.7806494521992831,0.7476835988331852,0.7508885971934907,489084000
2007-11-30,0.7220433950424194,0.7829386277063616,0.7197541030436709,0.7829386277063616,652656000
2007-12-03,0.732573926448822,0.7460807615096393,0.7213563826908037,0.732573926448822,490688000
2007-12-04,0.7318872213363647,0.7382972159202094,0.7176935917251163,0.7357790115595585,371712000
2007-12-05,0.7698895931243896,0.7840832249606663,0.7504306389579882,0.7598167195217215,666704000
2007-12-06,0.7854567766189575,0.7879749812640178,0.7611902722433975,0.7680581477507623,371152000
2007-12-07,0.775613009929657,0.789577677240494,0.7676004592132342,0.7886619711937407,320292000
2007-12-10,0.7840832471847534,0.7932404151887347,0.7758417850649649,0.7781310770659603,336360000
2007-12-11,0.7849987149238586,0.8154463493393257,0.7831673037110684,0.8007948413129629,582436000
2007-12-12,0.8120124936103821,0.826206123439948,0.7962163651102063,0.8181935755058818,617504000
2007-12-13,0.789806604385376,0.8074341495647566,0.7664558011890227,0.8021687718383138,500364000
2007-12-14,0.8028554320335388,0.8115547740457912,0.7808782187670914,0.7861435956216061,354016000
2007-12-17,0.7618769407272339,0.801939568596002,0.7600454748093337,0.7943849013145713,507408000
2007-12-18,0.7813359498977661,0.7898063228959501,0.7657687351213898,0.7735523152190709,396896000
2007-12-19,0.7886618375778198,0.7959875938727812,0.7753839656968579,0.7785889636080183,253536000
2007-12-20,0.8051446676254272,0.8069761337751183,0.7845410418632914,0.8012528771062369,279940000
2007-12-21,0.8049156665802002,0.8218564127667289,0.7975899119466131,0.814759625489889,433408000
2007-12-24,0.8191094994544983,0.8230012905150415,0.8049158667893782,0.8108680370870424,104008000
2007-12-26,0.8300978541374207,0.8300978541374207,0.8126992282155329,0.8207117755744472,215340000
2007-12-27,0.8044577836990356,0.8333029220023459,0.8023974595624535,0.8287242844362374,241368000
2007-12-28,0.796445369720459,0.8126993245545586,0.7895774399809578,0.8030842775002769,262064000
2007-12-31,0.7788176536560059,0.8044577387730344,0.7785887408938394,0.7900351977173322,276236000
2008-01-02,0.7556959986686707,0.784083207114075,0.7453941579001554,0.7811071222067717,483964000
2008-01-03,0.7497435212135315,0.7751546343247491,0.7469963502475614,0.7600453031739165,475308000
2008-01-04,0.6867882609367371,0.7309716569595774,0.6822096768969743,0.7273087788115618,736092000
2008-01-07,0.6158198118209839,0.6970897152752511,0.6032286854120279,0.6913664611127265,1006800000
2008-01-08,0.6288689970970154,0.6705341260258311,0.604831408020117,0.6192539505500526,1106956000
2008-01-09,0.6613770127296448,0.6616059801146098,0.627953341788948,0.6373394217228895,741036000
2008-01-10,0.6476410031318665,0.657942839325334,0.63482096335864,0.6432913341096469,554432000
2008-01-11,0.6192539930343628,0.6455808755161372,0.6146754095228386,0.6323030051651254,572612000
2008-01-14,0.6604613065719604,0.6613770123682555,0.6183382941321695,0.6284111670534589,539188000
2008-01-15,0.6119281649589539,0.6428336245277287,0.6011684468206475,0.6352789578460506,725692000
2008-01-16,0.5427915453910828,0.5805648825224229,0.5302004148202978,0.5734680952296618,1464472000
2008-01-17,0.5334054231643677,0.5659133850546288,0.5320318373161425,0.5512619300292637,1133900000
2008-01-18,0.5686606764793396,0.57163676158342,0.5155490794264042,0.5350080344365136,920428000
2008-01-22,0.540273129940033,0.5535510495722088,0.5111991417047844,0.5144041379673789,709092000
2008-01-23,0.5501174330711365,0.5663713903164683,0.5132597927128383,0.5182962024942508,929880000
2008-01-24,0.5922403931617737,0.59246936057329,0.5556117203942685,0.5608770975627002,597092000
2008-01-25,0.5711787343025208,0.6286400423854365,0.5684316173159005,0.6149042937092948,688012000
2008-01-28,0.5643109679222107,0.5748417215047499,0.552177715478984,0.5691185190852974,577608000
2008-01-29,0.5817097425460815,0.5839990895832781,0.5595036111794424,0.574384039434995,414484000
2008-01-30,0.5766733288764954,0.5853726183320077,0.5601904014459024,0.5723236568582205,530476000
2008-01-31,0.562937319278717,0.5734680706692331,0.5455386390848099,0.5640819376919405,588708000
2008-02-01,0.6149044632911682,0.6181094612832913,0.5569853136943811,0.5617928106825658,593104000
2008-02-04,0.5956739783287048,0.63161588966442,0.592468982423378,0.6281819264937176,565128000
2008-02-05,0.5583586096763611,0.5839987465375658,0.5581296969395216,0.583769779219721,494928000
2008-02-06,0.5565270781517029,0.5798778642658933,0.5462252430898268,0.5643106553294351,557380000
2008-02-07,0.5620216727256775,0.5778178030063841,0.5288269133130218,0.540502340059251,664128000
2008-02-08,0.5720945596694946,0.5764441757053639,0.5494305553996248,0.5567562561122055,393932000
2008-02-11,0.5739261507987976,0.5862883735478363,0.5700343591377983,0.5769022364068035,503732000
2008-02-12,0.5952165722846985,0.6034580358751658,0.5794204382847226,0.582625491322875,609688000
2008-02-13,0.6185669898986816,0.6203984554296849,0.5933847891406548,0.5997947820466607,742312000
2008-02-14,0.5176094770431519,0.6009398171273544,0.5162359452930623,0.6004819368233011,2184296000
2008-02-15,0.5098258852958679,0.529513810158694,0.5015844220299135,0.5155491433848208,817364000
2008-02-19,0.5022711157798767,0.5201276250856539,0.497921444859594,0.5192118646743139,558608000
2008-02-20,0.4986080825328827,0.5059338360550737,0.48555912841854765,0.48761950683060257,759016000
2008-02-21,0.48739075660705566,0.50616297425625,0.4844146713243408,0.5036447692405032,644272000
2008-02-22,0.510970413684845,0.5118861194364249,0.48761961682395477,0.4912824398302743,723052000
2008-02-25,0.5107415318489075,0.5164647892715815,0.49723469236270135,0.5105126190179294,671784000
2008-02-26,0.5150912404060364,0.5228748230329453,0.499981900847312,0.5077654834742209,565420000
2008-02-27,0.5231037735939026,0.5272244776220306,0.5093679661444055,0.5125730188118719,537816000
2008-02-28,0.5034157037734985,0.5194408004430008,0.5034157037734985,0.5185250946684344,503608000
2008-02-29,0.4896799623966217,0.5018132142300533,0.48761963801129937,0.4951743063068708,540576000
2008-03-03,0.483956515789032,0.49242688559707387,0.4775464693255181,0.4889929223878712,449028000
2008-03-04,0.47914907336235046,0.4816673318002146,0.4603768643522087,0.4807515716877155,778888000
2008-03-05,0.48464351892471313,0.49608997695857376,0.47869134983090217,0.4837277586171905,644656000
2008-03-06,0.45419585704803467,0.48189632226545587,0.45350906414338665,0.47869132509777484,1075284000
2008-03-07,0.4475569725036621,0.46518454076106946,0.4349658406238668,0.44595444645079946,767500000
2008-03-10,0.4219168722629547,0.4475569609613892,0.4212300792995128,0.4420626445443634,776100000
2008-03-11,0.43588152527809143,0.4402311681913935,0.4175671660738792,0.43496579230810184,857940000
2008-03-12,0.42397719621658325,0.44389405440513685,0.42031431884407716,0.4400022642534165,743320000
2008-03-13,0.4509909451007843,0.4574009679379083,0.41482009999911934,0.417338304737999,1220528000
2008-03-14,0.41939857602119446,0.4537379732998315,0.41619355178133227,0.4532801204914242,1154972000
2008-03-17,0.4088679254055023,0.4230615569860486,0.39627679269325616,0.40108431658866855,800952000
2008-03-18,0.4342789947986603,0.4349657876962437,0.406578557156681,0.41848286731626866,1075256000
2008-03-19,0.404289186000824,0.43015817991361793,0.404289186000824,0.4242060396523256,880476000
2008-03-20,0.42397719621658325,0.4248929019144559,0.4017710464928403,0.40909677394734467,633460000
2008-03-24,0.4585455358028412,0.46106374011284146,0.4317608030555553,0.43336330166928416,887440000
2008-03-25,0.4651845395565033,0.4738838263268931,0.4562562854056414,0.46060595608134647,735388000
2008-03-26,0.45030418038368225,0.4622085209543066,0.4452677432986949,0.45900352297945485,721652000
2008-03-27,0.44389402866363525,0.4560272785546309,0.43656827434344503,0.4434361758412499,601308000
2008-03-28,0.450533002614975,0.4622084000077768,0.4473279781882711,0.45190656112027067,561788000
2008-03-31,0.45305123925209045,0.46381093174414745,0.4473280101778086,0.45534053088180315,569992000
2008-04-01,0.48075157403945923,0.48189624689517985,0.4599190411267998,0.46655800177936396,676872000
2008-04-02,0.46610027551651,0.4821253187172212,0.46243739758299984,0.4821253187172212,616536000
2008-04-03,0.45740094780921936,0.46289526455233015,0.44389410969493603,0.4622084715481274,841984000
2008-04-04,0.4299294352531433,0.4505330897211647,0.42878478929883723,0.44824377052204034,1535528000
2008-04-07,0.44023123383522034,0.44687019651819276,0.4367972960893588,0.4404601739344823,729496000
2008-04-08,0.4377129375934601,0.45190656669000034,0.43496579325850326,0.43496579325850326,639476000
2008-04-09,0.44641220569610596,0.45099078794275277,0.43862859950250477,0.4427493289825874,675232000
2008-04-10,0.4551115334033966,0.4695341007353643,0.4416046989272146,0.45121971652468923,1092184000
2008-04-11,0.4242061674594879,0.44915946340107255,0.421458995582976,0.44641231881507043,1106280000
2008-04-14,0.41001251339912415,0.4235193500439665,0.4074942817545156,0.42260361704115057,780004000
2008-04-15,0.4148201048374176,0.4164226037427614,0.4031447049875319,0.4120729326676708,439916000
2008-04-16,0.4313029646873474,0.43679728126860773,0.4230615307512225,0.4306161989938865,646836000
2008-04-17,0.42535072565078735,0.42695322405482106,0.41115709818233576,0.4113860382216995,596968000
2008-04-18,0.4354236423969269,0.44229154411168353,0.4294715009368815,0.4383997267722031,573540000
2008-04-21,0.45488274097442627,0.4578588259630755,0.43198979421816996,0.43198979421816996,679892000
2008-04-22,0.44641220569610596,0.45144864070931684,0.43679716114574546,0.4466411184341366,587668000
2008-04-23,0.4679314196109772,0.47296788071213314,0.4466410117894881,0.45259317820512895,1020496000
2008-04-24,0.4567141532897949,0.47296813607645294,0.4498462778515751,0.470678844263713,655764000
2008-04-25,0.4612928032875061,0.46243742200033955,0.44664129077984505,0.46106383588011796,552208000
2008-04-28,0.45305123925209045,0.4661002233738602,0.4512198004902185,0.45923234848472194,535700000
2008-04-29,0.4624372720718384,0.46816052752352816,0.44801473164755073,0.44801473164755073,573408000
2008-04-30,0.47044995427131653,0.4754863637549729,0.464726697171405,0.4679316949484636,1068320000
2008-05-01,0.49219822883605957,0.4933428474469599,0.4738838398324567,0.4761731316352793,1014624000
2008-05-02,0.5155490040779114,0.5155490040779114,0.4981503762357568,0.5057050443064426,1131016000
2008-05-05,0.5027289390563965,0.5144043098781127,0.5015842659623564,0.5121150182710497,943392000
2008-05-06,0.5157779455184937,0.5169225641419442,0.4935717656647144,0.5013554015444727,729036000
2008-05-07,0.5038736462593079,0.5240194486960589,0.4995239750659707,0.5171515726660129,715632000
2008-05-08,0.5025001168251038,0.5093679936299282,0.480980780419527,0.5077654945002391,1360000000
2008-05-09,0.5157779455184937,0.5363815719698061,0.5029579003659169,0.5038736061808818,2030352000
2008-05-12,0.5011264681816101,0.5224169436660545,0.49609005856681787,0.5224169436660545,1006652000
2008-05-13,0.49082472920417786,0.5036447764720173,0.4871618507589335,0.5036447764720173,854108000
2008-05-14,0.5052471160888672,0.5182960720843756,0.49082457428730225,0.49700565583354234,751148000
2008-05-15,0.5443940758705139,0.5466833675100965,0.501813185877056,0.5041024775166386,1165464000
2008-05-16,0.55881667137146,0.5599613445897379,0.5409601621496909,0.5535512946456324,1091556000
2008-05-19,0.5471412539482117,0.5794202500623837,0.5432494089933507,0.5590455378620177,1158532000
2008-05-20,0.5329477190971375,0.5384420091615427,0.526766635952053,0.5322609260164582,771404000
2008-05-21,0.5285979509353638,0.5549248322679551,0.527453277816938,0.5343212073654561,1066660000
2008-05-22,0.5414178371429443,0.5457675063941352,0.5276820912159231,0.5361524624128192,693108000
2008-05-23,0.5290557146072388,0.5448518399286769,0.5212720810264535,0.5405021703660332,802672000
2008-05-27,0.534778892993927,0.5354656857690421,0.5198984738347756,0.5299713981491262,832856000
2008-05-28,0.5398153066635132,0.550803880916323,0.5336342268236827,0.5494303500704713,751736000
2008-05-29,0.5384419560432434,0.5409601607032893,0.528597995632671,0.5400444548797293,693460000
2008-05-30,0.5654556155204773,0.5672870271122314,0.5521776904466842,0.5537801892347245,830244000
2008-06-02,0.5677450299263,0.5720947016224662,0.5592746539681571,0.5654557376516389,734660000
2008-06-03,0.5485146641731262,0.5704919248100149,0.541875758014719,0.5695761646810562,840696000
2008-06-04,0.5549249053001404,0.556069523988188,0.533405517238384,0.5363816022407437,831724000
2008-06-05,0.5688895583152771,0.5803360724495319,0.5624795627978779,0.5741549351678655,827860000
2008-06-06,0.5508041977882385,0.5627085388947253,0.5475991996691169,0.5620217457861949,784876000
2008-06-09,0.5423336625099182,0.5551537057919983,0.5313450851715722,0.5475990384040049,637916000
2008-06-10,0.5102836489677429,0.5283690705317198,0.5068496839829909,0.5276822775347694,1225208000
2008-06-11,0.4864749610424042,0.5226458034580233,0.4857881680589792,0.510283638918415,999428000
2008-06-12,0.48945102095603943,0.5070785610873039,0.48533026326445994,0.4974635689689876,825992000
2008-06-13,0.4878486394882202,0.49586113484536487,0.4734260932643289,0.49013793167326597,705748000
2008-06-16,0.48120975494384766,0.4871619265203986,0.477317963047112,0.4825833413970579,630496000
2008-06-17,0.4695340692996979,0.48830622316469224,0.46838939648397654,0.4880773104339496,687912000
2008-06-18,0.4557983875274658,0.480751654087899,0.44824369279051746,0.464726613506573,1065272000
2008-06-19,0.4546538293361664,0.4647267309062146,0.4436652218463476,0.4583167348867918,784928000
2008-06-20,0.45236441493034363,0.4574008779988038,0.44435189478207504,0.4445808348453712,741008000
2008-06-23,0.4429784119129181,0.4562563382781763,0.43908662096614287,0.4557984853357051,776616000
2008-06-24,0.4576297700405121,0.4681605485364631,0.4404600847863117,0.4404600847863117,1078928000
2008-06-25,0.4601479768753052,0.4681605235230002,0.45282225034968887,0.4647265593651284,900976000
2008-06-26,0.4365682899951935,0.44984621335394886,0.4365682899951935,0.44641227612718676,845532000
2008-06-27,0.44137588143348694,0.44389411337292534,0.4283269234075593,0.4383997965842901,584140000
2008-06-30,0.42855581641197205,0.4402312151690594,0.42557973170031155,0.4363394246802003,653940000
2008-07-01,0.4292426109313965,0.4297004638216398,0.4157357732809032,0.4235193815770799,881464000
2008-07-02,0.4127597510814667,0.42992946903571494,0.4120729579968144,0.4271823239876204,763196000
2008-07-03,0.2859327495098114,0.3005842304168139,0.2838723982261027,0.29715029341696253,2987520000
2008-07-07,0.27700451016426086,0.2921138431127836,0.26922090365209606,0.29028240468106814,2202692000
2008-07-08,0.27540209889411926,0.28570394094104523,0.2701367214494063,0.27883606443677145,1805288000
2008-07-09,0.2705945372581482,0.2802095566156715,0.2705945372581482,0.27608882623658754,1413168000
2008-07-10,0.2699076533317566,0.27517302774735275,0.26487119162696915,0.27196800418153355,1056992000
2008-07-11,0.2671605944633484,0.2737995291199597,0.25914804665392593,0.26441342273874263,807760000
2008-07-14,0.2550274431705475,0.27128143236459845,0.25319600354029187,0.26922107983713706,882316000
2008-07-15,0.2577745020389557,0.2630398784088585,0.2449544575983671,0.25273803846482534,1122484000
2008-07-16,0.2591479420661926,0.26601581402493335,0.25159327745347837,0.25869008939370935,1034392000
2008-07-17,0.2600638270378113,0.26326882491306536,0.2499909258903454,0.26326882491306536,862080000
2008-07-18,0.26464226841926575,0.2662447664933633,0.2509064965670762,0.2582322488323769,899720000
2008-07-21,0.2662448585033417,0.27265488030543183,0.2639555669519172,0.2687630901261118,571636000
2008-07-22,0.2605217695236206,0.26487141489086097,0.25548533086404684,0.26372676850047955,555924000
2008-07-23,0.2683052718639374,0.27105241662170804,0.26120845622339434,0.26235310214667473,594876000
2008-07-24,0.2525092661380768,0.26807646382141914,0.25182247278768194,0.2655582306334796,705628000
2008-07-25,0.26464226841926575,0.26555797380717905,0.2497618511869353,0.2550272253936832,1039600000
2008-07-28,0.26395562291145325,0.27265493810925384,0.2600638319070596,0.2612084779254409,734808000
2008-07-29,0.26670271158218384,0.2733416734612618,0.2614373355513311,0.26441342002881374,764636000
2008-07-30,0.26281091570854187,0.2724259618568944,0.2568587468824672,0.2719680817237291,588492000
2008-07-31,0.26189517974853516,0.2676184078464306,0.259148008429142,0.26212409249814844,487236000
2008-08-01,0.2481594979763031,0.2559431074792537,0.2449544999571857,0.2550273742662813,881060000
2008-08-04,0.24220727384090424,0.2495330287563729,0.2415204809062655,0.2481594428870954,522052000
2008-08-05,0.25617194175720215,0.25617194175720215,0.24403869190757366,0.2467858361230258,685844000
2008-08-06,0.26303985714912415,0.26532914866487917,0.24861728785125847,0.25685874822417953,814864000
2008-08-07,0.2589191198348999,0.27242595578033046,0.25594303548824526,0.2607505584551879,819232000
2008-08-08,0.251822292804718,0.26326874949518025,0.2509065598951778,0.26097945815708784,853764000
2008-08-11,0.25708767771720886,0.2632687590974004,0.25273800764188414,0.25365374058482393,1196436000
2008-08-12,0.25342482328414917,0.25983484529832573,0.2497619457644743,0.25914805235207306,1410868000
2008-08-13,0.28066742420196533,0.28478815479716446,0.266931673744975,0.27357063617349314,2095260000
2008-08-14,0.29760828614234924,0.30882583532329183,0.27860715368525724,0.27860715368525724,1635304000
2008-08-15,0.29669249057769775,0.30630753762906293,0.29463211165647235,0.302873572760354,777652000
2008-08-18,0.3026445806026459,0.30539172448674096,0.29554776721910614,0.2987527638687999,893968000
2008-08-19,0.3072231709957123,0.30905460939723045,0.2964634806207321,0.2964634806207321,1014140000
2008-08-20,0.3223326504230499,0.3232483563953926,0.3095126030671566,0.31180189528852925,1143692000
2008-08-21,0.3118017911911011,0.3191275456861469,0.3053917696531895,0.31660931416716154,1021560000
2008-08-22,0.3115728795528412,0.31775398888322937,0.30493394463788054,0.3140911113015556,459264000
2008-08-25,0.3069942891597748,0.31706718863243444,0.3060785834306733,0.30974146092809657,471600000
2008-08-26,0.29966863989830017,0.3088258087483791,0.2964636144264631,0.30859689590143663,613112000
2008-08-27,0.3019578158855438,0.30562069293191957,0.29005347913007534,0.2928006505601098,454620000
2008-08-28,0.300813227891922,0.30562075152567775,0.29783714313247844,0.3024157266730037,365192000
2008-08-29,0.2893667221069336,0.2976081547688581,0.288450989173049,0.29669244912547965,516004000
2008-09-02,0.2820409834384918,0.2966924655785895,0.27814919330255455,0.29417423398389075,693928000
2008-09-03,0.26693156361579895,0.2792937503010725,0.264413332821438,0.27814910490190825,714856000
2008-09-04,0.26326873898506165,0.2667026758551119,0.2616662405704724,0.2639555318171726,716128000
2008-09-05,0.2671605944633484,0.26784736010399157,0.26075057259011536,0.2609794853734937,791100000
2008-09-08,0.25617194175720215,0.2696787773598098,0.2518222990236118,0.2696787773598098,1314840000
2008-09-09,0.2474726140499115,0.2708234066969189,0.2465569084635798,0.25525622069574877,1098296000
2008-09-10,0.24770155549049377,0.25548516218028433,0.24609905706011193,0.2504486995555062,644284000
2008-09-11,0.2357972264289856,0.24083368921120424,0.22801363314113113,0.2335079350881609,1066976000
2008-09-12,0.2332790642976761,0.2353394159588945,0.22000115302870682,0.23373691719011236,1209200000
2008-09-15,0.21290433406829834,0.22847153682593938,0.210157175824507,0.22503758560988646,863984000
2008-09-16,0.2195432484149933,0.22114576055110227,0.2014578303310289,0.2053496338227912,1240840000
2008-09-17,0.22892937064170837,0.2339658065345951,0.21244644984243166,0.21450681494234125,1392580000
2008-09-18,0.24930404126644135,0.26143728983575415,0.23121862478297414,0.23167647755548526,1611060000
2008-09-19,0.2612084448337555,0.26326879648961676,0.24953304600918072,0.2612084448337555,1107344000
2008-09-22,0.25571420788764954,0.2667028171515653,0.2543406214957155,0.2591481465769658,700072000
2008-09-23,0.24838832020759583,0.2630397990463735,0.24747258742926515,0.2536536949888675,821468000
2008-09-24,0.2575456202030182,0.2625820576257543,0.2438098668916382,0.24518342584846664,866036000
2008-09-25,0.2625819742679596,0.26876308312827335,0.25319586823530393,0.257545538444062,588328000
2008-09-26,0.26761841773986816,0.26944985625700096,0.2513644384247591,0.2561719338304143,646852000
2008-09-29,0.2312186360359192,0.2637265938238549,0.2289293447714451,0.260521596969793,975240000
2008-09-30,0.24518340826034546,0.24747270031468746,0.23236336183982467,0.23488159401580647,659044000
2008-10-01,0.23831553757190704,0.2458702069828844,0.23396586619442816,0.2415205356054055,557208000
2008-10-02,0.21359114348888397,0.23991801387098166,0.2124464838985479,0.23991801387098166,787728000
2008-10-03,0.20672324299812317,0.22320616554865363,0.20534967066733073,0.21702506959220472,915828000
2008-10-06,0.17970958352088928,0.19733713855161933,0.16734739143810032,0.1968792856501481,1677440000
2008-10-07,0.1657448559999466,0.18657743303205593,0.1643712838408224,0.18611958019409905,1059984000
2008-10-08,0.16917888820171356,0.17902285175774754,0.1581902647099625,0.15979277770375833,1219456000
2008-10-09,0.1584191769361496,0.17787818940758424,0.15658775122392452,0.17535995687972905,909636000
2008-10-10,0.15590089559555054,0.16780521935949305,0.1437676454149512,0.14468336472683194,1200252000
2008-10-13,0.18428809940814972,0.18451702577477652,0.16711840358713276,0.16917876817727484,916536000
2008-10-14,0.18016742169857025,0.1923006726938046,0.17513097196770222,0.19115602688841474,1209012000
2008-10-15,0.1607084423303604,0.17993850978702217,0.1607084423303604,0.17902279033976368,854064000
2008-10-16,0.17627562582492828,0.17719134524011884,0.15796127845688177,0.16551594657563526,1019820000
2008-10-17,0.17513087391853333,0.18520376774083616,0.16803407662739606,0.17123908581717484,839416000
2008-10-20,0.17856496572494507,0.18245677087837117,0.17421530756300235,0.18108319820756258,595764000
2008-10-21,0.16482916474342346,0.17696241610849678,0.16391344534214825,0.17513097730594634,659116000
2008-10-22,0.1586480438709259,0.1694077212511614,0.15429838763828826,0.16253983365287653,600996000
2008-10-23,0.14971980452537537,0.1620819951023779,0.14330978281402304,0.15819019133289478,832192000
2008-10-24,0.15132229030132294,0.15910588283326077,0.1366708107686447,0.13735760356229418,798336000
2008-10-27,0.1595637947320938,0.16894988826463878,0.1455990903667963,0.1504066140023546,698936000
2008-10-28,0.18360136449337006,0.1838302909321036,0.16505809098662264,0.1680341756259229,849920000
2008-10-29,0.18955358862876892,0.20145791698582718,0.18154105179222932,0.18245677145742745,977284000
2008-10-30,0.19756604731082916,0.2014578512058556,0.18543279641053234,0.2003132054094221,657176000
2008-10-31,0.20054218173027039,0.2044339865934948,0.190927146461061,0.19138501308069436,608672000
2008-11-03,0.193216472864151,0.2085547549027639,0.19001146053977427,0.20489187587761334,723924000
2008-11-04,0.20557859539985657,0.20557859539985657,0.19458998955468018,0.19985536603158868,619560000
2008-11-05,0.1948188990354538,0.2037471388015281,0.1948188990354538,0.19802390993164123,787620000
2008-11-06,0.17444415390491486,0.19024026523797777,0.17398628749735792,0.18337239193188531,797936000
2008-11-07,0.19962641596794128,0.20763895032849028,0.1854327996565526,0.1987106965857139,1132068000
2008-11-10,0.18680636584758759,0.20832573651874398,0.18245670915704368,0.20718107709414965,576396000
2008-11-11,0.17856496572494507,0.18543285636950532,0.17673354004561984,0.18405928369869673,576484000
2008-11-12,0.168034166097641,0.17719133228976866,0.1659738009753615,0.17307060204520963,646092000
2008-11-13,0.18176989257335663,0.1819988189531931,0.15704551606499,0.16025052631845405,797228000
2008-11-14,0.1641424000263214,0.17535993392040158,0.16345560694586986,0.174444228006809,741024000
2008-11-17,0.1607084423303604,0.16688952472015814,0.1591059298863442,0.16253986757962194,388224000
2008-11-18,0.15544304251670837,0.16482914839209326,0.15017766671565116,0.16391342908165896,564488000
2008-11-19,0.14262297749519348,0.15796123605821402,0.14193618470683014,0.1540694329995739,500220000
2008-11-20,0.13506828248500824,0.148575114827084,0.13346578435371098,0.14147830230069677,847036000
2008-11-21,0.14605695009231567,0.14605695009231567,0.13163439350393558,0.13941800153682532,599064000
2008-11-24,0.15567199885845184,0.15750343783138526,0.14651481763904078,0.1549852058322878,600308000
2008-11-25,0.16002163290977478,0.1629977173966004,0.15544304978866091,0.1625398508973366,528256000
2008-11-26,0.17421531677246094,0.1746731834504402,0.15635883017223468,0.15727453623767448,600792000
2008-11-28,0.17101025581359863,0.17398634061289528,0.16872096401267983,0.17146812236093567,175248000
2008-12-01,0.1563587337732315,0.16574482431930898,0.15612979375275934,0.16414232604750953,547112000
2008-12-02,0.16505806148052216,0.16711842635131868,0.15727445479295654,0.15933481966375304,479988000
2008-12-03,0.1735285073518753,0.17375743382882744,0.15727450916416086,0.15864809531638777,584632000
2008-12-04,0.1620819866657257,0.1785648929318444,0.1581901830988178,0.17009450656522349,466292000
2008-12-05,0.16849204897880554,0.16917884202372108,0.15429843066418383,0.15704557555333312,438484000
2008-12-08,0.162997767329216,0.17513102177516157,0.15910596229690413,0.17169708338237602,707992000
2008-12-09,0.1787937879562378,0.18520380771948128,0.1591058623147044,0.1609373004314167,829760000
2008-12-10,0.1957346647977829,0.2003132489794012,0.17925173991154553,0.1822278250877003,961124000
2008-12-11,0.1874931901693344,0.20145788193189967,0.18520389822730812,0.19459000610582086,582700000
2008-12-12,0.1968793421983719,0.19802398842607388,0.17833604874813294,0.18199892759298678,679268000
2008-12-15,0.19046923518180847,0.19916854819404656,0.1842881400482961,0.19802390246323912,476996000
2008-12-16,0.20328934490680695,0.2037471978910801,0.1904692976040632,0.1923007231864138,521940000
2008-12-17,0.2133622020483017,0.21633828694498597,0.19687929235515597,0.1996264371480523,674180000
2008-12-18,0.1936742663383484,0.2126754065726839,0.19115603454936417,0.2119886136038237,550808000
2008-12-19,0.19504787027835846,0.20374718561757485,0.19436107719806245,0.1961925163153471,593120000
2008-12-22,0.18360136449337006,0.1984817740446166,0.17650456302110185,0.1980239211671495,522464000
2008-12-23,0.18108315765857697,0.18863782612423555,0.17833599928685767,0.18474602184228045,377452000
2008-12-24,0.17673349380493164,0.1817699438071673,0.17307061611412203,0.17742027313801711,146616000
2008-12-26,0.17192599177360535,0.17902280795418737,0.16711848125904674,0.17673351593342074,226156000
2008-12-29,0.1774202585220337,0.1774202585220337,0.16299771632705967,0.1742152476292335,460168000
2008-12-30,0.18360136449337006,0.18634852269393676,0.17558884362091293,0.17970957409913563,409860000
2008-12-31,0.18474595248699188,0.18932454805434484,0.17810700597089316,0.181312016045415,441580000
2009-01-02,0.1993975043296814,0.20077107668231908,0.18405924106366997,0.18474602041736107,497124000
2009-01-05,0.20306037366390228,0.20763895707863014,0.19573463201318475,0.19710820430855214,705736000
2009-01-06,0.20992827415466309,0.21588044422930003,0.20443397066398253,0.2090125546320069,657904000
2009-01-07,0.19733712077140808,0.20512072855715438,0.1902403059212436,0.20512072855715438,870096000
2009-01-08,0.19230064749717712,0.19481887885528135,0.18039632449376072,0.19481887885528135,1014496000
2009-01-09,0.18154095113277435,0.19230062735370568,0.1810830983766714,0.19230062735370568,761352000
2009-01-12,0.17421531677246094,0.1824567805234942,0.17169709780198272,0.18154106081279503,645532000
2009-01-13,0.17513087391853333,0.18176983224719748,0.16505799374147717,0.16826300293125596,1824424000
2009-01-14,0.16734735667705536,0.1710102200637493,0.1648291389515316,0.16894985514459251,974908000
2009-01-15,0.17329955101013184,0.1760466955506549,0.16482916366055217,0.16826310115883333,998204000
2009-01-16,0.1829146444797516,0.18451714371568587,0.17238388843129493,0.17810711948143043,831324000
2009-01-20,0.16505806148052216,0.18314347887681806,0.1636844758031563,0.1824566860381351,705788000
2009-01-21,0.17307066917419434,0.17421531539218466,0.16208206002338366,0.16826315778768688,648472000
2009-01-22,0.16986560821533203,0.17444420541666203,0.16368451222747804,0.1675763164372947,547656000
2009-01-23,0.17650458216667175,0.18176995905495585,0.1648291824270206,0.16505810889058595,633616000
2009-01-26,0.18245667219161987,0.18772204716793048,0.17444415335956104,0.1774202235957464,581748000
2009-01-27,0.193216472864151,0.19459005932121248,0.18474608217506536,0.1854328754035961,725300000
2009-01-28,0.20122891664505005,0.20443392747461758,0.1936742492357304,0.2000842708948655,723752000
2009-01-29,0.18955358862876892,0.19687933230509524,0.1886378689635708,0.19459003996472926,413128000
2009-01-30,0.1819988638162613,0.19321639564590293,0.1797095721630795,0.18817995946700486,506760000
2009-02-02,0.19184285402297974,0.1939032195689629,0.17833601473767421,0.17925173427425084,577992000
2009-02-03,0.19413210451602936,0.19573461677356777,0.1870352898595451,0.19230066583462946,396948000
2009-02-04,0.19962641596794128,0.2094703890929451,0.19458997983357224,0.19458997983357224,779232000
2009-02-05,0.21427790820598602,0.21656719993949256,0.19230068300286424,0.19436104829207113,919192000
2009-02-06,0.22595329582691193,0.227326868070268,0.21130181308026585,0.21496469058955459,1157880000
2009-02-09,0.22297720611095428,0.22824258217498108,0.2167961243360133,0.2250375712510193,716128000
2009-02-10,0.2133622020483017,0.2257243945521029,0.2092414712137013,0.22274830965541864,1129664000
2009-02-11,0.18657749891281128,0.20351827822308388,0.1799385485466932,0.19642146121208207,1983400000
2009-02-12,0.19046923518180847,0.19161388091261594,0.17993848354217706,0.1824567014209028,1024020000
2009-02-13,0.19024032354354858,0.19252962899246567,0.18474602048570968,0.18611960648411102,764304000
2009-02-17,0.17925170063972473,0.18749316127724178,0.1785649077048469,0.18314350452860872,779576000
2009-02-18,0.1840592622756958,0.19001141891992285,0.17902281154192135,0.17925173801953448,646252000
2009-02-19,0.16986560821533203,0.18932461561916003,0.16986560821533203,0.1877221031873807,743988000
2009-02-20,0.17421531677246094,0.1769624759045585,0.16597386666668704,0.16757636592646608,770056000
2009-02-23,0.16620273888111115,0.17810706394028802,0.16505809302803193,0.17719134452877366,679548000
2009-02-24,0.18108315765857697,0.181312084111573,0.16688952653924397,0.16711846663749558,659524000
2009-02-25,0.1831434816122055,0.1886377834679737,0.17444416920346817,0.18062525026292456,702360000
2009-02-26,0.18909570574760437,0.19550572920870088,0.1868064136036781,0.18955357236354411,1117556000
2009-02-27,0.18955358862876892,0.193903246804516,0.18291463811265585,0.1842882107878237,755444000
2009-03-02,0.1735285073518753,0.18886677234126714,0.17284171427576187,0.18497498129730966,700064000
2009-03-03,0.18039639294147491,0.18726428312506815,0.17101028408954355,0.1767335281834142,1041372000
2009-03-04,0.1936742663383484,0.1991685691534655,0.1836013664729213,0.1852038788518435,1108668000
2009-03-05,0.18909570574760437,0.19871074093924912,0.1881799998062399,0.19092714492084836,955252000
2009-03-06,0.19207178056240082,0.19893967026647802,0.18657747698629312,0.18909569547880925,974756000
2009-03-09,0.19001135230064392,0.205120699204527,0.18955349950594397,0.19069814513794614,682768000
2009-03-10,0.20718105137348175,0.21084392832884294,0.19504780216066556,0.19687924063834616,1254800000
2009-03-11,0.21290433406829834,0.27128131370762865,0.20374715356758213,0.2071810911383801,864916000
2009-03-12,0.22549547255039215,0.22778476447147125,0.20947041545758213,0.2122175603047746,1604604000
2009-03-13,0.22435083985328674,0.22755585146132634,0.21862759606697935,0.2222904742734572,1195156000
2009-03-16,0.2156514823436737,0.22686902830717787,0.2138200571285088,0.22664010186093914,699344000
2009-03-17,0.22641117870807648,0.22686903160721383,0.2135911337891658,0.21633827847450074,1005384000
2009-03-18,0.23350790143013,0.24014686173587935,0.22274822549201137,0.22297715186404565,1359560000
2009-03-19,0.23076088726520538,0.23511053171226887,0.22915838811578815,0.23511053171226887,822648000
2009-03-20,0.21816971898078918,0.2344237153448867,0.21221754937629494,0.2341947752483635,1093672000
2009-03-23,0.2339657098054886,0.23442358975322738,0.22000104001661588,0.22503747382727549,816048000
2009-03-24,0.22389289736747742,0.23030293205616462,0.22274825172723922,0.228242553529433,1114868000
2009-03-25,0.2275557667016983,0.23808650350970667,0.2188564410242536,0.23076077711594048,1243852000
2009-03-26,0.24174946546554565,0.2422073184093847,0.22870049282305235,0.23121871130468052,1333664000
2009-03-27,0.23946011066436768,0.2451833391878886,0.2357972334931118,0.23923117060722435,731892000
2009-03-30,0.2241218239068985,0.23327901632504627,0.22091681338317298,0.23030293220046133,780052000
2009-03-31,0.22572439908981323,0.23121870243131312,0.224121886557362,0.22755583808539862,805272000
2009-04-01,0.23144766688346863,0.23350801891364065,0.21450687486034856,0.22297726404927978,887920000
2009-04-02,0.24220727384090424,0.2465569442332773,0.23671298494481113,0.24014692232749643,1002860000
2009-04-03,0.2591479420661926,0.25983473472016616,0.2383153862084802,0.2424361148418241,1003208000
2009-04-06,0.259834885597229,0.26212417757945466,0.2513645107210967,0.2547984486944352,887288000
2009-04-07,0.2509066164493561,0.25754557920054505,0.24930411760959031,0.2547984344337307,607804000
2009-04-08,0.2612084448337555,0.26189523781587937,0.251593397665042,0.2536537766114136,731652000
2009-04-09,0.27563101053237915,0.2765467163887438,0.2657870497691531,0.2678474015912298,904412000
2009-04-13,0.26670271158218384,0.272425967756117,0.2607505699177265,0.27219702768457676,767628000
2009-04-14,0.2683052718639374,0.2747152944924099,0.26189524923546487,0.26303989515874526,711960000
2009-04-15,0.2607506513595581,0.2618952974937574,0.24976201572262507,0.25891921208673596,1045368000
2009-04-16,0.2673894464969635,0.27059447035066614,0.2554851384601445,0.2655580081934909,1038772000
2009-04-17,0.2692209780216217,0.27173920997217915,0.2609795164475351,0.26738953908399005,695764000
2009-04-20,0.252966970205307,0.2612084309724302,0.2515933843139502,0.2589191393471747,590660000
2009-04-21,0.2522801458835602,0.26281089696622983,0.24587012467195712,0.24953300173301757,932184000
2009-04-22,0.259834885597229,0.2703656396316722,0.2458701935894473,0.2499909246155561,916404000
2009-04-23,0.25571420788764954,0.2646424648541831,0.2477016842792449,0.2623531723946389,753952000
2009-04-24,0.26166629791259766,0.2634977367694042,0.25205125073699086,0.2582323602900267,759508000
2009-04-27,0.2522801458835602,0.26555804111677245,0.2506776474032858,0.258232314285157,787024000
2009-04-28,0.252966970205307,0.25823234640149634,0.2467858609847102,0.2490751799004745,634392000
2009-04-29,0.24907521903514862,0.2552563019364077,0.24609913399661257,0.2541116559439333,859668000
2009-04-30,0.26281091570854187,0.27013664306259016,0.2518223110322157,0.25388266246942987,1110276000
2009-05-01,0.2671605944633484,0.2733416762626948,0.2618952183785317,0.26212413116190997,840548000
2009-05-04,0.28158310055732727,0.2836434517946786,0.26807626562084186,0.2717391425878051,927704000
2009-05-05,0.2701365649700165,0.2772333774964037,0.26441333786502663,0.275401939364707,837076000
2009-05-06,0.26464226841926575,0.2756308695267182,0.2593768942125178,0.27311263877420877,935088000
2009-05-07,0.24564123153686523,0.2705945555793709,0.24220729387021084,0.2705945555793709,1289196000
2009-05-08,0.21175965666770935,0.24037581247362655,0.20855464601666437,0.24037581247362655,2930564000
2009-05-11,0.2158803939819336,0.22114576977771866,0.20649428811594692,0.20832572673498173,1038596000
2009-05-12,0.20557859539985657,0.22068793184828792,0.20145786479660163,0.22068793184828792,1201384000
2009-05-13,0.19230064749717712,0.20534962980125615,0.19069814903770405,0.20420498414584606,1305608000
2009-05-14,0.19504787027835846,0.19916860146962034,0.19069821260875025,0.19207178512408518,1017864000
2009-05-15,0.20008429884910583,0.20695217430974003,0.19413212920035172,0.19642142102056312,780308000
2009-05-18,0.2122175395488739,0.21359112548338297,0.20466287149009335,0.20512073801668135,938320000
2009-05-19,0.21633826196193695,0.21885648000549385,0.210157166423838,0.21359111748628476,859768000
2009-05-20,0.22274832427501678,0.2346526509978124,0.21931438623588942,0.22023010577537475,1309436000
2009-05-21,0.2213747352361679,0.22435082010565835,0.21519363904074681,0.2200011628522707,965600000
2009-05-22,0.22480866312980652,0.2280136743147573,0.21725399488279787,0.22137472549848533,718260000
2009-05-26,0.2369418740272522,0.23877331257291434,0.22045896805205134,0.2227482594115026,865540000
2009-05-27,0.23739977180957794,0.24449658728436607,0.23350798121942448,0.23579727301251602,814152000
2009-05-28,0.24060487747192383,0.24266522986121916,0.23030306094440717,0.2410627305261539,995288000
2009-05-29,0.23877336084842682,0.24129159276916493,0.23053189937193042,0.2408337398628065,834232000
2009-06-01,0.25044870376586914,0.2518222894667194,0.2406047456844559,0.2415204512913527,1022764000
2009-06-02,0.24838832020759583,0.25594298599894194,0.24380973818744686,0.25044867120046227,907984000
2009-06-03,0.24060487747192383,0.2460991959942447,0.23465270589537285,0.24518346259526455,735688000
2009-06-04,0.24930404126644135,0.24976189403895246,0.24106258219922802,0.24129152223073522,673180000
2009-06-05,0.24793043732643127,0.25388260480048247,0.24495438087990684,0.25388260480048247,559992000
2009-06-08,0.24655701220035553,0.24999095052965659,0.2403759013752009,0.24609915921455192,473948000
2009-06-09,0.2600638270378113,0.26281097197238806,0.24815948683712313,0.2499909258903454,725032000
2009-06-10,0.2683052718639374,0.26990777069842764,0.25571413941734156,0.26143736903374354,833320000
2009-06-11,0.2648712396621704,0.2792938073881838,0.26326874123389266,0.26899196939953074,835156000
2009-06-12,0.26349788904190063,0.2644135953542252,0.25502748284553073,0.2609796557472189,595000000
2009-06-15,0.2591479420661926,0.2621240253730797,0.25456936076036546,0.25869008939370935,445164000
2009-06-16,0.2520512044429779,0.2623530427090717,0.24838835469262738,0.2591480184756966,594912000
2009-06-17,0.2582324147224426,0.26075064709267975,0.24609916044037328,0.25594312249150564,799016000
2009-06-18,0.2531959116458893,0.2621241663690373,0.25044876684280987,0.25731664249576436,566376000
2009-06-19,0.25594303011894226,0.26235305151022414,0.2525090930118812,0.25571409006226903,747564000
2009-06-22,0.24152055382728577,0.256858833933359,0.24060484783163213,0.256858833933359,574864000
2009-06-23,0.24037578701972961,0.24426760377387197,0.23098968246874374,0.2438097510058855,589764000
2009-06-24,0.24838832020759583,0.25411154773278205,0.24335185815303076,0.24335185815303076,515096000
2009-06-25,0.2614372968673706,0.2618951769427001,0.24358081993514286,0.24609905118743927,870444000
2009-06-26,0.2648712396621704,0.26578697254297523,0.2580033658634047,0.26029265712965993,513956000
2009-06-29,0.2648712396621704,0.2696787622375082,0.26212409560076505,0.26555803250014787,510056000
2009-06-30,0.25846126675605774,0.26761846081566126,0.2536537705765893,0.2639555831918199,589844000
2009-07-01,0.2596058249473572,0.2630397886168134,0.2552561831168801,0.2600637049636183,696420000
2009-07-02,0.24953308701515198,0.2543405840990183,0.24609914883074116,0.25113558604310743,552312000
2009-07-06,0.24152055382728577,0.24953310409658,0.2373998222658111,0.24930416395240826,752456000
2009-07-07,0.23098967969417572,0.24380974807732728,0.23030291419569668,0.24243616249936395,1072996000
2009-07-08,0.23144766688346863,0.23305016593921524,0.22229048458764164,0.23236337283231948,1205860000
2009-07-09,0.2364840805530548,0.24037587138256555,0.23465264154784019,0.23533943458610973,714564000
2009-07-10,0.23739977180957794,0.2390022978971507,0.23144762952184642,0.23648406600854566,520008000
2009-07-13,0.24014689028263092,0.24220724152110834,0.22778470098025214,0.24220724152110834,556012000
2009-07-14,0.24518340826034546,0.24609914145639064,0.23923123800285068,0.24197841030047226,452568000
2009-07-15,0.2552562952041626,0.26029273198011404,0.2518223573173076,0.2541116492418776,1022808000
2009-07-16,0.26853421330451965,0.26944994651508336,0.2566298998913072,0.2580034587713811,952076000
2009-07-17,0.27631786465644836,0.2772335707152513,0.26578710852762216,0.26853425399454944,850356000
2009-07-20,0.27975180745124817,0.28272789312216223,0.27494428234511636,0.27860716121555196,782756000
2009-07-21,0.27402859926223755,0.28020968399545204,0.26761857434646946,0.2790650376637263,941296000
2009-07-22,0.2808963358402252,0.28341456741847043,0.26670270663994505,0.26853414530680453,600908000
2009-07-23,0.29760828614234924,0.2985240194804668,0.2783782135280983,0.28135429911857357,1046120000
2009-07-24,0.29669249057769775,0.29760819634901353,0.2866195906406747,0.2884510294738162,650592000
2009-07-27,0.2980661988258362,0.30241584396007004,0.29119829356093235,0.29394546658310233,677484000
2009-07-28,0.2985239624977112,0.30172896034305186,0.2934874983257287,0.29600573041171996,563180000
2009-07-29,0.2925718128681183,0.29692148429375154,0.2895957276380566,0.2950900451298278,373972000
2009-07-30,0.2948610782623291,0.3015000412182157,0.29234284622897344,0.2976082231138456,468444000
2009-07-31,0.2960056960582733,0.3001264265886965,0.28799317508431543,0.29486105020485076,541560000
2009-08-03,0.30401816964149475,0.30745213395698157,0.2973792356427333,0.303102464017702,471900000
2009-08-04,0.30607870221138,0.31134408042333334,0.29829509133137794,0.2987529443736088,695380000
2009-08-05,0.30676528811454773,0.30905457906916745,0.3005841807046739,0.3042470571482657,610768000
2009-08-06,0.3003554046154022,0.3134043635346151,0.2985239655604834,0.30791007366037176,957588000
2009-08-07,0.3138620853424072,0.32576639225483767,0.309512416371183,0.3166092288928912,1401872000
2009-08-10,0.303560346364975,0.32073006045094077,0.3017289076486912,0.31615147730548543,693312000
2009-08-11,0.29646366834640503,0.30607871922015784,0.29486116896428655,0.3015001339623787,481884000
2009-08-12,0.3074522316455841,0.3106572296377072,0.2964635969255541,0.29669253704949755,634940000
2009-08-13,0.31660929322242737,0.3177539388752429,0.3042471037977168,0.3097414193055343,564028000
2009-08-14,0.3072231709957123,0.31660927574692804,0.3031024414149224,0.31615142296917437,427148000
2009-08-17,0.29440322518348694,0.29875286892193287,0.2911982001162789,0.29783716306873764,465032000
2009-08-18,0.3051629662513733,0.3085969322653141,0.2941743568783199,0.29440329704275564,636200000
2009-08-19,0.3017290234565735,0.3035604628757897,0.29760829158596663,0.30058437723087816,552996000
2009-08-20,0.3136332333087921,0.31500681911454187,0.2996685443488622,0.30035533725173713,819840000
2009-08-21,0.31889858841896057,0.31935644122757206,0.3097414230847093,0.31615144427678626,607324000
2009-08-24,0.30997028946876526,0.3205010389438393,0.3081388512178174,0.3170671024572501,461456000
2009-08-25,0.312717467546463,0.31592246409006197,0.30630744716876324,0.3115727947346041,444088000
2009-08-26,0.31638044118881226,0.31706723422965993,0.3108861514430559,0.3120307974142979,434308000
2009-08-27,0.32073014974594116,0.3221037086976876,0.314320126099577,0.3177540644147168,551072000
2009-08-28,0.3372129797935486,0.3440808544747981,0.32897151925984597,0.32942937211382767,883992000
2009-08-31,0.3324054777622223,0.3349237095552005,0.32805580714621535,0.3333211835284818,431796000
2009-09-01,0.3211878538131714,0.3415625614107083,0.3193564154361283,0.33217645678492685,736856000
2009-09-02,0.32576653361320496,0.3289715585549276,0.3198143639289425,0.3216458028541395,404656000
2009-09-03,0.3335500657558441,0.33400791855955214,0.3248507533233714,0.32576645893078743,534020000
2009-09-04,0.3459123373031616,0.34820162915558267,0.33217655889812386,0.33217655889812386,513048000
2009-09-08,0.3555273115634918,0.3555273115634918,0.3456833524153518,0.34843049682423766,549712000
2009-09-09,0.3653712868690491,0.36605807982426886,0.349804098142941,0.3548405343303706,571684000
2009-09-10,0.3770466148853302,0.37750449496371635,0.3623951346395765,0.366515864311523,607952000
2009-09-11,0.37361273169517517,0.3775045491773386,0.37086558728286007,0.37613096332592705,712732000
2009-09-14,0.36743173003196716,0.3710946082404373,0.3642267047769273,0.3681185231073696,490516000
2009-09-15,0.3749863803386688,0.37956496422272135,0.3674317114718796,0.370865649384919,546136000
2009-09-16,0.36491334438323975,0.37475730154929826,0.3594190566717433,0.37407050876273557,707064000
2009-09-17,0.3488883078098297,0.3639976399994342,0.34270720000194443,0.3639976399994342,923096000
2009-09-18,0.3484306335449219,0.35484065787455676,0.3456834880580837,0.3523224525493379,604740000
2009-09-21,0.34682804346084595,0.3527802131990587,0.3413337539259661,0.3443098115045609,588776000
2009-09-22,0.34751471877098083,0.3514065081475684,0.3447675749340074,0.3493461570924639,361388000
2009-09-23,0.34202051162719727,0.35255126482762816,0.3415626587251157,0.34957518002833154,478936000
2009-09-24,0.3374418616294861,0.3477436999971172,0.33629721595424994,0.3477436999971172,552876000
2009-09-25,0.3319476246833801,0.33721300106254215,0.32942939289188666,0.3356104750367682,377556000
2009-09-28,0.33950236439704895,0.3479727400338562,0.3330923408130677,0.3330923408130677,467708000
2009-09-29,0.333321213722229,0.345683406429614,0.33263442069006666,0.3415626755271523,470928000
2009-09-30,0.3440808355808258,0.3482015656214019,0.33263435111677814,0.34018901830941656,875956000
2009-10-01,0.3195854723453522,0.34293627243407876,0.31935653223055555,0.34293627243407876,999960000
2009-10-02,0.3170672655105591,0.3239351420155748,0.31454903320918054,0.31638047240195444,612476000
2009-10-05,0.3154647946357727,0.3216458785844277,0.30997047656656557,0.32050123239799094,754276000
2009-10-06,0.32073014974594116,0.32622444013395857,0.3170672712935857,0.3193565635036789,761272000
2009-10-07,0.3182118237018585,0.32187470107568783,0.314777886397834,0.3184407637716633,459608000
2009-10-08,0.3202722668647766,0.32095903263128267,0.3088257795923183,0.3200433267489324,1241524000
2009-10-09,0.3243929445743561,0.32485079744024353,0.31798292258040545,0.31844077544629285,618540000
2009-10-12,0.32073014974594116,0.3269112332550897,0.3186697703825478,0.31889871051976343,499008000
2009-10-13,0.3195854723453522,0.32622440818829557,0.3166093873055622,0.32256155738514214,602124000
2009-10-14,0.3191275894641876,0.33194763429866936,0.3175250633919945,0.33194763429866936,1101948000
2009-10-15,0.3097414970397949,0.3216458093585405,0.307681117973341,0.3186697244562261,1092196000
2009-10-16,0.3026445806026459,0.30676531007403984,0.297150265543953,0.30584957725233963,1018832000
2009-10-19,0.3136332333087921,0.31615146485583095,0.3026446287343153,0.30516283299084707,695588000
2009-10-20,0.3138620853424072,0.3211878105738644,0.3113438545016722,0.31889851973337785,660180000
2009-10-21,0.30630749464035034,0.31752501157194113,0.3047049688296892,0.3127175160114763,503956000
2009-10-22,0.3083679676055908,0.3099704667577889,0.2994397112596011,0.30470508900869503,379328000
2009-10-23,0.3010421395301819,0.3124885972995581,0.2992107008289801,0.3124885972995581,429528000
2009-10-26,0.2971504032611847,0.3079100983372046,0.29554790419364413,0.30333151397822267,481652000
2009-10-27,0.2870774269104004,0.3001264107846944,0.2841013696806223,0.2957767676869353,591836000
2009-10-28,0.2751730680465698,0.28707737675750483,0.27379948241855656,0.28066735597761566,773632000
2009-10-29,0.28730645775794983,0.288680044059907,0.2770046423648223,0.2795228475310544,637100000
2009-10-30,0.27379950881004333,0.28707740442884566,0.2724259503401366,0.28593275872533697,604144000
2009-11-02,0.27631786465644836,0.2822700359102229,0.26853425399454944,0.2733417790295611,593136000
2009-11-03,0.27494412660598755,0.2763177122269779,0.2646423163200704,0.26738946027154764,876472000
2009-11-04,0.2742573320865631,0.27998058727802494,0.2731126865063714,0.27700450331142584,916840000
2009-11-05,0.2808963358402252,0.28364348019526064,0.2765466655951206,0.27746239857380406,955156000
2009-11-06,0.3012711703777313,0.3074522818279435,0.2948611460567268,0.2985240248945919,1641112000
2009-11-09,0.3081388771533966,0.3124885467768154,0.3051627931564266,0.3053917331910026,818124000
2009-11-10,0.30058422684669495,0.3092835392677622,0.2966924370845216,0.3092835392677622,781472000
2009-11-11,0.3090546429157257,0.3163803700258058,0.3051628256564741,0.30562070577439066,871512000
2009-11-12,0.3081388771533966,0.3170671291443066,0.3072231715960998,0.311801753963591,505864000
2009-11-13,0.31042829155921936,0.3120308178563544,0.30653650046013653,0.3079100866318196,388524000
2009-11-16,0.31477808952331543,0.31844096926079146,0.31157306293039255,0.3131755898721167,402820000
2009-11-17,0.31432002782821655,0.3150068207346236,0.30836785902669833,0.3150068207346236,350124000
2009-11-18,0.3095124661922455,0.3124885502220271,0.3042470909534787,0.3113439046175345,455516000
2009-11-19,0.2971504032611847,0.3028736337099121,0.2916561129466126,0.3028736337099121,833840000
2009-11-20,0.2953188717365265,0.2966924575310151,0.28959564307700214,0.2902824359742464,426748000
2009-11-23,0.29760828614234924,0.3051629565518579,0.29623472707095017,0.29966866568522516,390924000
2009-11-24,0.2957768738269806,0.2982950791012635,0.2909693488543669,0.2962347268504395,418504000
2009-11-25,0.29921063780784607,0.303331367194996,0.29715025946902,0.29921063780784607,441760000
2009-11-27,0.2928006649017334,0.2962346020669683,0.2868484962324569,0.2884509947847985,279932000
2009-11-30,0.29898184537887573,0.29921078551526387,0.2907403825361224,0.2939454079929779,509836000
2009-12-01,0.30493396520614624,0.3083679029366488,0.2989817955570707,0.300584294373203,461936000
2009-12-02,0.31409117579460144,0.31477796889349974,0.3037893611826723,0.3056208003495627,602292000
2009-12-03,0.31660929322242737,0.32347716713932045,0.3161514404194022,0.3177539388752429,660036000
2009-12-04,0.3264532685279846,0.32782685430007585,0.31752501559040425,0.322561478561068,824564000
2009-12-07,0.3683473765850067,0.37658883758081596,0.3456833724917861,0.3628530874481403,2732184000
2009-12-08,0.3504909873008728,0.3639978281591864,0.3484306078696809,0.36239530172697604,1075512000
2009-12-09,0.35919028520584106,0.36193743035076165,0.35071988234743906,0.354153847891734,671588000
2009-12-10,0.35278016328811646,0.3639977081630085,0.3516355175227504,0.3617084166322764,417012000
2009-12-11,0.34820160269737244,0.3562141235720121,0.34728586965167935,0.3557562706944203,416744000
2009-12-14,0.35873234272003174,0.3598769885190155,0.34934623625216116,0.3532380265106044,405488000
2009-12-15,0.3582743704319,0.3642265102282333,0.35529828688848364,0.3562139923062274,446152000
2009-12-16,0.3871196210384369,0.39124035186390793,0.36903419888512284,0.3710945779431143,1683400000
2009-12-17,0.38528817892074585,0.40016860324904086,0.3795649492908291,0.38826426378640483,1016132000
2009-12-18,0.3850592374801636,0.38986673363754265,0.38048062682614475,0.38849317500279557,812828000
2009-12-21,0.3987950086593628,0.40039750746323083,0.38689069674282883,0.38734854964528953,427792000
2009-12-22,0.4093256890773773,0.4134464190477489,0.39833708491988845,0.3987949377409284,793044000
2009-12-23,0.4150489270687103,0.41619357279276853,0.4079521126633466,0.4132174884521158,442196000
2009-12-24,0.4141332805156708,0.4168804251874142,0.412530781731363,0.4161936321968507,136812000
2009-12-28,0.40749430656433105,0.4171093535815042,0.403373576027044,0.41344647592824685,465760000
2009-12-29,0.41253072023391724,0.4136753659507164,0.40520496581399734,0.4061206987617406,475848000
2009-12-30,0.4274110794067383,0.4299293106928275,0.41344639189388754,0.4164224759709464,704008000
2009-12-31,0.42763999104499817,0.433821071538821,0.4271821382844377,0.42832678383109013,700340000
2010-01-04,0.4232904613018036,0.42626654616346693,0.41459114681790743,0.42374831421347986,800204000
2010-01-05,0.42947155237197876,0.4340501358698265,0.42168794405133136,0.42168794405133136,728648000
2010-01-06,0.43221867084503174,0.43313437657295817,0.4251218559368218,0.4292425862935079,649168000
2010-01-07,0.423748254776001,0.43176080241375026,0.4205432575533074,0.42992936373342205,547792000
2010-01-08,0.42466405034065247,0.42764013522343336,0.41779617474524045,0.4203143794225845,478168000
2010-01-11,0.4187118411064148,0.428784740737833,0.41275967190191726,0.42695330196025616,556612000
2010-01-12,0.40451812744140625,0.4141331722137995,0.39581881551379033,0.4125306738485685,627432000
2010-01-13,0.41001251339912415,0.41138609925809394,0.3914692407555729,0.40726536897169274,508868000
2010-01-14,0.4036025404930115,0.40795218408978884,0.39673466494619786,0.40497612651857884,608524000
2010-01-15,0.3916981816291809,0.4040603733749438,0.38643280517953243,0.4006264357717614,818192000
2010-01-19,0.39902403950691223,0.40154224468842364,0.3875775505990236,0.38872219676076075,545328000
2010-01-20,0.3974214792251587,0.39902400554762,0.38872216367821594,0.39398754103219563,719728000
2010-01-21,0.39032459259033203,0.40428928200619296,0.3866617151824153,0.39719246726229485,608632000
2010-01-22,0.37681785225868225,0.39284289725236676,0.37452856011672736,0.3857460806961005,1067916000
2010-01-25,0.3832278549671173,0.39055358396667067,0.38025176988559184,0.38299891484911014,643676000
2010-01-26,0.3710944354534149,0.3839144759233471,0.3708654954380406,0.381396244916235,714636000
2010-01-27,0.3811675012111664,0.38254108742983906,0.36674495507716454,0.37086568644266726,812504000
2010-01-28,0.3683473765850067,0.38551709154136093,0.3630820002427125,0.3841435056118895,687764000
2010-01-29,0.35232219099998474,0.37658868391541,0.3468278768145402,0.3724679550989512,774700000
2010-02-01,0.37933585047721863,0.38002264320356033,0.35071968700998213,0.35369577063046276,949832000
2010-02-02,0.3832278549671173,0.38803537912115954,0.37681783185856554,0.3779624778675743,849812000
2010-02-03,0.386432945728302,0.38803547235838043,0.3779625686844764,0.37979400819705167,562296000
2010-02-04,0.3639977276325226,0.3829988538120332,0.35987699719869354,0.3829988538120332,783480000
2010-02-05,0.3713234066963196,0.3722391396116287,0.35712977847832533,0.3635398270139726,604856000
2010-02-08,0.37063661217689514,0.379564864786124,0.36331088533967265,0.3701787593665385,445160000
2010-02-09,0.3676605820655823,0.37842027478975415,0.36399773175332995,0.3765888359883732,930144000
2010-02-10,0.37475743889808655,0.37819137679893744,0.36743171016770715,0.3699499422112028,535828000
2010-02-11,0.39192715287208557,0.39604788378155154,0.37796246125959326,0.3807096061023998,695980000
2010-02-12,0.39719250798225403,0.4052050292543166,0.38483031593105094,0.38917998671019144,780212000
2010-02-16,0.40451812744140625,0.4061206530971408,0.3976502539128416,0.40245777629903823,457024000
2010-02-17,0.4084100127220154,0.4097835712836318,0.39673461485048117,0.4095546585019498,876560000
2010-02-18,0.3816254138946533,0.3880354379754289,0.37109465809834224,0.38597505847240227,1515508000
2010-02-19,0.37956494092941284,0.38414352453248485,0.3777335020300819,0.38002279383161786,510548000
2010-02-22,0.3802517354488373,0.38689069807415155,0.3777335035408713,0.38116744125690977,458084000
2010-02-23,0.3710944354534149,0.3829987431523512,0.3672026189350596,0.381396244916235,489764000
2010-02-24,0.3788781762123108,0.3825410542843892,0.3731549462812588,0.37429959226746917,445868000
2010-02-25,0.37544411420822144,0.37635984706894254,0.36079263405121975,0.37017873895321307,576972000
2010-02-26,0.3708655834197998,0.3763598994777074,0.36857629188496527,0.37361272780349974,393396000
2010-03-01,0.385746031999588,0.3875774709400544,0.36811849018993587,0.37109457505687987,555868000
2010-03-02,0.3855170011520386,0.3939873729564345,0.3827698572277079,0.3891798779114816,538648000
2010-03-03,0.38070952892303467,0.3898666947363442,0.37750453180457905,0.3878063433445523,399300000
2010-03-04,0.3813962936401367,0.38528808336517223,0.3765887710271192,0.38231199923761394,557396000
2010-03-05,0.3930717408657074,0.39581888530340087,0.37864919845468104,0.37864919845468104,632832000
2010-03-08,0.3873485326766968,0.3944453478707361,0.3857460066525197,0.3933007020194723,439312000
2010-03-09,0.40177100896835327,0.4056627987565894,0.39101131792548743,0.39124025797382705,830832000
2010-03-10,0.40268686413764954,0.4070365356380225,0.40039757196603704,0.4006265120994044,418520000
2010-03-11,0.3935295641422272,0.40085531847941575,0.39192706561490703,0.3994817327185663,540660000
2010-03-12,0.394903302192688,0.39902403377383955,0.3928429227568538,0.39787938762854835,520352000
2010-03-15,0.3928428292274475,0.39833714579104895,0.3891799788088902,0.3944453552817335,358904000
2010-03-16,0.4065786898136139,0.40886798202549557,0.3923850562675348,0.39261399640492933,664988000
2010-03-17,0.4143621027469635,0.41985641818000524,0.4088678146044264,0.4088678146044264,651168000
2010-03-18,0.39971068501472473,0.41504893245817276,0.39604780773397275,0.41504893245817276,740964000
2010-03-19,0.394903302192688,0.40680761664561277,0.3898668373209934,0.40566297050032163,584612000
2010-03-22,0.4013132154941559,0.4029157141979379,0.38986672990447596,0.38986672990447596,435336000
2010-03-23,0.40955474972724915,0.41161510167385607,0.4015422001924639,0.40428937250862534,493612000
2010-03-24,0.39581888914108276,0.4072653744417176,0.3951320962023735,0.406120728640705,436252000
2010-03-25,0.39696359634399414,0.40406041232420364,0.3960478904777471,0.40154218025625504,495184000
2010-03-26,0.39696359634399414,0.4045182652573272,0.3937585985216166,0.4003975342781898,344676000
2010-03-29,0.40199989080429077,0.402915596284038,0.3939873450492465,0.3994816597992339,394456000
2010-03-30,0.4036025404930115,0.4086389771025725,0.39673466494619786,0.40657862535473305,324104000
2010-03-31,0.3983369469642639,0.40383126078542136,0.3962765690473936,0.40199982284503555,389840000
2010-04-01,0.3942164182662964,0.40474717129413446,0.39009568763407665,0.4001685877673371,339664000
2010-04-05,0.40016859769821167,0.4008553907023773,0.3962767797714433,0.39673465996789453,413636000
2010-04-06,0.39032459259033203,0.3960478214836344,0.3834566906278612,0.3951320884864012,809260000
2010-04-07,0.3928428292274475,0.3994817916638188,0.38460136802730055,0.3878063928453623,817468000
2010-04-08,0.386432945728302,0.3933008507230893,0.3843725933332298,0.3903247649264695,1037600000
2010-04-09,0.3889510929584503,0.39032467911352864,0.38345677562865094,0.3855171548612685,817572000
2010-04-12,0.39604777097702026,0.3976502694046822,0.3887220170954151,0.38940880993312865,546460000
2010-04-13,0.404289186000824,0.40566274423473686,0.3960477274353404,0.3976502256868229,648696000
2010-04-14,0.4093256890773773,0.41504891756664175,0.4029156677113,0.412988566226709,900720000
2010-04-15,0.41230177879333496,0.41482001027806087,0.4065785502285093,0.41069928025328506,957596000
2010-04-16,0.3905535638332367,0.39719252671755034,0.38185424915512595,0.3955900278456512,1917736000
2010-04-19,0.38872209191322327,0.3898667377662224,0.37567313464713553,0.38757744606022415,1094492000
2010-04-20,0.3900957405567169,0.3955900579085708,0.3850593034520698,0.39146932671730894,678188000
2010-04-21,0.38002270460128784,0.39261383384381654,0.3754441220732791,0.3921559810491166,895908000
2010-04-22,0.3816254138946533,0.3827700600772733,0.3685764255803711,0.3738418034785267,656932000
2010-04-23,0.3763599395751953,0.38139637603031307,0.36972097704255363,0.38048064294451217,752916000
2010-04-26,0.38002270460128784,0.38460128712929664,0.3761309149105813,0.37681770774788353,491092000
2010-04-27,0.36926302313804626,0.3811673316731118,0.3681183775617803,0.37727554217190806,606704000
2010-04-28,0.36994990706443787,0.37521528347027927,0.36239521165167804,0.3690341740035685,672164000
2010-04-29,0.3811675012111664,0.38162538147773417,0.36560030899177576,0.37109462657595116,987128000
2010-04-30,0.35964804887771606,0.3772756160357795,0.35941913609194776,0.37658882309745745,1068048000
2010-05-03,0.35575631260871887,0.36353992160686227,0.3502619955587625,0.36147954247918634,1078972000
2010-05-04,0.33767083287239075,0.35094872938975,0.3326343696037141,0.3502619364630661,1311376000
2010-05-05,0.3319476246833801,0.3404179985330704,0.32782689415662253,0.3308029788309758,1330840000
2010-05-06,0.32507970929145813,0.3365261946487226,0.2985239156603814,0.32965831980866916,1002888000
2010-05-07,0.3195854723453522,0.3280558472351289,0.3081389851252723,0.3280558472351289,1153712000
2010-05-10,0.333321213722229,0.342936261591477,0.3296583630348838,0.3388155306890153,979156000
2010-05-11,0.3296583294868469,0.336297264444269,0.3271400977220264,0.3301161823648571,829124000
2010-05-12,0.336068332195282,0.3378997436013012,0.32988722318318947,0.331947601950723,901236000
2010-05-13,0.3353816568851471,0.35003314430487187,0.3321766312196522,0.3346948637217898,1252000000
2010-05-14,0.29669249057769775,0.3136332656711188,0.2884510294738162,0.3127175598998031,2493068000
2010-05-17,0.2973792850971222,0.30104216278244356,0.2879931780850549,0.2971503450078483,856060000
2010-05-18,0.28753530979156494,0.3017289123033335,0.2859327838335275,0.29989747355879687,674112000
2010-05-19,0.29211390018463135,0.2925717530593874,0.28410137935961827,0.286161730941275,826520000
2010-05-20,0.28524595499038696,0.2921138282930152,0.27494411774594196,0.28364342938737164,1129136000
2010-05-21,0.2914271354675293,0.2994396570689832,0.27700459112681,0.27700459112681,1069600000
2010-05-24,0.28295671939849854,0.2939453526468277,0.28204101360639305,0.2905114149906663,664564000
2010-05-25,0.2905113697052002,0.2918849281792455,0.2712812781635028,0.27402844969260604,966652000
2010-05-26,0.29188498854637146,0.30791005904856,0.29096928270762334,0.3021868293301041,995028000
2010-05-27,0.3090546429157257,0.3090546429157257,0.2985238914327623,0.2992106843191306,713560000
2010-05-28,0.300813227891922,0.3085968362851213,0.29623464435139674,0.3085968362851213,545116000
2010-06-01,0.2879931330680847,0.3001263828023075,0.2877641930145971,0.29669244574302783,527492000
2010-06-02,0.2911982238292694,0.2916561040836657,0.28661963960942305,0.28845107875546455,649088000
2010-06-03,0.29074031114578247,0.2914271040957914,0.2843302890965473,0.2852460221267289,586360000
2010-06-04,0.27700451016426086,0.28730632064084344,0.27540198447994485,0.2822698854215039,671456000
2010-06-07,0.26326873898506165,0.2799805978345783,0.26212409336171155,0.2781491593791173,577248000
2010-06-08,0.25594303011894226,0.2621241114535509,0.24930406867098712,0.2621241114535509,967636000
2010-06-09,0.2497618943452835,0.26418446137584756,0.24884618879913814,0.25731656061774427,697152000
2010-06-10,0.259834885597229,0.2609795315883418,0.2541116556416649,0.2547984486944352,611768000
2010-06-11,0.2657869756221771,0.26693162126856573,0.2564008704055887,0.2570876632515228,442104000
2010-06-14,0.2600638270378113,0.27013670089476394,0.2593770339815388,0.26967884795408664,375080000
2010-06-15,0.2728838324546814,0.27425739107202535,0.2625819927268013,0.26303987288975844,528632000
2010-06-16,0.2694498598575592,0.27357058975354553,0.2657869827743479,0.27105235834752456,366480000
2010-06-17,0.27975180745124817,0.2804386006507697,0.26922105116663514,0.27883610137889875,859068000
2010-06-18,0.28158310055732727,0.285017037479916,0.2792938092756014,0.28135416051295276,932832000
2010-06-21,0.27494412660598755,0.2882220208770481,0.27242592268817656,0.28753525535705643,579836000
2010-06-22,0.26464226841926575,0.28181194912137947,0.2632686830468972,0.2783780129809567,818164000
2010-06-23,0.26761841773986816,0.2703655618703148,0.2596058708160989,0.2671605649332113,614060000
2010-06-24,0.25434058904647827,0.2673895762334815,0.25342488309569555,0.26601599001679205,725028000
2010-06-25,0.2536538243293762,0.25640096948416086,0.24953309295194154,0.25617202935021405,507220000
2010-06-28,0.2541116178035736,0.2577744953459249,0.24953303452088907,0.2554852037045826,372008000
2010-06-29,0.23991796374320984,0.24884621662369805,0.2383154652130216,0.2486172765663113,660808000
2010-06-30,0.23373690247535706,0.2428940689096405,0.23373690247535706,0.24037583722400907,623072000
2010-07-01,0.23762869834899902,0.2392311970546426,0.22732687222252373,0.2344237009377119,737008000
2010-07-02,0.23465260863304138,0.23900227907161045,0.22664008798834478,0.2385444262071581,737096000
2010-07-06,0.23213443160057068,0.24129159913122822,0.23007405253186558,0.23373693046033336,712020000
2010-07-07,0.24335190653800964,0.24472549233336116,0.23259224210944587,0.23305009494439405,608412000
2010-07-08,0.23602628707885742,0.24518345712108805,0.23305020135702859,0.24495454424434393,783272000
2010-07-09,0.2369418740272522,0.23854439981127262,0.23396578980186442,0.2371708140793996,571516000
2010-07-12,0.24129152297973633,0.24426760694605168,0.23671294065940598,0.23694185340112053,565396000
2010-07-13,0.24999095499515533,0.25159345411935086,0.24380987135010615,0.24518343033205242,723316000
2010-07-14,0.2525092661380768,0.2628110845224251,0.24884638646298743,0.2609796446848804,1355664000
2010-07-15,0.24541236460208893,0.25296703433883305,0.24243627927664232,0.2527380942020619,953088000
2010-07-16,0.2300739884376526,0.24609905444253827,0.22915828285588966,0.2454122616109639,1288604000
2010-07-19,0.23946011066436768,0.24037581631192853,0.23167650349807548,0.23327902931706634,798440000
2010-07-20,0.24541236460208893,0.24678592355116874,0.23121873109465382,0.23327911045404717,1160988000
2010-07-21,0.23739977180957794,0.2479305249740034,0.23511048001648638,0.24770161216900075,624940000
2010-07-22,0.24129152297973633,0.2438097541721193,0.23854437904563877,0.23991793736743589,462612000
2010-07-23,0.2371707707643509,0.241291499916886,0.23488147982299815,0.24106255990655046,817604000
2010-07-26,0.24152055382728577,0.24243628711345605,0.23282123770650964,0.23648411627015747,683548000
2010-07-27,0.23946011066436768,0.2426651077213369,0.23648402637403557,0.24220725489755646,683472000
2010-07-28,0.23190543055534363,0.2396890372853118,0.23121863771291926,0.23556830752127036,1320808000
2010-07-29,0.20901252329349518,0.21977220219224267,0.2076389510380872,0.21519361891071298,2664476000
2010-07-30,0.21038614213466644,0.21404900660434006,0.20420504554966407,0.20741005707759974,984288000
2010-08-02,0.210157111287117,0.21496463332609062,0.20924139215372914,0.21404891419270275,917020000
2010-08-03,0.20466284453868866,0.20878357450906027,0.20306034601979586,0.2085546480985403,955444000
2010-08-04,0.2133622020483017,0.21404899506915373,0.20557860694142088,0.20649432642080495,855496000
2010-08-05,0.21610933542251587,0.21656718828647908,0.21015716631946824,0.2140489702441728,800504000
2010-08-06,0.21862757205963135,0.22091686386466589,0.2133621954499497,0.21519363435207953,739904000
2010-08-09,0.22068794071674347,0.2211458072717576,0.21542256402824317,0.22091686717162268,466456000
2010-08-10,0.21153071522712708,0.21748286964450714,0.21061499601401046,0.21702501686057482,772560000
2010-08-11,0.20328934490680695,0.2071811362089026,0.20260255178513925,0.2071811362089026,796148000
2010-08-12,0.2051207423210144,0.20969932581144382,0.19802392699464466,0.19962642575819292,1343584000
2010-08-13,0.21496471762657166,0.21794080256586987,0.21130183965658736,0.21175970622546345,1797392000
2010-08-16,0.20947039127349854,0.21633826624381589,0.20672323309821883,0.2119886093668973,814008000
2010-08-17,0.2122175395488739,0.21610934362122486,0.20947039497036543,0.2115307602268742,481224000
2010-08-18,0.2133622020483017,0.21519364100706986,0.21015719069308536,0.21153077673478946,352920000
2010-08-19,0.22618220746517181,0.22686900036455337,0.2145068100472062,0.21565145578267314,1615100000
2010-08-20,0.22824256122112274,0.23373687685372532,0.22435077137126194,0.22457969777797385,1305308000
2010-08-23,0.22480866312980652,0.23465262313102925,0.2241218701454402,0.22892939374549398,748620000
2010-08-24,0.22251930832862854,0.22480859943421197,0.2170250069461781,0.21748285970919423,641332000
2010-08-25,0.22709792852401733,0.2289293671729096,0.21885646824925578,0.22000112763875365,757532000
2010-08-26,0.22435083985328674,0.23259230217260488,0.22435083985328674,0.2300740699943371,657596000
2010-08-27,0.23167656362056732,0.23350800268147287,0.22000117713175038,0.22572440714050934,1060416000
2010-08-30,0.22068794071674347,0.23076084118398568,0.22068794071674347,0.2289294022544406,602804000
2010-08-31,0.21359114348888397,0.22435082355979027,0.21290435046373354,0.21748293424405382,931488000
2010-09-01,0.21519361436367035,0.21954327111826616,0.2140489685674743,0.21679612666549733,851440000
2010-09-02,0.2190854400396347,0.21977221939848027,0.21382006339554094,0.21588042876258876,596292000
2010-09-03,0.22664014995098114,0.22732692943542282,0.22160369883878514,0.22435085771232607,566484000
2010-09-07,0.22870047390460968,0.2339658369042269,0.22549546262708953,0.2259533155330543,899820000
2010-09-08,0.23625515401363373,0.23785768029181376,0.22664013279712394,0.2291583649852519,1224156000
2010-09-09,0.233050137758255,0.23946016049664187,0.23007405284859198,0.23923122039185551,697748000
2010-09-10,0.23053187131881714,0.23533939447683755,0.22847151984567005,0.23465260155561923,609292000
2010-09-13,0.2435808926820755,0.24655697760802353,0.2346526379042314,0.2346526379042314,1015792000
2010-09-14,0.24129152297973633,0.24449651968776623,0.2392311445612857,0.24152043572145085,698536000
2010-09-15,0.24174946546554565,0.2419784055827219,0.2357972953240978,0.23900232051199796,555572000
2010-09-16,0.241978257894516,0.24403860852954082,0.23854432197581005,0.23854432197581005,365280000
2010-09-17,0.24152055382728577,0.24449663924893505,0.24083378797580388,0.24426772639527997,416884000
2010-09-20,0.24518340826034546,0.24609914145639064,0.23923123800285068,0.24152053005719268,443168000
2010-09-21,0.25846126675605774,0.26258199726025194,0.2438098108417114,0.2438098108417114,1779624000
2010-09-22,0.2607506513595581,0.2630399436279567,0.25594312667971447,0.2575456258094902,999996000
2010-09-23,0.2660159170627594,0.27425737752167034,0.2614373339834773,0.2637266255231184,1240872000
2010-09-24,0.28066742420196533,0.28158315727340416,0.2699077584687583,0.2719681101211027,1086976000
2010-09-27,0.2747153639793396,0.28295680033725323,0.27105248518214353,0.28272788746900246,999504000
2010-09-28,0.27402859926223755,0.27792039133200064,0.26922107375278115,0.27494430541140963,723192000
2010-09-29,0.2719680964946747,0.27998064448364296,0.26899201192000227,0.2715102436271502,974904000
2010-09-30,0.2673894464969635,0.27860698904916964,0.26510015544024823,0.275401965195467,787632000
2010-10-01,0.259834885597229,0.2717392257372129,0.25777453372943115,0.27128134550835725,999120000
2010-10-04,0.2573167085647583,0.26166638063609776,0.2520513304207784,0.2573167085647583,749500000
2010-10-05,0.2591479420661926,0.2632686706995365,0.2584611494122191,0.26281081802705325,753588000
2010-10-06,0.24678587913513184,0.26029271709183505,0.24426767453644915,0.25914807119502176,1057604000
2010-10-07,0.24495454132556915,0.24815953988595268,0.23762878354665976,0.24793059972141712,761488000
2010-10-08,0.2486172914505005,0.2506776702188127,0.24060477102936037,0.24403870835270614,706932000
2010-10-11,0.2474726140499115,0.2518222838112482,0.24632796842174465,0.2497619053062452,442680000
2010-10-12,0.2522801458835602,0.25342479155382835,0.2433518932811649,0.24541227186195094,605208000
2010-10-13,0.2596058249473572,0.26326870133444347,0.2536536849314675,0.256400828576532,968732000
2010-10-14,0.2554852068424225,0.26029270297398094,0.25434053371718357,0.259834850098191,599172000
2010-10-15,0.25846126675605774,0.26258199726025194,0.25548520938850994,0.2596059126021945,639940000
2010-10-18,0.2600638270378113,0.261208473034761,0.2541116569374672,0.25869024092526627,448156000
2010-10-19,0.25846126675605774,0.26029270556797846,0.25228018464502133,0.2543405362518636,866136000
2010-10-20,0.25846126675605774,0.2655580819183094,0.254111623456942,0.25869020684148897,763532000
2010-10-21,0.2538827359676361,0.25914811340877947,0.24999094474262243,0.2586902604335747,1014428000
2010-10-22,0.2701365649700165,0.27219694310211257,0.2527379436546475,0.25548511449744227,1322676000
2010-10-25,0.2726549208164215,0.27471529989313886,0.26967883589928227,0.27219706789621056,673136000
2010-10-26,0.2717391550540924,0.27585988500834224,0.267160572280594,0.2694498636673432,675248000
2010-10-27,0.27563101053237915,0.2765467163887438,0.2685341946287595,0.2692209876662892,496796000
2010-10-28,0.27585992217063904,0.28020956547521964,0.27334169038977046,0.2792938597133636,704448000
2010-10-29,0.2751730680465698,0.27814915204692947,0.2724259240810469,0.27540198079090294,554664000
2010-11-01,0.27563101053237915,0.28135424036093937,0.2733417186009551,0.2770045966074386,473920000
2010-11-02,0.2813543379306793,0.28593292338131676,0.2751732530304232,0.27677575248004194,581036000
2010-11-03,0.2834145426750183,0.28524598118198435,0.27585987589034894,0.28318560262770814,671748000
2010-11-04,0.28387251496315,0.289137892652974,0.28341466196632115,0.2861618072378112,700016000
2010-11-05,0.2886800467967987,0.2911982519869052,0.2845593151423768,0.28593287416683927,735116000
2010-11-08,0.2898244857788086,0.2923426891687548,0.28616160975098065,0.28845090044574867,605156000
2010-11-09,0.2882220447063446,0.29211386185741267,0.286619546209702,0.289824570493493,633964000
2010-11-10,0.2916560173034668,0.2916560173034668,0.28616170150013753,0.2902824315300079,521016000
2010-11-11,0.2886800467967987,0.2934875443181932,0.2808964364961091,0.2847882280011953,1089980000
2010-11-12,0.303560346364975,0.3131753928028378,0.29829497028959967,0.2996685561494396,2142560000
2010-11-15,0.29989737272262573,0.30928347607586587,0.29921060730353455,0.30493383439929084,733548000
2010-11-16,0.29096919298171997,0.29898171211674507,0.29051134020353353,0.29486098253206006,739356000
2010-11-17,0.2957768738269806,0.29921081243869946,0.28799326326610697,0.2907404086973784,551764000
2010-11-18,0.30493396520614624,0.307910050030684,0.29966858856127343,0.29966858856127343,993120000
2010-11-19,0.31477808952331543,0.315922736029961,0.3037894776014127,0.3042473307459659,716484000
2010-11-22,0.3150068521499634,0.31683826369568413,0.3099703885277012,0.3127175604273024,462668000
2010-11-23,0.30768105387687683,0.3145489280866427,0.30539176247362154,0.3113439310382878,457832000
2010-11-24,0.31523558497428894,0.316380230182121,0.3106570041429607,0.3108859441007249,397784000
2010-11-26,0.3113439977169037,0.31683828734519187,0.3113439977169037,0.3150068756627705,143104000
2010-11-29,0.31477808952331543,0.315922736029961,0.30859700384553435,0.3099705632791938,468192000
2010-11-30,0.3115728795528412,0.3131754055513918,0.3058496503880443,0.30997038084479994,720936000
2010-12-01,0.32530856132507324,0.32736891230325715,0.3172960428469117,0.31775389558756356,626536000
2010-12-02,0.32920041680336,0.33126079548666765,0.32507968672725146,0.325308626788899,529316000
2010-12-03,0.3385864794254303,0.3385864794254303,0.32691108358317406,0.3275978763898662,606044000
2010-12-06,0.3321765959262848,0.34041805842989176,0.3308030370360267,0.33973126533950543,438424000
2010-12-07,0.3429361879825592,0.3509487079600915,0.33927331079091333,0.3399601036756602,1026812000
2010-12-08,0.3459123373031616,0.34957518789272835,0.3399601675706623,0.3424783995245301,613252000
2010-12-09,0.34018903970718384,0.34247835857639597,0.33286331211343323,0.3376708353449146,942408000
2010-12-10,0.34224939346313477,0.34545439052263716,0.33927330917045034,0.340189014818735,451900000
2010-12-13,0.3335500657558441,0.34430972945025545,0.332634332857923,0.34362296388994595,609108000
2010-12-14,0.33400794863700867,0.3461411991256499,0.33355009579207096,0.3399601174927217,755160000
2010-12-15,0.32668229937553406,0.3388155527659535,0.32622441913058253,0.3346948215949884,624176000
2010-12-16,0.3271402418613434,0.3319477674249398,0.32622450841133754,0.33011632781544964,631872000
2010-12-17,0.3289714455604553,0.33080288385659345,0.32347713067204087,0.3273689199947707,593156000
2010-12-20,0.32759788632392883,0.3317186159985351,0.32736894628458796,0.3301161175946616,344088000
2010-12-21,0.3404180705547333,0.3404180705547333,0.33057410868328385,0.3308030488184051,466952000
2010-12-22,0.3440808355808258,0.34453868840966617,0.3365261683881874,0.33973116548057625,477988000
2010-12-23,0.3415626883506775,0.34408092046631233,0.3401891022347833,0.34408092046631233,273784000
2010-12-27,0.34339413046836853,0.3459123626064435,0.33446587521652305,0.34064698550261363,255500000
2010-12-28,0.34202051162719727,0.34568338942487176,0.3399601599225747,0.34339409762395295,194260000
2010-12-29,0.34202051162719727,0.3445387435244123,0.3388155140221153,0.34179159882141197,177660000
2010-12-30,0.34316515922546387,0.34522553823079105,0.340418014508872,0.34156266041499456,174488000
2010-12-31,0.35255125164985657,0.3530091318253343,0.342936231903493,0.3433940847884608,391252000
2011-01-03,0.36216631531715393,0.36560025304786137,0.3548405596592358,0.35529843985573906,817448000
2011-01-04,0.3610216975212097,0.36445563551933247,0.3530091755255899,0.36285313657831114,651384000
2011-01-05,0.38872209191322327,0.38917997208683075,0.3639977360303408,0.36766058638563204,1428216000
2011-01-06,0.44252052903175354,0.44274946913275687,0.39765037060448294,0.3987950165284767,3493312000
2011-01-07,0.45488274097442627,0.45625632705857594,0.4276401504358837,0.437484111264256,2579984000
2011-01-10,0.47228142619132996,0.47319713216137654,0.4432073932203852,0.4466413315438339,1750348000
2011-01-11,0.46495556831359863,0.4832699566431068,0.4548826956681341,0.47869137320598476,2711088000
2011-01-12,0.5345501899719238,0.535008015614274,0.4635820847912511,0.4651845837015277,3431896000
2011-01-13,0.5354659557342529,0.5457677979738409,0.5123440661973911,0.5288269919483192,2695192000
2011-01-14,0.5400442481040955,0.5489724992726014,0.5231035058210346,0.5263085022668565,1595352000
2011-01-18,0.5274533033370972,0.5363815576011346,0.5144043457255923,0.532718679858374,1813348000
2011-01-19,0.5130308270454407,0.5402734190157639,0.5118862083025089,0.527682339938372,1197896000
2011-01-20,0.5134885907173157,0.5164646751867373,0.49883708115061953,0.5079943019203126,1111408000
2011-01-21,0.5086811780929565,0.5263087769054192,0.5077654721421738,0.5189830201370963,739244000
2011-01-24,0.5661422610282898,0.5734680146489352,0.5260796380208349,0.5320317514339762,2056900000
2011-01-25,0.5487436652183533,0.5695761996837826,0.5450807882204401,0.5636240313847999,1086856000
2011-01-26,0.5617926716804504,0.5723234235470117,0.5505751269025034,0.5544669170130127,1074660000
2011-01-27,0.5601902008056641,0.5711787787696494,0.5494305356297982,0.5698052474599145,657396000
2011-01-28,0.5439361929893494,0.5709498669499089,0.5311161489556108,0.561563787648876,1094796000
2011-01-31,0.5475990176200867,0.5551536847213454,0.5359236478186015,0.5448519006802732,750160000
2011-02-01,0.5601902008056641,0.5643109038969041,0.5487437426844219,0.5524066201994229,654104000
2011-02-02,0.5856013298034668,0.5991081656943614,0.5569851594693359,0.5569851594693359,1606616000
2011-02-03,0.5746129155158997,0.5865172573581496,0.5620217805226713,0.5865172573581496,1030776000
2011-02-04,0.5876616835594177,0.5922402666775116,0.5803359833190771,0.582625274878124,872900000
2011-02-07,0.5631662011146545,0.58216732421108,0.5611058225867984,0.5796491201754844,934236000
2011-02-08,0.5464544892311096,0.5675159954777904,0.5439362300618186,0.56385311770693,1076584000
2011-02-09,0.5331763625144958,0.5540089480792549,0.5233324061069835,0.5485146062101312,1277520000
2011-02-10,0.522416889667511,0.5313451438541006,0.5173804259922762,0.521272216503631,1042352000
2011-02-11,0.5372973084449768,0.5542381126031355,0.5121150969008254,0.520585471689392,1359276000
2011-02-14,0.5290557146072388,0.5608768779909891,0.5269953361963539,0.5437071670622944,1287828000
2011-02-15,0.5162357091903687,0.5318028682739789,0.5139463632981799,0.5299714570574402,886980000
2011-02-16,0.5352368354797363,0.5427915023063434,0.5212721201979117,0.5231035860055497,1318364000
2011-02-17,0.5878907442092896,0.5954454130110307,0.5176093784902798,0.5201276378115433,3470096000
2011-02-18,0.5867459177970886,0.5940716718686362,0.5775887524981596,0.5846855392305265,1394412000
2011-02-22,0.531345009803772,0.5691183413858398,0.5295135441198193,0.5675158430255105,1396648000
2011-02-23,0.5061630010604858,0.5363816811738243,0.49860833103215124,0.5313452708756237,1491604000
2011-02-24,0.5185248851776123,0.527453081098802,0.5050180530713793,0.508680874689817,1246120000
2011-02-25,0.5292845368385315,0.5379838198952036,0.5251637807214259,0.5324895329867266,775652000
2011-02-28,0.5187540054321289,0.5382130123251867,0.5068496666663975,0.5379840449466781,903696000
2011-03-01,0.49563202261924744,0.5263085692231817,0.49563202261924744,0.5196696081829485,988448000
2011-03-02,0.4750284254550934,0.5043313878779709,0.4635819685510815,0.49494525500997283,1718140000
2011-03-03,0.4777756929397583,0.488764327779407,0.4633531472371769,0.48601715542423757,1593704000
2011-03-04,0.47525739669799805,0.48304097743427216,0.4699920204161612,0.47823348131734145,959760000
2011-03-07,0.4686185121536255,0.4802939397737004,0.4567141989941892,0.4786914408025191,1019140000
2011-03-08,0.4475569725036621,0.4761731192974919,0.43771298525797236,0.47365491475394106,1947184000
2011-03-09,0.4381708800792694,0.45053307228155626,0.43427906215286677,0.44618340144925656,1318976000
2011-03-10,0.4102414846420288,0.4313029632399021,0.4097836044605776,0.4280979657128056,1722736000
2011-03-11,0.41321754455566406,0.4246640306408703,0.40428931761200554,0.41367542473986024,1486832000
2011-03-14,0.41665151715278625,0.42695333025761073,0.40978361445905903,0.4164225770564747,1003360000
2011-03-15,0.404289186000824,0.41115705904189304,0.3894087671213393,0.39627664016240843,1256280000
2011-03-16,0.4013132154941559,0.42008542893720324,0.3960478392184355,0.40062642253810377,1476520000
2011-03-17,0.4088679254055023,0.4127597161686632,0.3937585879832166,0.41207292314210253,1238516000
2011-03-18,0.4033736288547516,0.41665155526412173,0.4029157759107593,0.41527796914163145,886960000
2011-03-21,0.4065786898136139,0.41619371164541374,0.4024579583741237,0.41207298020592353,751832000
2011-03-22,0.39948177337646484,0.4093257328897538,0.3976503346057701,0.40543394255859555,718332000
2011-03-23,0.40772318840026855,0.40886783409206245,0.39009562291423794,0.39879493562997265,782396000
2011-03-24,0.44023123383522034,0.44526769769489294,0.41550687660691504,0.4164225824229403,1780592000
2011-03-25,0.4264955222606659,0.4452677388383685,0.4258087291899305,0.4441230928173141,1196392000
2011-03-28,0.4422915279865265,0.4496172549805417,0.4326764823107188,0.4365682722178045,1204284000
2011-03-29,0.4388577342033386,0.4438941714506558,0.43290556372618155,0.4422916724115797,715764000
2011-03-30,0.4223747253417969,0.44412302364504064,0.4168804089221688,0.44229158483849795,1176320000
2011-03-31,0.42260363698005676,0.4276401005068998,0.4148200561866785,0.42306151714832213,655112000
2011-04-01,0.41665151715278625,0.428555829060259,0.41092826035959507,0.42809797615814676,850072000
2011-04-04,0.40177100896835327,0.4177960755084822,0.398794924792465,0.4166514298477948,924328000
2011-04-05,0.4024578332901001,0.41092820638336447,0.401542100315648,0.40772320919905064,821076000
2011-04-06,0.39971068501472473,0.4058917665467999,0.39627672050745283,0.40543391370933274,856984000
2011-04-07,0.4143621027469635,0.4168803340650874,0.39902385666608475,0.400626355100116,1021208000
2011-04-08,0.40177100896835327,0.4175671354601426,0.4006263633076659,0.4175671354601426,746552000
2011-04-11,0.396505743265152,0.40543399826508725,0.3921560994663078,0.4033736191310194,546208000
2011-04-12,0.3976503014564514,0.4003974457382289,0.3852881112526927,0.39261386572477497,840756000
2011-04-13,0.4065786898136139,0.4090968948723742,0.3967347278444195,0.401771165252456,749588000
2011-04-14,0.423748254776001,0.42397719484498236,0.4006263994291865,0.4029156909569698,1254704000
2011-04-15,0.42832687497138977,0.43359225106446947,0.4184828884269513,0.420543267223639,969720000
2011-04-18,0.4141332805156708,0.42100115584028464,0.4074943179942377,0.4182540111685412,743584000
2011-04-19,0.41253072023391724,0.41596465738431476,0.40131317583498144,0.4143621315483907,659860000
2011-04-20,0.42512187361717224,0.43382118755630267,0.4182539985005708,0.42764010540946334,650516000
2011-04-21,0.42397719621658325,0.4324475967291901,0.4230614905187106,0.42970042505455663,421300000
2011-04-25,0.43061622977256775,0.4377130183394932,0.4255797657237991,0.4258087058316567,619612000
2011-04-26,0.44183385372161865,0.446183525765833,0.4299295383989351,0.43427918315263064,676000000
2011-04-27,0.44183385372161865,0.44412317346998115,0.4326766838902438,0.44412317346998115,450004000
2011-04-28,0.4466412663459778,0.4555695210579639,0.43679730579761394,0.4418337424787151,684000000
2011-04-29,0.45785874128341675,0.4679316130691902,0.4489304879687239,0.4496172808837784,836000000
2011-05-02,0.45167768001556396,0.4677027214010948,0.44938838838905953,0.46747380861274973,613824000
2011-05-03,0.4301583468914032,0.44778591637184073,0.424664057241989,0.4464123576047433,808000000
2011-05-04,0.4269532859325409,0.43633939225870216,0.41894076546062553,0.4315318690593497,639356000
2011-05-05,0.42718228697776794,0.4322187236780179,0.41779617931190655,0.42351940903730695,544000000
2011-05-06,0.4422915279865265,0.4464122579489432,0.4326764823107188,0.4361104193976484,841080000
2011-05-09,0.4521356225013733,0.45442491458164236,0.4425205739318317,0.44366521997196623,706328000
2011-05-10,0.45282235741615295,0.45625629509544935,0.44824374655324706,0.45579844219631194,690976000
2011-05-11,0.45488274097442627,0.45969023768792483,0.44870165817677804,0.45511168108528877,616000000
2011-05-12,0.46930521726608276,0.4697630974210438,0.45213553017030433,0.45328017597668957,1224000000
2011-05-13,0.41802504658699036,0.44068905020486776,0.4148200492061232,0.43954440438448533,2025192000
2011-05-16,0.40520501136779785,0.4177961429586106,0.40497609857300726,0.41688040990791914,728188000
2011-05-17,0.4036025404930115,0.40406039340469674,0.3919271411472237,0.4038314805941099,1420364000
2011-05-18,0.412988543510437,0.4164224804151133,0.40383137843130024,0.405204936818868,658844000
2011-05-19,0.40703633427619934,0.41642243845268917,0.4008552539287435,0.4161934984325789,650884000
2011-05-20,0.4141332805156708,0.41504898630941506,0.4042893204256221,0.4061207593036213,575820000
2011-05-23,0.41367533802986145,0.41665142215077094,0.40291564718576517,0.40818102258575817,588000000
2011-05-24,0.4152779281139374,0.43198976359744806,0.41459113512054446,0.41573578101269576,720372000
2011-05-25,0.420314222574234,0.42306139361964834,0.4090966802467961,0.4132174095244161,545312000
2011-05-26,0.43084514141082764,0.4345080193834512,0.4191697417522882,0.420314387707419,706436000
2011-05-27,0.44641220569610596,0.4470989712007007,0.4322185788990987,0.4326764316656628,658824000
2011-05-31,0.45877447724342346,0.45900344461755754,0.44412302144468985,0.45511162693899476,1200716000
2011-06-01,0.4381708800792694,0.4574009477415452,0.4372551469769642,0.4567141547374441,762208000
2011-06-02,0.4361104965209961,0.4420626661071462,0.4308451199317881,0.4388576685087644,607592000
2011-06-03,0.42260363698005676,0.4349658284225222,0.4205432853849006,0.43107403802583305,549300000
2011-06-06,0.41367533802986145,0.425808587267105,0.413217457941641,0.421916797550764,435988000
2011-06-07,0.41344648599624634,0.41916971541226095,0.41161504712501956,0.4168804236458551,433956000
2011-06-08,0.4022288918495178,0.4139042893777107,0.39902389467615484,0.4113860851102133,569288000
2011-06-09,0.3976503014564514,0.4029156772493205,0.38322775986398633,0.4019999715855636,741632000
2011-06-10,0.39192715287208557,0.4008554077243472,0.38872212781338433,0.39833717569897564,493548000
2011-06-13,0.38918009400367737,0.3969636773261984,0.38643292126347617,0.39192723945336017,574760000
2011-06-14,0.39238494634628296,0.40108425977254336,0.39078244770498693,0.39261388641954303,534576000
2011-06-15,0.38391467928886414,0.38940896966324456,0.3759021292829094,0.3871196774588334,935916000
2011-06-16,0.37063661217689514,0.3900956158768538,0.36514232387160467,0.3841434474707012,1024908000
2011-06-17,0.3619372844696045,0.37521520644775197,0.3504908282372404,0.37498626640690297,1467884000
2011-06-20,0.3575875759124756,0.36628688649898467,0.3548404050921574,0.35873222132410837,745960000
2011-06-21,0.3653712868690491,0.36811845868992815,0.35552732728559033,0.35896126477117996,704276000
2011-06-22,0.3603348433971405,0.36766057109353395,0.35964805045580484,0.3628530750852017,651720000
2011-06-23,0.3710944354534149,0.37361263917002574,0.3525511402136369,0.3557561639763706,744024000
2011-06-24,0.3603348433971405,0.3724680943923748,0.35804555178636077,0.3692630970534867,529052000
2011-06-27,0.35278016328811646,0.36262412232836616,0.340189032578582,0.360334830797634,1142152000
2011-06-28,0.3548405170440674,0.35896124728413253,0.35026193395299676,0.35278016556928876,692200000
2011-06-29,0.3603348433971405,0.36399772089059157,0.3447676549857365,0.35712981876774363,960544000
2011-06-30,0.36491334438323975,0.368805133786425,0.3557561800037439,0.36125046771524044,652300000
2011-07-01,0.36972081661224365,0.37109440199965965,0.357587569991732,0.3649132950467866,540804000
2011-07-05,0.36353978514671326,0.3726969495021813,0.36033476124799796,0.3692630128688808,535296000
2011-07-06,0.35873234272003174,0.3639977188534589,0.3543826723095882,0.3633109259159669,529580000
2011-07-07,0.3601059019565582,0.36239519355867106,0.3536958800125405,0.36056378210938766,986136000
2011-07-08,0.35323795676231384,0.3575876263138972,0.3502618728144943,0.35506939513716457,619516000
2011-07-11,0.34087586402893066,0.3479726794926361,0.3399601582293284,0.3465991207932327,714388000
2011-07-12,0.3362972140312195,0.3424783224745541,0.3305739856877655,0.3392732982279167,867604000
2011-07-13,0.3356105089187622,0.34316517776542427,0.3324055111246692,0.3408758858294971,634368000
2011-07-14,0.3223326504230499,0.33904448909717355,0.32073015132619226,0.33698413701414454,1088996000
2011-07-15,0.3227904140949249,0.3262243514768327,0.31615147940610655,0.3241639999638914,827736000
2011-07-18,0.3159225583076477,0.32210364050825946,0.3118018277437365,0.3202722289603079,818200000
2011-07-19,0.32553768157958984,0.3262244474255554,0.3168383382381735,0.3168383382381735,602224000
2011-07-20,0.3214168846607208,0.3285136728525216,0.3205011515682069,0.3266822612485155,662956000
2011-07-21,0.33652615547180176,0.3388154468186435,0.3170671517331415,0.32187467447771134,1143420000
2011-07-22,0.34339413046836853,0.3445387764783092,0.3351526682805902,0.33950233949267294,737192000
2011-07-25,0.3378998339176178,0.33950236026198133,0.33309233675607286,0.33812877404981695,566920000
2011-07-26,0.3296583294868469,0.3365262045285288,0.32485080604146577,0.3282847435623067,698276000
2011-07-27,0.3172960877418518,0.32668219306053137,0.3163803548404777,0.32507966730575305,652212000
2011-07-28,0.31660929322242737,0.32324822709255535,0.3111149777146099,0.3161514404194022,648176000
2011-07-29,0.31660929322242737,0.3195853773778487,0.3118017705644002,0.31340426902024093,677656000
2011-08-01,0.3335500657558441,0.33446577136326017,0.321187876312697,0.32393502042545025,1019620000
2011-08-02,0.3301161229610443,0.35209333005587073,0.3301161229610443,0.3312607685953477,1356432000
2011-08-03,0.3390444219112396,0.3401890677950999,0.32759796307263667,0.33080298792175183,765236000
2011-08-04,0.30676528811454773,0.3328632213715127,0.30676528811454773,0.3328632213715127,979732000
2011-08-05,0.29646366834640503,0.31775412254370283,0.2884511441452916,0.3138623305326948,1270588000
2011-08-08,0.2731126844882965,0.29211383372768013,0.2712812461154219,0.28204093632212146,1084180000
2011-08-09,0.2960056960582733,0.29646354894154037,0.2747152777265118,0.2783781280831581,1329832000
2011-08-10,0.282498836517334,0.295547820058105,0.2808963379059872,0.287306359641882,1140052000
2011-08-11,0.3069942891597748,0.3111150195217488,0.2824988470654604,0.2824988470654604,1078792000
2011-08-12,0.2948610782623291,0.34018909111965695,0.2900535543042909,0.3397312381928229,3195784000
2011-08-15,0.30607870221138,0.306765495419986,0.2962347389960793,0.29783723828914704,864152000
2011-08-16,0.2973792850971222,0.30676539210918946,0.2918849685691401,0.3026446615358304,716868000
2011-08-17,0.29325854778289795,0.3033314475407402,0.2893667573882698,0.29829498401656435,553328000
2011-08-18,0.2733417749404907,0.282727884710142,0.2701367492015892,0.2799807392843108,802564000
2011-08-19,0.26853421330451965,0.2836435520189334,0.26670277417390675,0.2687631534297892,761332000
2011-08-22,0.2733417749404907,0.27929394610522346,0.27036568935812433,0.27608892036632193,611876000
2011-08-23,0.3028735816478729,0.3031025217426748,0.27952278359850613,0.27998066378811,938312000
2011-08-24,0.2985239624977112,0.30310254644277673,0.290740353416792,0.3021868405699688,687500000
2011-08-25,0.2857038378715515,0.29783708744339055,0.2852459850612097,0.29257171189819564,690968000
2011-08-26,0.2978369891643524,0.3008130723852968,0.27952263717942466,0.2845590983027904,732660000
2011-08-29,0.3058496415615082,0.30699428736143414,0.299210706838141,0.3063075217138854,601528000
2011-08-30,0.31317535042762756,0.3156935544425893,0.30172886682228467,0.3037892453332583,684760000
2011-08-31,0.3047049641609192,0.31866965238795486,0.30218676003654776,0.3154646553967528,705808000
2011-09-01,0.30401816964149475,0.31546465368193777,0.30378925688079933,0.3088256923926707,762312000
2011-09-02,0.2957768738269806,0.3012711646895235,0.29348755412864985,0.29715043289735726,471356000
2011-09-06,0.3017290234565735,0.3024158166500944,0.2834146838454486,0.2861618293290136,696248000
2011-09-07,0.3262243866920471,0.3351526412230981,0.31729615945150746,0.3262243866920471,1606620000
2011-09-08,0.3246217966079712,0.3308029046574171,0.31935642140942644,0.32301929823202374,880164000
2011-09-09,0.31775403022766113,0.3305740761410848,0.3150068853292169,0.32187476122058395,869828000
2011-09-12,0.32530856132507324,0.3280557050594855,0.31340422632511794,0.31340422632511794,916480000
2011-09-13,0.332634299993515,0.3342368255839205,0.32301928290359394,0.32805571782779047,853836000
2011-09-14,0.3498040735721588,0.3541537437893503,0.34110476042828325,0.3413337004941118,1547192000
2011-09-15,0.3548405170440674,0.3594191274256459,0.35163551979652113,0.35758768873111607,752908000
2011-09-16,0.3539247512817383,0.36857623106114235,0.35209331289799983,0.35552724963357063,1391588000
2011-09-19,0.34659910202026367,0.35049089239354714,0.337670848150427,0.34797266064527055,968204000
2011-09-20,0.33767083287239075,0.3523223152431178,0.33606833423713367,0.35094872938975,792436000
2011-09-21,0.3312607705593109,0.3454543710507221,0.3310318305148911,0.33950223009135855,715252000
2011-09-22,0.3092834949493408,0.31866959887535123,0.30333135478083517,0.31821174613785097,1314632000
2011-09-23,0.3156934976577759,0.32462174835169905,0.3056206288287595,0.30745206696780786,1011440000
2011-09-26,0.31638044118881226,0.3205011721433858,0.30218683660351453,0.3195854662825973,972124000
2011-09-27,0.3168383538722992,0.32714019684683177,0.3143201486349618,0.3243930514558647,781388000
2011-09-28,0.3072231709957123,0.32553752772039013,0.3021867358594151,0.31752498130243534,1236532000
2011-09-29,0.29966863989830017,0.31798300488897385,0.29188503000142363,0.3127176273420753,866416000
2011-09-30,0.2863907217979431,0.29646359599042665,0.28593284155150045,0.29486109699941987,677784000
2011-10-03,0.27036556601524353,0.29165600840149436,0.27036556601524353,0.2827277557275338,949896000
2011-10-04,0.2953188717365265,0.2953188717365265,0.2625819710554388,0.26372661678734366,1361548000
2011-10-05,0.3058496415615082,0.30859681331373734,0.28867995456261863,0.29463209634792853,856708000
2011-10-06,0.317982941865921,0.31889864765323306,0.3069943086751141,0.30745218885928055,773192000
2011-10-07,0.32393503189086914,0.32874255472622443,0.31271751499571476,0.31935644911072353,806976000
2011-10-10,0.3383577764034271,0.3383577764034271,0.3287427257311724,0.3294295189635506,534376000
2011-10-11,0.3346947133541107,0.3411047345147646,0.3335500676929406,0.33561041896684474,816080000
2011-10-12,0.334465891122818,0.34133379479959464,0.33423697828425153,0.34110485467051327,612064000
2011-10-13,0.3539247512817383,0.35461154408695306,0.3319475452578838,0.33286325080450135,854832000
2011-10-14,0.35987699031829834,0.36376878059619944,0.3511776767444257,0.3601059031049345,702452000
2011-10-17,0.34202051162719727,0.3557562897232211,0.34018907272836,0.3557562897232211,611780000
2011-10-18,0.35438260436058044,0.3552983371984908,0.3381286262153305,0.34018897734224807,590916000
2011-10-19,0.34728580713272095,0.36102158202130463,0.3463701015423842,0.3548404737697654,557568000
2011-10-20,0.3298872709274292,0.33927337854900474,0.3168382853826749,0.33789979250518476,990308000
2011-10-21,0.3314897119998932,0.33950225947142065,0.3259954233633964,0.3340079435444167,628428000
2011-10-24,0.3438519835472107,0.3491173606530767,0.33217658332509536,0.3328633763894281,535256000
2011-10-25,0.3308029770851135,0.34179158266830323,0.3301161841191936,0.33904441080462355,577996000
2011-10-26,0.3346947133541107,0.33904435595035515,0.32507966796787735,0.33721294472488716,503116000
2011-10-27,0.34911736845970154,0.3525513065676379,0.3392734070921811,0.3470570165111454,577732000
2011-10-28,0.35712993144989014,0.36033495709054125,0.3452256167758709,0.34614132279290416,490156000
2011-10-31,0.3388155996799469,0.3477438563350384,0.3388155996799469,0.3456834768190091,519984000
2011-11-01,0.3218746781349182,0.32736896651356345,0.31866965383862034,0.3264532608806245,790824000
2011-11-02,0.31638044118881226,0.32668228222050244,0.30974150547181395,0.3250797560283536,961608000
2011-11-03,0.3353816568851471,0.3360684500485044,0.3113440599107467,0.3198144361507734,749372000
2011-11-04,0.3392733633518219,0.34041800924022875,0.32714011147660693,0.33240548802138065,654840000
2011-11-07,0.3374418616294861,0.3424783244329297,0.3296582819540824,0.3367550687662433,613536000
2011-11-08,0.3452255427837372,0.3472858945257259,0.33629728822392607,0.3417916050200817,549728000
2011-11-09,0.3278268277645111,0.3415625752115737,0.3264532421036031,0.3372129327695389,532244000
2011-11-10,0.3312607705593109,0.33927329004693874,0.3230193110272633,0.3358393531236697,990484000
2011-11-11,0.3429361879825592,0.3456833322310404,0.32210359783426634,0.34064689656040714,1751560000
2011-11-14,0.3362972140312195,0.34637011229000175,0.33538150841246905,0.3429361752839294,500292000
2011-11-15,0.3406468629837036,0.34316506692555404,0.33217646372424176,0.33309219657714495,505660000
2011-11-16,0.333778977394104,0.34316508264594275,0.3326343317434166,0.334236857486783,512420000
2011-11-17,0.3218746781349182,0.334007927869141,0.31592250964929774,0.3330922222362021,657504000
2011-11-18,0.31889858841896057,0.3237061111356446,0.31546465141861635,0.3237061111356446,501352000
2011-11-21,0.334923654794693,0.3381286517430892,0.30905462999611416,0.31386215270921386,1330788000
2011-11-22,0.3452255427837372,0.3470569817157891,0.3367551411343112,0.33858658006636305,1287480000
2011-11-23,0.33057400584220886,0.34408084193054866,0.3303450657783105,0.3415626103896951,825340000
2011-11-25,0.3214168846607208,0.3337790494403163,0.3205011515682069,0.3262243810570031,406620000
2011-11-28,0.33950236439704895,0.3445388017521358,0.3319476947191609,0.3319476947191609,690616000
2011-11-29,0.3413337171077728,0.3456833602461662,0.33583940087502956,0.33904439820958165,623440000
2011-11-30,0.35781678557395935,0.3587325190375357,0.34865961468132745,0.3516357006795372,730324000
2011-12-01,0.36216631531715393,0.3630820211291381,0.3532380608430079,0.3548405596592358,529760000
2011-12-02,0.35987699031829834,0.3674316580874643,0.35644305290417827,0.3660580722056128,546464000
2011-12-05,0.35438260436058044,0.36628694021989194,0.3514065203957526,0.3658290874461884,644696000
2011-12-06,0.3493463099002838,0.35712989205808127,0.34568343165513543,0.35644312626631597,573832000
2011-12-07,0.34728580713272095,0.34980403844190394,0.339960080538513,0.34705689438038906,510016000
2011-12-08,0.3362972140312195,0.34957510924613383,0.3351525683625287,0.3438518809026799,491488000
2011-12-09,0.34110480546951294,0.3438519501696662,0.32920046628466404,0.3337790498817564,555840000
2011-12-12,0.332634299993515,0.33515253110086446,0.32645321952788736,0.33377894553494614,573208000
2011-12-13,0.3234773576259613,0.3411049328921033,0.3214170051538123,0.3369842006572841,516596000
2011-12-14,0.31088608503341675,0.3225614823622607,0.30745214785322816,0.3207300437413921,636020000
2011-12-15,0.3081388771533966,0.31821177473617945,0.30745211163067576,0.3161514235870098,435148000
2011-12-16,0.3092834949493408,0.3166092479113495,0.30790993673684003,0.3106570804523427,619116000
2011-12-19,0.3012711703777313,0.31432015918105144,0.30012652415221336,0.3106572803431864,463276000
2011-12-20,0.3182118237018585,0.31935646946986673,0.30813892456908193,0.30813892456908193,445208000
2011-12-21,0.31409117579460144,0.3198144061345621,0.30791009248554696,0.3163804679305857,548424000
2011-12-22,0.32759788632392883,0.3285135919002839,0.31500678455127334,0.31500678455127334,576560000
2011-12-23,0.3243929445743561,0.3296583207583337,0.3216457727980138,0.3292004406019374,248948000
2011-12-27,0.3218746781349182,0.32691111369709397,0.32095894521147345,0.3230193238213448,195712000
2011-12-28,0.3138620853424072,0.3225613959943562,0.31363314534215875,0.3218746032841103,233960000
2011-12-29,0.3198143243789673,0.3205011173022976,0.3124885968746298,0.31706717997615425,211112000
2011-12-30,0.3172960877418518,0.3221035831346713,0.3168382076459122,0.3186696461581552,186956000
2012-01-03,0.3214168846607208,0.3296583460407917,0.3207300916639631,0.32736902695476233,468044000
2012-01-04,0.32507970929145813,0.32645329517567234,0.3186696873159732,0.32164577187143145,347372000
2012-01-05,0.3367551863193512,0.33835771265648956,0.32210370018754475,0.32347728639351614,563548000
2012-01-06,0.33286330103874207,0.3367550911349532,0.3289715109425309,0.33652617835900395,533252000
2012-01-09,0.33286330103874207,0.33927332270394667,0.33057400953620525,0.3330922411051987,508244000
2012-01-10,0.3314897119998932,0.3381286736670429,0.3292004205196017,0.3378997336028109,546328000
2012-01-11,0.32485079765319824,0.33148973243919033,0.3234772117641267,0.3285136478732078,484272000
2012-01-12,0.3227904140949249,0.3257664986173467,0.3156935992561121,0.32553758583285786,652364000
2012-01-13,0.31432002782821655,0.32118790231127264,0.3127175292402716,0.3205011094048656,504300000
2012-01-17,0.3095124661922455,0.3191275111023866,0.30905461340854923,0.3191275111023866,627176000
2012-01-18,0.32004326581954956,0.32256149745236545,0.31386218406414745,0.3154646826984357,632676000
2012-01-19,0.32851359248161316,0.32897147256110515,0.3193564275398413,0.32279036439300574,608312000
2012-01-20,0.32553768157958984,0.3319477053692275,0.3243930354489587,0.3280558866926685,546272000
2012-01-23,0.334465891122818,0.3346948312518993,0.32164584428559007,0.3257665755754501,562792000
2012-01-24,0.34202051162719727,0.34339409762395295,0.3319476386193589,0.3321765514251442,730920000
2012-01-25,0.33996009826660156,0.3408758039046902,0.32324823840218386,0.332863284054644,1274152000
2012-01-26,0.3367551863193512,0.3488884674608968,0.3349237744320761,0.3449966489741495,799672000
2012-01-27,0.3413337171077728,0.34316512856151193,0.331947610600071,0.3346947550711883,449996000
2012-01-30,0.3388155996799469,0.3404180988876245,0.3303451960426893,0.33538166111041584,399076000
2012-01-31,0.3381287157535553,0.33996015462384715,0.33217654624773446,0.3397312145311192,357900000
2012-02-01,0.3417915999889374,0.34568339060569114,0.3372130163714598,0.34202051279550466,428020000
2012-02-02,0.3546115756034851,0.35598513404548815,0.34018900728366064,0.34362297161493244,696236000
2012-02-03,0.36216631531715393,0.36514240014186927,0.3591902304924386,0.3598770234966823,495232000
2012-02-06,0.35941916704177856,0.36079272574619226,0.35621414215045805,0.36033487284472104,278868000
2012-02-07,0.3603348433971405,0.36239519493063876,0.3539248214288555,0.3598769905330863,410296000
2012-02-08,0.3733837902545929,0.380480577167485,0.3585033689748056,0.3603348075392799,847612000
2012-02-09,0.37315499782562256,0.3800228746915533,0.3724682046809261,0.3779625225479808,561944000
2012-02-10,0.3639977276325226,0.3708656025920679,0.36193734877035344,0.36949201668395515,440268000
2012-02-13,0.36972081661224365,0.37452833817770076,0.36216615156245346,0.37315475279028476,610668000
2012-02-14,0.3717813789844513,0.37498640428224245,0.3665160017234843,0.36972102702127546,453756000
2012-02-15,0.37017878890037537,0.38689064978100496,0.3692630832066047,0.37521525208763695,1110856000
2012-02-16,0.37658894062042236,0.37956502608823284,0.3433941747600958,0.34476776106539825,1888588000
2012-02-17,0.362853080034256,0.3793359743985832,0.35941914257124996,0.3768177699666842,1020360000
2012-02-21,0.364684522151947,0.3736127487214757,0.3619373503239296,0.36262414328093395,518176000
2012-02-22,0.36216631531715393,0.3717813355050325,0.36170846241116184,0.36285310832139767,492432000
2012-02-23,0.36422672867774963,0.3662871080391604,0.35712991191708326,0.3628531697273249,323968000
2012-02-24,0.3614794611930847,0.3658291312908347,0.35987696264781116,0.36537125117175095,366668000
2012-02-27,0.3541538715362549,0.35850351603190006,0.34911740659538093,0.3569010168645843,745268000
2012-02-28,0.3509487509727478,0.358274506253892,0.3472858733321757,0.3541537757308758,699884000
2012-02-29,0.34682804346084595,0.3580455899227837,0.346599130649691,0.35209342018457085,689196000
2012-03-01,0.34911736845970154,0.35323809964732805,0.34682807638774393,0.3482016625471242,449944000
2012-03-02,0.352093368768692,0.3571298046552842,0.3479726385740229,0.3479726385740229,684076000
2012-03-05,0.34018903970718384,0.3502619390277857,0.3376708353449146,0.3495751460960729,514848000
2012-03-06,0.3369840979576111,0.33904444980184484,0.33103192795569364,0.33629730491269555,471400000
2012-03-07,0.3390444219112396,0.3404180078880762,0.33423692557333273,0.3388155091087739,441984000
2012-03-08,0.34018903970718384,0.3436230043657479,0.3381286882025537,0.33996012692361843,430852000
2012-03-09,0.3392733633518219,0.3436230341020744,0.3374419244722688,0.341104802231375,367836000
2012-03-12,0.33400794863700867,0.3429362019205782,0.3330922429471332,0.3406469104053821,299948000
2012-03-13,0.3385864794254303,0.3404179178131082,0.3337789570690887,0.33538148271487145,553288000
2012-03-14,0.3289714455604553,0.3392732552744177,0.32782680003668174,0.33858646250205315,735708000
2012-03-15,0.333778977394104,0.33561041589330487,0.3287425419891804,0.32988718763986785,382380000
2012-03-16,0.33423691987991333,0.33561047854284204,0.33217654094975513,0.3340079797908368,428340000
2012-03-19,0.33515268564224243,0.33767091791076737,0.3335501866034152,0.3360684188719401,405400000
2012-03-20,0.3296583294868469,0.3333211798014382,0.32668224484401615,0.3333211798014382,449616000
2012-03-21,0.33103179931640625,0.33400788316085583,0.32599536442837734,0.3296582410508541,467840000
2012-03-22,0.33057400584220886,0.3333211501564537,0.32759792146406574,0.32851362713864496,425372000
2012-03-23,0.3330923020839691,0.33400800793641794,0.3273690449893705,0.32965836420151734,315456000
2012-03-26,0.3369840979576111,0.33858659686873877,0.3330923070904402,0.33629730491269555,288600000
2012-03-27,0.3392733633518219,0.34339409400818877,0.3376708645661544,0.3383576575573007,419968000
2012-03-28,0.3470570147037506,0.35163559882382156,0.3411048444314528,0.3436230766136974,892448000
2012-03-29,0.34865936636924744,0.35140651022244135,0.34224934585145994,0.3465990153019776,372700000
2012-03-30,0.35255125164985657,0.35461163056797657,0.34659910956425527,0.35163554587992096,527240000
2012-04-02,0.3509487509727478,0.3546116286133199,0.34591231468484346,0.3516355439416688,407776000
2012-04-03,0.3452255427837372,0.3539248572431,0.34339410385168534,0.35346700433271494,430476000
2012-04-04,0.3353816568851471,0.34430988613723945,0.33332127739507517,0.3399602415868391,495896000
2012-04-05,0.334923654794693,0.33996009026667506,0.33377898183825966,0.33583936041123325,369424000
2012-04-09,0.33057400584220886,0.3317186515806865,0.32416398424863296,0.32965830016762965,365504000
2012-04-10,0.3241639733314514,0.3337789917527475,0.3225614748096531,0.3292004089530345,470360000
2012-04-11,0.3282848000526428,0.33538161639978503,0.327369066848536,0.32851371288578385,372960000
2012-04-12,0.336068332195282,0.3378997436013012,0.3273689915641512,0.3287425774091735,384868000
2012-04-13,0.3241639733314514,0.3349236647431819,0.3239350332752633,0.3330922261651955,311324000
2012-04-16,0.3202722668647766,0.32736905567927455,0.3150068898149792,0.32645334979692425,463468000
2012-04-17,0.32095903158187866,0.32507976262000843,0.3198143855874267,0.32118797169697433,460696000
2012-04-18,0.3175250291824341,0.32050111362235567,0.3136332390489248,0.31889861501332334,400764000
2012-04-19,0.312717467546463,0.3253085682813904,0.3111149419841617,0.3134042330268757,667188000
2012-04-20,0.30653637647628784,0.31546462840001566,0.30584958366823134,0.31454889555910587,509592000
2012-04-23,0.3028735816478729,0.304247167635663,0.29554785339085093,0.3012710828557917,706244000
2012-04-24,0.29348745942115784,0.3063075309746364,0.291884960710914,0.3037892992224609,730440000
2012-04-25,0.29943960905075073,0.30172890056976887,0.29234279442559147,0.29783711044553957,727112000
2012-04-26,0.29966863989830017,0.3021868722482782,0.29715040754832217,0.2992107869138994,539208000
2012-04-27,0.2971504032611847,0.3010422217987317,0.2939454051261035,0.2992107825970358,475356000
2012-04-30,0.29760828614234924,0.29921081266142546,0.2934875543471156,0.2955479338899915,262268000
2012-05-01,0.3028735816478729,0.30607860652254615,0.29600570628994405,0.29600570628994405,408680000
2012-05-02,0.2941741645336151,0.30287347573637446,0.2925716663019097,0.30172883024365615,684008000
2012-05-03,0.2891378700733185,0.2966925394478365,0.2873064309385089,0.2948611003130269,419536000
2012-05-04,0.28066742420196533,0.28890888539236365,0.28066742420196533,0.28730638663048347,545092000
2012-05-07,0.285474956035614,0.2905114198479341,0.28318566422656344,0.2857038961327235,604440000
2012-05-08,0.28524595499038696,0.2870773660386857,0.2779202016351814,0.28295663659900827,462312000
2012-05-09,0.2863907217979431,0.2886800138680997,0.2774624663500237,0.28020961137610884,520608000
2012-05-10,0.2843303382396698,0.28959571537911766,0.27975175416893494,0.2891378624301469,597092000
2012-05-11,0.30241575837135315,0.3131754526517962,0.3012711123662434,0.30791007557018835,1435140000
2012-05-14,0.30058422684669495,0.30516280945878244,0.29371635292856374,0.2998974339967808,437472000
2012-05-15,0.29760828614234924,0.30722333609473385,0.29623472707095017,0.30058437173282454,599940000
2012-05-16,0.2916560173034668,0.3014999759052386,0.2907402843576587,0.29806603876209775,470484000
2012-05-17,0.28959566354751587,0.29554783269036217,0.28959566354751587,0.2928006881977057,335364000
2012-05-18,0.2765466272830963,0.2916559873688499,0.27517306894112137,0.2902824017363713,567288000
2012-05-21,0.2813543379306793,0.28272792448207934,0.2751732530304232,0.2770046926687826,416260000
2012-05-22,0.27792033553123474,0.28158321397353375,0.2737996041062773,0.2811253609908753,410140000
2012-05-23,0.2847881317138672,0.2852460118577286,0.2708234422982875,0.2749441725594838,496000000
2012-05-24,0.2772334814071655,0.2868485283797944,0.27517312979332204,0.2863906754978858,520420000
2012-05-25,0.28387251496315,0.2861618072378112,0.27700463813916654,0.27700463813916654,391752000
2012-05-29,0.2911982238292694,0.29302966297531086,0.28730643270050293,0.28845107875546455,310000000
2012-05-30,0.2877642512321472,0.2900535430681467,0.2827278146510506,0.2879931913319517,379792000
2012-05-31,0.2845592796802521,0.28890892365143445,0.2808964014904567,0.28776427762843765,358192000
2012-06-01,0.2742573320865631,0.28135414559995303,0.2737994793125871,0.27860700166559355,440984000
2012-06-04,0.26853421330451965,0.2772335287070453,0.2662449212138821,0.2756310297017019,432856000
2012-06-05,0.27631786465644836,0.2770046578458098,0.2671606949063451,0.2671606949063451,365224000
2012-06-06,0.283643513917923,0.2843303069109622,0.27631778567002946,0.2783781373586364,368968000
2012-06-07,0.27219703793525696,0.28936675252263544,0.27196809785509507,0.2877642265425204,526780000
2012-06-08,0.2774624526500702,0.2783781585167134,0.27265492862391133,0.27311278155723295,370308000
2012-06-11,0.28066742420196533,0.2914271172256826,0.27998065851152404,0.2863906808495549,839080000
2012-06-12,0.2863907217979431,0.28913786682402826,0.28341463664863664,0.2838724896045651,496128000
2012-06-13,0.2788359224796295,0.28684844098872475,0.2774623369618697,0.2861616482298449,494276000
2012-06-14,0.27540209889411926,0.2806674763388322,0.2726549537505128,0.27837818417074095,589884000
2012-06-15,0.2813543379306793,0.28158327811941997,0.2749443128416826,0.2774625457557419,385288000
2012-06-18,0.28387251496315,0.2861618072378112,0.27700463813916654,0.2792939304138277,304424000
2012-06-19,0.3031025230884552,0.3074521938754292,0.2941742687091996,0.2955478547030884,960476000
2012-06-20,0.30790990591049194,0.31363313278251814,0.30424702979619583,0.30607846785334386,972720000
2012-06-21,0.2939453721046448,0.3076811236385332,0.29325857906984787,0.3076811236385332,516376000
2012-06-22,0.29760828614234924,0.30104225204714247,0.2934875543471156,0.29760828614234924,865360000
2012-06-25,0.2882220447063446,0.2987527958965775,0.2870773990243847,0.2978370902672119,494616000
2012-06-26,0.2914271354675293,0.2934874872488412,0.2857039057522051,0.2898246366053409,437152000
2012-06-27,0.300813227891922,0.3028735795689541,0.2916560608108715,0.2916560608108715,506064000
2012-06-28,0.3031025230884552,0.30493396198347,0.2955478547030884,0.29806608659504763,545896000
2012-06-29,0.31638044118881226,0.31706723422965993,0.30997041829175476,0.31019935840220825,616508000
2012-07-02,0.30790990591049194,0.3182117142801391,0.30539167517060106,0.3179828015795571,581684000
2012-07-03,0.3159225583076477,0.3166093512833846,0.30768109717982534,0.3079100372685743,219284000
2012-07-05,0.312717467546463,0.31523567131914737,0.3079099454405627,0.31386211306782,280076000
2012-07-06,0.30676528811454773,0.3113438700237871,0.3033313516826182,0.31042813726763874,382760000
2012-07-09,0.3026445806026459,0.30630745730844117,0.3001263494560988,0.3049338717211422,306336000
2012-07-10,0.29348745942115784,0.3083678825605914,0.29119816775209256,0.29943962867693125,512028000
2012-07-11,0.2886800467967987,0.2980661562712865,0.287306460481819,0.2944032776250188,485216000
2012-07-12,0.28387251496315,0.28593286709413845,0.28135428254481615,0.2854750140973095,472160000
2012-07-13,0.28753530979156494,0.2889088683820859,0.28226993363496294,0.28410137237949956,324260000
2012-07-16,0.2884509265422821,0.2907402174441653,0.2829566120034624,0.2857037829181224,334460000
2012-07-17,0.2831856608390808,0.2909692692710514,0.27837813718137805,0.2893667704819874,447476000
2012-07-18,0.29898184537887573,0.3031025768002524,0.28112536074658734,0.28249891969336904,616008000
2012-07-19,0.3019578158855438,0.30584960569075226,0.2989817316966767,0.3010421102692026,403036000
2012-07-20,0.29325854778289795,0.302186801701702,0.29005352305928517,0.3001264228171274,451000000
2012-07-23,0.2971504032611847,0.2992107825970358,0.28227000409449343,0.2854750022295746,451584000
2012-07-24,0.2939453721046448,0.2994396618019952,0.29051143422117265,0.29760822280604093,351164000
2012-07-25,0.29966863989830017,0.302644725232679,0.29165611715448114,0.2930296761076835,415044000
2012-07-26,0.3010421395301819,0.3085968071160718,0.29875282068579867,0.3051628424947509,338440000
2012-07-27,0.3085968494415283,0.30951255527246846,0.2998975075950387,0.3021868267534124,376516000
2012-07-30,0.3051629662513733,0.31248872402708827,0.30264476089517545,0.3085969322653141,363552000
2012-07-31,0.30997028946876526,0.31431995872607904,0.30470491473122824,0.30516276747133986,387788000
2012-08-01,0.30653637647628784,0.31477783559195915,0.30516279086017484,0.3118017516173832,335912000
2012-08-02,0.30768105387687683,0.3122596366833874,0.2998974467315051,0.3049339096510717,367912000
2012-08-03,0.31409117579460144,0.31729620115928836,0.3051629200899539,0.31248867675751546,326548000
2012-08-06,0.32073014974594116,0.32233264883490326,0.3166094183096702,0.3170672712935857,360324000
2012-08-07,0.32393503189086914,0.32736896897597834,0.3221035933207097,0.3246218247659922,407340000
2012-08-08,0.32576653361320496,0.3292004713640076,0.32279044877107377,0.3237061818789279,517064000
2012-08-09,0.3367551863193512,0.3374419794223369,0.32576657854312513,0.3262244315149439,822300000
2012-08-10,0.3346947133541107,0.3484304612881524,0.33034504346736104,0.3456833171594451,1278744000
2012-08-13,0.3390444219112396,0.3392733620042159,0.3337790453873802,0.33515263136421675,447244000
2012-08-14,0.33400794863700867,0.3406469104053821,0.33263436281168796,0.3401890302699368,388828000
2012-08-15,0.3314897119998932,0.3378997336028109,0.32988721342179056,0.3351525892845625,594404000
2012-08-16,0.3383577764034271,0.3395024226938841,0.33332131089300027,0.33446595718345723,371008000
2012-08-17,0.3353816568851471,0.33835774239935035,0.3324055713709438,0.33835774239935035,309864000
2012-08-20,0.3353816568851471,0.3358395098972128,0.3303451918808719,0.33423701070972406,314392000
2012-08-21,0.334465891122818,0.338586622412678,0.3310319529296871,0.3365262704130054,340248000
2012-08-22,0.33515268564224243,0.3365262718415315,0.3312608944649434,0.33240554053417926,313556000
2012-08-23,0.32759788632392883,0.3346947000574454,0.326224300668892,0.3344657600181045,379040000
2012-08-24,0.33423691987991333,0.3358394186319185,0.3269111645155865,0.3275979574923059,347724000
2012-08-27,0.32851359248161316,0.3349236406894585,0.3282846797323714,0.33400790782097883,340944000
2012-08-28,0.3271402418613434,0.33034524071005994,0.3253088022518532,0.32599559551672724,310764000
2012-08-29,0.3278268277645111,0.3298871789653688,0.3262243020632837,0.3269110948937377,250412000
2012-08-30,0.32164567708969116,0.32828463718636264,0.32004317889066725,0.3271399917169883,307488000
2012-08-31,0.3211878538131714,0.32622428888216254,0.3179828571212233,0.32393499773348444,485064000
2012-09-04,0.30401816964149475,0.31706715216882786,0.3010421127189155,0.31592250649383413,694452000
2012-09-05,0.30493396520614624,0.3095125488468163,0.3017289402833705,0.30516287801387304,480256000
2012-09-06,0.31432002782821655,0.3225614881240868,0.3069942732138842,0.3072232132795223,657296000
2012-09-07,0.30676528811454773,0.30882563905750515,0.2964634515282583,0.306307435381724,781064000
2012-09-10,0.30401816964149475,0.31042819087956086,0.30333140406890297,0.30607854823078684,371108000
2012-09-11,0.30768105387687683,0.3124885767399154,0.3026446182478164,0.30378926394944405,382808000
2012-09-12,0.3111151158809662,0.31271764233899463,0.3072233243911482,0.31019940986825034,322608000
2012-09-13,0.31317535042762756,0.31500678889610256,0.3072231822277098,0.31386214326461875,433836000
2012-09-14,0.3168383538722992,0.3223326719447511,0.3129465622942194,0.3129465622942194,339468000
2012-09-17,0.3081388771533966,0.31752498192295503,0.3047049403777782,0.31752498192295503,493348000
2012-09-18,0.3101993203163147,0.31386219789077036,0.304476091162796,0.3047050039546312,359952000
2012-09-19,0.3138620853424072,0.31821172702313194,0.30722312553069636,0.31088600179167475,451936000
2012-09-20,0.3115728795528412,0.3147779042594331,0.30905467509463613,0.3131754055513918,320596000
2012-09-21,0.31294649839401245,0.3147779373775369,0.3108861465941176,0.3120307925475063,340136000
2012-09-24,0.312717467546463,0.3131753202969055,0.3074520926901203,0.3079099454405627,357832000
2012-09-25,0.3069942891597748,0.31821183443906564,0.30653643629522404,0.3168382485549047,481544000
2012-09-26,0.3017290234565735,0.30607869548852684,0.2980661719086597,0.30584975532718034,436812000
2012-09-27,0.30401816964149475,0.3044760497438967,0.2998974397534162,0.30241567115460466,558888000
2012-09-28,0.30539190769195557,0.30974157980077727,0.2987529430912864,0.30264476215984243,485508000
2012-10-01,0.3003554046154022,0.3085968667172805,0.2992107586173921,0.30676542766236164,504236000
2012-10-02,0.3014999330043793,0.30241563852938386,0.2980659963498582,0.30241563852938386,295492000
2012-10-03,0.2985239624977112,0.30310254644277673,0.29692146357504084,0.3021868405699688,430872000
2012-10-04,0.3118017911911011,0.3136332298148625,0.29760816232483006,0.2992106881771881,502608000
2012-10-05,0.3044760823249817,0.31592254029977074,0.3033314365275028,0.31271754298303317,483068000
2012-10-08,0.3014999330043793,0.3047049296323979,0.29921064190136526,0.3033313713448911,240596000
2012-10-09,0.2950901687145233,0.3019580479876407,0.2941744351037919,0.3010423416674356,366360000
2012-10-10,0.29005351662635803,0.29508998003883313,0.2889088708127062,0.2937163941462474,326568000
2012-10-11,0.2916560173034668,0.2937163686731487,0.28936672587470624,0.2928006630178471,320516000
2012-10-12,0.2891378700733185,0.29188501513027565,0.2873064309385089,0.28959572303439224,260696000
2012-10-15,0.2928006649017334,0.2930295776717784,0.2861617033413086,0.28959564050654346,249580000
2012-10-16,0.3012711703777313,0.30218690373245694,0.2925718536056908,0.29531899908883025,367696000
2012-10-17,0.29898184537887573,0.3003554316161732,0.2946321738211109,0.2976082591415783,391752000
2012-10-18,0.29440322518348694,0.29829501599533526,0.2932585792217367,0.29829501599533526,254772000
2012-10-19,0.2772334814071655,0.2921139047480174,0.2756309826752306,0.2900535258436642,709412000
2012-10-22,0.27402859926223755,0.2799807711034196,0.2717393065987862,0.27837824440658665,480840000
2012-10-23,0.28227004408836365,0.28410148354954984,0.2708235542785796,0.2715103474878394,573948000
2012-10-24,0.27860701084136963,0.28524597179943423,0.27585986681653446,0.2841013261815442,332916000
2012-10-25,0.2788359224796295,0.28387235722724624,0.2776912769783302,0.28089627346576773,307356000
2012-10-26,0.27585992217063904,0.2808963584418665,0.27585992217063904,0.2792938597133636,389376000
2012-10-31,0.2742573320865631,0.27929379447180924,0.2735705665708507,0.27700450331142584,347112000
2012-11-01,0.28730645775794983,0.28753539790511506,0.27540211591569996,0.27563105606286514,473220000
2012-11-02,0.2859327495098114,0.2907402722258055,0.2841013382756283,0.29028241941725974,256700000
2012-11-05,0.2980661988258362,0.29921084515489993,0.2852461490241134,0.2852461490241134,444840000
2012-11-06,0.2978369891643524,0.2987526944828754,0.29280055533148314,0.2987526944828754,350804000
2012-11-07,0.2886800467967987,0.29737936311379665,0.287306460481819,0.2955479237906628,324620000
2012-11-08,0.2902824580669403,0.299439624619109,0.28959566511742585,0.29188495675546805,839024000
2012-11-09,0.2790648639202118,0.2953188426273301,0.27814915834115056,0.2918849057700942,846280000
2012-11-12,0.2728838324546814,0.2806674131578246,0.2701366606389751,0.2795227673314501,643624000
2012-11-13,0.2708234488964081,0.27769135102606457,0.27059453610940837,0.2715102418384246,492120000
2012-11-14,0.26418450474739075,0.2751731095576663,0.26395556467801734,0.2724259651777243,619300000
2012-11-15,0.26532915234565735,0.2726548798395981,0.2634977136495452,0.2657870051970584,466688000
2012-11-16,0.2605217695236206,0.26624500147552776,0.2552563906697615,0.26532929527943167,624552000
2012-11-19,0.26784735918045044,0.26876309218233096,0.2621241302581026,0.2653291548289223,404092000
2012-11-20,0.26473695039749146,0.26796262575903657,0.26197205441150223,0.2668105949204016,336976000
2012-11-21,0.2723402976989746,0.2730314940722282,0.2645064732918701,0.264736890394005,422312000
2012-11-23,0.27418357133865356,0.27740924619523294,0.2721098996737862,0.27349234745036444,276932000
2012-11-26,0.27902212738990784,0.27971335138661985,0.27418361434608746,0.2746444211883682,364600000
2012-11-27,0.2801740765571594,0.2843213918618924,0.27556595454447247,0.2778700155508159,451404000
2012-11-28,0.2824781537055969,0.2838606013750319,0.2755659702915727,0.2790220619985848,398332000
2012-11-29,0.27740925550460815,0.2843214396863056,0.27648764193367986,0.2829390193299131,488688000
2012-11-30,0.27579638361930847,0.27925247527904373,0.27418354633808034,0.2771788038032576,460504000
2012-12-03,0.27072733640670776,0.27925238161458316,0.2700361402798558,0.27925238161458316,391380000
2012-12-04,0.278791606426239,0.27925241305153775,0.26957533658742056,0.2711882009758193,528068000
2012-12-05,0.2755659520626068,0.27833081975200263,0.27164905388041494,0.27648759293678776,633024000
2012-12-06,0.27602675557136536,0.27787000983181787,0.27395311169496456,0.2748747250919042,412896000
2012-12-07,0.2755659520626068,0.2776396234295838,0.27234027766940727,0.27625717585159915,338288000
2012-12-10,0.2847823202610016,0.28685599253276184,0.2748748482068194,0.27556607229740615,513644000
2012-12-11,0.29146406054496765,0.29515057000912276,0.2850126827159863,0.2857039066738379,816724000
2012-12-12,0.2884688079357147,0.2939985727625631,0.2873167770301109,0.29238573498803444,399404000
2012-12-13,0.2886991500854492,0.2942288860088211,0.2859342821237633,0.28800792622838367,377556000
2012-12-14,0.29008159041404724,0.29307687569096386,0.28777752904204645,0.28985120075679405,338660000
2012-12-17,0.2889294922351837,0.29100316346552935,0.28455178763762917,0.28939032637519724,445232000
2012-12-18,0.2893902361392975,0.292615909314152,0.2880077890834666,0.2889294021429784,416436000
2012-12-19,0.29146406054496765,0.2949201528676455,0.2903120297707417,0.29146406054496765,458544000
2012-12-20,0.29123371839523315,0.29284655624902545,0.2880080152210639,0.2926161390699474,334332000
2012-12-21,0.2845518887042999,0.2873167571935438,0.28132618591136416,0.2873167571935438,462172000
2012-12-24,0.28224778175354004,0.2852430669139093,0.28132614076065415,0.28432142592102344,127376000
2012-12-26,0.2820172905921936,0.2861646053048182,0.2808652602534962,0.2815564839500286,196740000
2012-12-27,0.2801740765571594,0.28293897173803056,0.27694840213490807,0.2824781375635029,299804000
2012-12-28,0.278791606426239,0.2831693105664301,0.27717874203784026,0.2776395761297078,220600000
2012-12-31,0.2824781537055969,0.28363018427460096,0.2771788075948633,0.2778700314295808,326460000
2013-01-02,0.293076753616333,0.2933071706441892,0.2882382432304526,0.28939027343660034,478836000
2013-01-03,0.2933073043823242,0.29653297944370904,0.2898512121880208,0.29307688724940567,298888000
2013-01-04,0.302984356880188,0.3039059703946914,0.29284647088776655,0.29376808440227004,524968000
2013-01-07,0.29422885179519653,0.303675512654601,0.29215520793170435,0.30275389926339846,610732000
2013-01-08,0.28777745366096497,0.29584169381718034,0.28570380995597044,0.29492005302984986,466424000
2013-01-09,0.28132620453834534,0.2914640929589246,0.2794829770678612,0.2900816448894782,695020000
2013-01-10,0.2817869484424591,0.2852430400403749,0.2801740837235055,0.2838605924145788,506368000
2013-01-11,0.28132620453834534,0.2831694594754128,0.2785613358660358,0.2829390697748939,513172000
2013-01-14,0.2810957729816437,0.2831694173104568,0.2778700704554487,0.2831694173104568,305684000
2013-01-15,0.27602675557136536,0.2797132640922703,0.2744139183934344,0.2797132640922703,375888000
2013-01-16,0.27856123447418213,0.2808652954402291,0.2755659497250064,0.2755659497250064,337376000
2013-01-17,0.28224778175354004,0.2833998123947146,0.27879168983001634,0.2794829137080365,580736000
2013-01-18,0.2804045081138611,0.2822477625073662,0.2769484164260046,0.2822477625073662,397088000
2013-01-22,0.27902212738990784,0.28270863706131727,0.2776397068630656,0.28017415822890057,308224000
2013-01-23,0.279482901096344,0.2801740974765968,0.27648761607113725,0.2799437078387045,421808000
2013-01-24,0.2808654010295868,0.28201743194570816,0.27717889111136507,0.2785613391973441,396980000
2013-01-25,0.28593429923057556,0.28616468888566365,0.2799437287330401,0.28132614906330206,393920000
2013-01-28,0.2905423939228058,0.2923856483187088,0.28662546803154626,0.28731669186333175,422492000
2013-01-29,0.2843214273452759,0.2900815805800031,0.28316939669833047,0.2893903841650976,388872000
2013-01-30,0.28386056423187256,0.28846868590491587,0.2829389508838926,0.2845517879761434,287592000
2013-01-31,0.2824781537055969,0.28708630344818836,0.2806349267684507,0.2838606013750319,470544000
2013-02-01,0.28501269221305847,0.28593433334309787,0.28247821343867646,0.2847822750639033,288816000
2013-02-04,0.2801740765571594,0.2891599309618432,0.2799436869364693,0.2833997784459845,511744000
2013-02-05,0.2866254150867462,0.2882382795518461,0.2806348737398398,0.2815564870342654,367296000
2013-02-06,0.2843214273452759,0.28662548863916676,0.2781004673450859,0.2797133047574941,530688000
2013-02-07,0.28316932916641235,0.28570380697188574,0.2804044617664409,0.2833997462274811,440000000
2013-02-08,0.28501269221305847,0.2873167538382853,0.28316943741956074,0.28501269221305847,307232000
2013-02-11,0.28823837637901306,0.29123366179194976,0.2845518670297711,0.2873167353084129,408308000
2013-02-12,0.2863951623439789,0.2896208378823557,0.28524313144218955,0.2857039383095886,277804000
2013-02-13,0.28501269221305847,0.29192487708873904,0.28409107854960014,0.28662552985740103,856396000
2013-02-14,0.2933073043823242,0.2935377215152428,0.2776396809414996,0.281095773135803,882096000
2013-02-15,0.2933073043823242,0.29468975224667726,0.28685592679297534,0.2926160804501477,733860000
2013-02-19,0.2893902361392975,0.29376793937182333,0.2875469825537107,0.29353754984022695,433552000
2013-02-20,0.2852429747581482,0.29492002352425656,0.28432133406302423,0.2903119024483413,713012000
2013-02-21,0.28316932916641235,0.28800786771629044,0.28247810544977686,0.2847821661941815,580408000
2013-02-22,0.2884688079357147,0.28869922510346885,0.28339987744437456,0.28501271521890326,370148000
2013-02-25,0.2833997905254364,0.29146400439136244,0.2829389837978413,0.28915994328681216,644444000
2013-02-26,0.28676125407218933,0.28838398652636643,0.283052127632565,0.28397942306001583,487504000
2013-02-27,0.29209303855895996,0.2941794320129247,0.28606571653872737,0.28676118102338227,476980000
2013-02-28,0.29348400235176086,0.29788856521873014,0.2900067071509686,0.29116580555123267,591392000
2013-03-01,0.2946431040763855,0.29557037175302453,0.2888476120096764,0.29139761193797675,389396000
2013-03-04,0.29348400235176086,0.29626583298537756,0.29023851024996994,0.29255670705049813,353680000
2013-03-05,0.29672935605049133,0.2971929897105071,0.2937156958077758,0.2951066244228985,366168000
2013-03-06,0.296497642993927,0.30136583935369204,0.2951067139568034,0.29858400891452863,342928000
2013-03-07,0.2958022654056549,0.3011341247681091,0.294179532808845,0.2981204627254096,314824000
2013-03-08,0.29719308018684387,0.2985840092254157,0.2951067142640699,0.2964976433026418,246464000
2013-03-11,0.29441124200820923,0.2955703402981989,0.2918612147161987,0.29417943893126114,299748000
2013-03-12,0.29533857107162476,0.2962658387558625,0.2911658112223824,0.2939476419101819,310856000
2013-03-13,0.29533857107162476,0.30043859860510486,0.292556712748739,0.29533857107162476,485840000
2013-03-14,0.2955702841281891,0.29812031093559394,0.29371572168962895,0.29719301589877495,383304000
2013-03-15,0.2930203974246979,0.2955703975757812,0.291861271275002,0.2955703975757812,355776000
2013-03-18,0.2909339666366577,0.2937157971920548,0.28884760062888115,0.2911657973642262,298312000
2013-03-19,0.28907936811447144,0.2925566627891788,0.28699300236367964,0.2911657615003448,355480000
2013-03-20,0.29255664348602295,0.29348393858581007,0.2893111797244674,0.29186117906995257,340588000
2013-03-21,0.2879202961921692,0.2913975911845405,0.28745666238686984,0.29093395737924116,339032000
2013-03-22,0.2893112301826477,0.29047032853322774,0.2876884980188525,0.2888475963694326,232476000
2013-03-25,0.2876884937286377,0.29116578872852206,0.28560210014765663,0.29093395800782945,362076000
2013-03-26,0.28977498412132263,0.2900068149415773,0.28722495563890504,0.2883840544699865,232540000
2013-03-27,0.293252170085907,0.29487490231078345,0.2879203119455253,0.2886157765090682,254944000
2013-03-28,0.2974248230457306,0.2976566536953711,0.2904702351774229,0.29255660048388493,349276000
2013-04-01,0.2876884937286377,0.2967294496743033,0.28560210014765663,0.2967294496743033,442828000
2013-04-02,0.2846747934818268,0.2886157217473743,0.28282023087595726,0.28792025731578824,371524000
2013-04-03,0.28119751811027527,0.28583391112317613,0.27911112467342053,0.28421115146059506,353156000
2013-04-04,0.2839793562889099,0.28490662386324594,0.2793429631470637,0.2802702307213998,294676000
2013-04-05,0.28884753584861755,0.28884753584861755,0.2791110896357074,0.2798065540273551,551352000
2013-04-08,0.28815218806266785,0.289079455870047,0.2828203290825129,0.289079455870047,326660000
2013-04-09,0.2927885353565216,0.2948749014056607,0.2862975788418543,0.2883839448909934,380584000
2013-04-10,0.2974248230457306,0.29788845670993597,0.2923247974693201,0.293020261783166,384688000
2013-04-11,0.29603394865989685,0.29788851129160276,0.28513843119686055,0.2932521185298783,969220000
2013-04-12,0.3034522533416748,0.30669771780004446,0.29487490309368164,0.2974249306217475,770548000
2013-04-15,0.29719308018684387,0.3034522332253334,0.29533854498219314,0.30252493798792424,430420000
2013-04-16,0.3004385530948639,0.30252491888590055,0.2983521596687451,0.299974919322976,468844000
2013-04-17,0.296497642993927,0.3009022055530121,0.29464308015612345,0.2981203751138487,532948000
2013-04-18,0.29070207476615906,0.2990475923121352,0.29070207476615906,0.2971930297869095,402548000
2013-04-19,0.2913976013660431,0.2923248966441258,0.2867612078808846,0.2904703337230454,303028000
2013-04-22,0.29186123609542847,0.294411263574232,0.28884760242876906,0.29116579917855945,245568000
2013-04-23,0.2995113730430603,0.3025250072582027,0.2939476832499179,0.29441131715724056,376948000
2013-04-24,0.3097112774848938,0.3122613041758115,0.30020666269337515,0.3004384933507592,556556000
2013-04-25,0.3122613728046417,0.31295683729456636,0.30855224728176533,0.31133410524146393,353224000
2013-04-26,0.31087052822113037,0.3122614575785946,0.30924779572748223,0.31179782367113656,324332000
2013-04-29,0.31457963585853577,0.3157387343751149,0.30994324179221916,0.3113341710661496,269712000
2013-04-30,0.31921595335006714,0.31921595335006714,0.313188631455678,0.3152750248660812,276712000
2013-05-01,0.31643423438072205,0.3213024597485235,0.31527513573458754,0.3192160656044265,341316000
2013-05-02,0.3201432526111603,0.32107052015979565,0.31434773370940133,0.3162022964417543,323480000
2013-05-03,0.3215342164039612,0.3238524133610269,0.32037511792542833,0.3222296810180984,293864000
2013-05-06,0.3206070363521576,0.32338886793437144,0.3187524727523166,0.3215343043345305,217116000
2013-05-07,0.31643423438072205,0.3213024597485235,0.3134205723737541,0.3206069950338245,448068000
2013-05-08,0.32222968339920044,0.3240842465055747,0.31573872634443423,0.3168978248315322,334032000
2013-05-09,0.32246148586273193,0.32385238734418004,0.31597052937738473,0.3164341632045341,566800000
2013-05-10,0.33706605434417725,0.3384569831441948,0.3291841705358761,0.3291841705358761,861136000
2013-05-13,0.3301115036010742,0.33613882558129193,0.3287205746409987,0.33474789662121635,289812000
2013-05-14,0.3349798023700714,0.33776163327833963,0.3308070421901249,0.3340525069772564,454140000
2013-05-15,0.34077519178390503,0.34193428994772457,0.3333569414273959,0.3333569414273959,313172000
2013-05-16,0.33915239572525024,0.3437887875034777,0.33799327014561853,0.3403114936698071,308368000
2013-05-17,0.34471601247787476,0.34703420808234037,0.33822505925835683,0.34077508547729757,312116000
2013-05-20,0.34402063488960266,0.34541156365652903,0.3421660724120603,0.3433251705061395,236380000
2013-05-21,0.34763219952583313,0.34903019403457813,0.34204027704177536,0.3460012244492714,357784000
2013-05-22,0.3355163633823395,0.3490302090377472,0.33411836881350127,0.3490302090377472,480404000
2013-05-23,0.3408752381801605,0.34204022416553165,0.33062334484362066,0.3315553225217348,393884000
2013-05-24,0.3387783169746399,0.3418072867196434,0.3350503499384106,0.33901132533020273,283304000
2013-05-28,0.3385453224182129,0.34227328960639447,0.3352833719601518,0.34134131169708093,279300000
2013-05-29,0.3364482820034027,0.33854524571196826,0.3350502876807207,0.3364482820034027,335052000
2013-05-30,0.3408752381801605,0.34437019613627384,0.33505028047784813,0.33598228593141916,284504000
2013-05-31,0.33714723587036133,0.3439041427529097,0.33714723587036133,0.3390112188027569,577508000
2013-06-03,0.3366813659667969,0.34017632478334947,0.32969142055822803,0.33761334387435876,444468000
2013-06-04,0.33714723587036133,0.34483614810683444,0.3350502446556211,0.3387782105204123,363676000
2013-06-05,0.3299243748188019,0.339244263467914,0.3289923692886152,0.3366813107546836,464520000
2013-06-06,0.3320213258266449,0.3345843062163107,0.329691353754388,0.32992436207179693,341044000
2013-06-07,0.3366813659667969,0.33877833014654296,0.332953398785622,0.3343513656469648,274584000
2013-06-10,0.3364482820034027,0.33854524571196826,0.33388530167030483,0.3357492848420617,224148000
2013-06-11,0.3301575183868408,0.33668144866869293,0.3301575183868408,0.3320214746598239,296336000
2013-06-12,0.32736149430274963,0.33458442132179844,0.32549751044859504,0.3317884594283003,312588000
2013-06-13,0.33481723070144653,0.3364482051885678,0.325963333488637,0.3261963139722537,236256000
2013-06-14,0.33435139060020447,0.33644838271191646,0.33202141788194606,0.335982393723358,236012000
2013-06-17,0.3376132845878601,0.3406422539187303,0.335050304128941,0.3369142873922041,255336000
2013-06-18,0.3355163633823395,0.3429722696067313,0.33272037424466305,0.3392443026068042,486772000
2013-06-19,0.34576815366744995,0.36067999055793803,0.3373802436805844,0.3385452296356793,1159588000
2013-06-20,0.3364482820034027,0.34343819806589776,0.33411830998257097,0.3429722092168229,628696000
2013-06-21,0.3359822630882263,0.33947722080672,0.3303903140733635,0.33831223490055545,714228000
2013-06-24,0.3289923667907715,0.335283313801526,0.3240994419524122,0.331089358386176,580772000
2013-06-25,0.3313223719596863,0.3331863274845186,0.3278273859119773,0.33248735805043617,457360000
2013-06-26,0.3294583261013031,0.335516263733095,0.328060331947673,0.3350502471649156,579752000
2013-06-27,0.3264293670654297,0.33085630239213537,0.3229344093520973,0.33039031358544874,808036000
2013-06-28,0.3271283507347107,0.3303903000230707,0.32223539902671694,0.3264293536656468,431536000
2013-07-01,0.3285263478755951,0.3301573504480304,0.3264293842474016,0.32945835331348045,199524000
2013-07-02,0.32829344272613525,0.3331863682405213,0.3252644729645842,0.3266624397792105,256392000
2013-07-03,0.3292253017425537,0.3331862479505044,0.32549733603186326,0.32549733603186326,140388000
2013-07-05,0.33178824186325073,0.33248723882213566,0.32806027659949755,0.3301572674761522,184684000
2013-07-08,0.3301575183868408,0.33435144777652315,0.3282935343383873,0.3327204721499278,262084000
2013-07-09,0.33178824186325073,0.33388520496445606,0.32992425923137414,0.33085623665958774,157364000
2013-07-10,0.33621537685394287,0.3371473826135224,0.3308564340066247,0.33178843976620426,208468000
2013-07-11,0.3408752381801605,0.3413412270192176,0.3373802524485904,0.33807924959490443,239832000
2013-07-12,0.3411082625389099,0.34437024038233505,0.3390112986059984,0.34017628474105155,216360000
2013-07-15,0.3404092490673065,0.34180724347287855,0.33505030754655923,0.34180724347287855,201332000
2013-07-16,0.34227314591407776,0.3441371287256356,0.3401761826107327,0.34180715715505133,162560000
2013-07-17,0.3404092490673065,0.3434382184290732,0.3394772713138979,0.34227323234958285,166100000
2013-07-18,0.3390112817287445,0.3411082455572613,0.3345843179706571,0.33994325948020554,344488000
2013-07-19,0.33178824186325073,0.3385451476564229,0.3282932848442756,0.3369141732693244,480532000
2013-07-22,0.3315553069114685,0.3373802365640751,0.33015734046011624,0.3343512675896286,292384000
2013-07-23,0.3310893476009369,0.335749291738315,0.32945837270794615,0.335749291738315,246792000
2013-07-24,0.3310893476009369,0.3350502945626167,0.33062335874229065,0.3341183168453243,284252000
2013-07-25,0.33225440979003906,0.3366813744005106,0.3285264425154803,0.33085641511821345,243320000
2013-07-26,0.33085644245147705,0.3329534346324557,0.3282934890420142,0.3282934890420142,227360000
2013-07-29,0.3301575183868408,0.33435144777652315,0.3292255124748788,0.3301575183868408,179540000
2013-07-30,0.3357493281364441,0.34017629221214923,0.33108938349388767,0.3313223918361999,266076000
2013-07-31,0.3364482820034027,0.33971023172238407,0.33388530167030483,0.33411830998257097,270160000
2013-08-01,0.3411082625389099,0.3418072597750339,0.33365235682966166,0.3376133041337504,277648000
2013-08-02,0.3439043164253235,0.34460331384989873,0.3380793841796428,0.34040935707791503,209628000
2013-08-05,0.3455352187156677,0.34670020482441705,0.3411082548371443,0.34297223816623523,185188000
2013-08-06,0.3404092490673065,0.34646718779083985,0.33971025186452053,0.34576819058805386,206608000
2013-08-07,0.34017622470855713,0.34367118249694506,0.3383122416663258,0.33854522218694505,244380000
2013-08-08,0.3425062894821167,0.344137264670722,0.33807932508394456,0.3420403005390099,345696000
2013-08-09,0.3376132845878601,0.34273921773023963,0.3287593849189544,0.3289923654672005,906224000
2013-08-12,0.33481723070144653,0.33971015416281025,0.30545955105600875,0.32386634248338014,257568000
2013-08-13,0.3359822630882263,0.33738022951035085,0.33318627469306744,0.33528326598943664,197468000
2013-08-14,0.3501950800418854,0.3522920434297961,0.3350502364468792,0.3352832447235151,828508000
2013-08-15,0.3525250554084778,0.35532101588020487,0.34506912378326754,0.3464671179068578,723616000
2013-08-16,0.35392311215400696,0.35881603690140335,0.3511271234121138,0.35182612059758706,660456000
2013-08-19,0.34833112359046936,0.3529910672732119,0.3480981152961501,0.35182608135252624,393432000
2013-08-20,0.350087434053421,0.3524291537796244,0.3477457143272176,0.3482140526893581,234192000
2013-08-21,0.348448246717453,0.35242916479330527,0.34704320367162184,0.34797988042517464,261540000
2013-08-22,0.35032159090042114,0.3535999871048601,0.34821402655571126,0.34821402655571126,129016000
2013-08-23,0.35032159090042114,0.3535999871048601,0.3496190694521845,0.3507899292274126,245120000
2013-08-26,0.3510241210460663,0.3519608257132493,0.3496191059185446,0.35055578267022575,300152000
2013-08-27,0.3465748131275177,0.35008739229787117,0.34540395340406654,0.34774567285096886,277464000
2013-08-28,0.3465748131275177,0.3498532091869818,0.3451697702931772,0.34727733454468795,318824000
2013-08-29,0.3458723723888397,0.34915079712852987,0.3444673292267576,0.34540403397331376,276216000
2013-08-30,0.3454039394855499,0.3470431374492283,0.34376474152187153,0.34610646087441116,378120000
2013-09-03,0.34563830494880676,0.3505559297470928,0.3435307674155491,0.34634082676506384,284680000
2013-09-04,0.34891650080680847,0.35102403695093776,0.34516973886669505,0.3456380771303354,222080000
2013-09-05,0.3498533368110657,0.3512583801579563,0.34727746122911013,0.34751161650991996,174904000
2013-09-06,0.348448246717453,0.35196082641652887,0.3458723437719299,0.35008744499392136,226756000
2013-09-09,0.3543025851249695,0.3543025851249695,0.3503216666119378,0.35125834346835527,246408000
2013-09-10,0.36179593205451965,0.36203011512820477,0.3552391130617635,0.35687833874657254,292132000
2013-09-11,0.3678845167160034,0.3688212213598014,0.35875179299535465,0.36132769587142255,396164000
2013-09-12,0.3676503300666809,0.372333769138849,0.366011104059023,0.366011104059023,303808000
2013-09-13,0.36999210715293884,0.3716313055000659,0.36624534414621707,0.3688212472027762,159696000
2013-09-16,0.37022629380226135,0.3756122556130347,0.3688212784921719,0.3730363802534513,231412000
2013-09-17,0.3713970482349396,0.3744412890810126,0.36999203332440417,0.37163123134444426,168608000
2013-09-18,0.37467554211616516,0.3756122188980006,0.369757919222772,0.3716313007019457,268168000
2013-09-19,0.3730364143848419,0.377017333334259,0.371397187833163,0.3763148116571835,227572000
2013-09-20,0.36975792050361633,0.3763147417456858,0.3690553989570548,0.3739730218674826,356036000
2013-09-23,0.36624541878700256,0.3725680582233336,0.3641378536978863,0.36952381614939384,271244000
2013-09-24,0.3676503300666809,0.36905534503903203,0.3643719059668639,0.36647947029863887,229732000
2013-09-25,0.3681187331676483,0.3709287915223277,0.3653086468974652,0.36694787319357325,233156000
2013-09-26,0.36694779992103577,0.3697578577145998,0.3648402356392391,0.3690553362873342,148816000
2013-09-27,0.3648403584957123,0.367182078764817,0.362732821419721,0.36413783683187934,151920000
2013-09-30,0.3643718957901001,0.3669477983740481,0.35898593542443474,0.3610934996973463,226640000
2013-10-01,0.36413776874542236,0.36647951649217486,0.3620302320634982,0.3648402902778979,226976000
2013-10-02,0.36390355229377747,0.36530856720686694,0.3603909731378073,0.3603909731378073,162036000
2013-10-03,0.3601568341255188,0.36741617643622415,0.3585176359017953,0.36413775207327614,436768000
2013-10-04,0.3650745153427124,0.36811875705595815,0.3587518487400076,0.35968855352935547,246228000
2013-10-07,0.3650745153427124,0.367650418619037,0.36179609045325334,0.36366947211644346,169952000
2013-10-08,0.36203017830848694,0.36928951987368075,0.3592201205113306,0.36413771467747963,290712000
2013-10-09,0.35641002655029297,0.36460607246852367,0.3545366733392092,0.3643718893593894,275860000
2013-10-10,0.3603910803794861,0.3613277572669396,0.3564101338190437,0.3589860371327998,223484000
2013-10-11,0.35734689235687256,0.35922027432898923,0.35360012841263916,0.35477098865577333,213704000
2013-10-14,0.3627326786518097,0.3627326786518097,0.3564100140813576,0.3564100140813576,166628000
2013-10-15,0.3608594536781311,0.364840372707579,0.3606252704758953,0.3627328355494915,208820000
2013-10-16,0.3653086721897125,0.3667137154220827,0.362498613640478,0.36296695207943275,210072000
2013-10-17,0.3660111129283905,0.36694781751482214,0.36249853353914585,0.36249853353914585,213324000
2013-10-18,0.37022629380226135,0.3713971538517553,0.363903655118095,0.36530867042818443,255068000
2013-10-21,0.37116312980651855,0.3749098665401601,0.3699922693430964,0.37467571119678494,195008000
2013-10-22,0.36928969621658325,0.37139723359196536,0.366011270624808,0.371163078281096,179452000
2013-10-23,0.36296698451042175,0.3685871300265549,0.3617961243506659,0.3685871300265549,252216000
2013-10-24,0.3603910803794861,0.36624538071483553,0.359688558756143,0.36390366058069573,236436000
2013-10-25,0.3568783700466156,0.3624984851530373,0.35570751040648646,0.3622643299743089,330492000
2013-10-28,0.35617595911026,0.3580493406983997,0.35125833593083133,0.3564101143615872,394024000
2013-10-29,0.35664427280426025,0.3573467943405488,0.35242917150203146,0.3557075960328772,387952000
2013-10-30,0.35641002655029297,0.3594542673915505,0.3533657857090355,0.3578150693741034,204032000
2013-10-31,0.355707585811615,0.35945432070498723,0.35500506429551343,0.3568784456999504,293368000
2013-11-01,0.35734689235687256,0.35898609111415836,0.35477098865577333,0.3575810476561933,206136000
2013-11-04,0.34704333543777466,0.3585177835607,0.34634081364812414,0.3585177835607,410264000
2013-11-05,0.3465748131275177,0.34821401115724976,0.34118885281654276,0.34493561509778564,422368000
2013-11-06,0.34891650080680847,0.34915068389637627,0.34306220272256577,0.3465747815731114,198044000
2013-11-07,0.3407207131385803,0.34868255273332455,0.3400181913118643,0.34774587557471254,553076000
2013-11-08,0.3643718957901001,0.36554275552544047,0.349853212739481,0.35125825558808865,734532000
2013-11-11,0.3674163222312927,0.3683529993263902,0.3622645423772323,0.36296703624079935,297624000
2013-11-12,0.3681187331676483,0.37116297468334425,0.36390363167787737,0.3690554099807069,316032000
2013-11-13,0.3781881630420685,0.3781881630420685,0.36647956241852386,0.36718205612353183,332792000
2013-11-14,0.3798273503780365,0.3821690704338908,0.3767831087223249,0.3770172918941123,307980000
2013-11-15,0.3786565065383911,0.3817007483242499,0.37490974312264097,0.38123240987615764,450332000
2013-11-18,0.3695237338542938,0.37373883517828976,0.3685870570780737,0.3704604385460166,316948000
2013-11-19,0.363520085811615,0.37105416791167195,0.36304921094286596,0.3677580157637379,206716000
2013-11-20,0.3581048846244812,0.36469721569786584,0.3573985584261391,0.36375543807784794,204776000
2013-11-21,0.3609302043914795,0.3616365306740498,0.35692772621249885,0.358575802160704,213568000
2013-11-22,0.35739850997924805,0.3614009871383871,0.35669218387665147,0.3614009871383871,158668000
2013-11-25,0.36516815423965454,0.3656390290985444,0.357398620834557,0.357398620834557,248208000
2013-11-26,0.36822888255119324,0.37223136094775633,0.36681622990925805,0.3691706322680234,753176000
2013-11-27,0.36964142322540283,0.37081862404820076,0.36563891797454473,0.3679933196201406,181272000
2013-11-29,0.3672870993614197,0.3705832794551873,0.3649326970373098,0.3696415297522192,116964000
2013-12-02,0.3708186745643616,0.3734084998873167,0.36516809300515113,0.3658744192083881,373872000
2013-12-03,0.3705832064151764,0.37576288489399273,0.3682288045551068,0.370818657827857,290560000
2013-12-04,0.375762939453125,0.37646926572703815,0.3686997328473695,0.36964151056814976,493176000
2013-12-05,0.36964142322540283,0.3764691767709581,0.36917052044293847,0.3764691767709581,271812000
2013-12-06,0.36422649025917053,0.37411497689032314,0.36328471225301046,0.37411497689032314,281000000
2013-12-09,0.3581048846244812,0.36540354189620794,0.3573985584261391,0.36422634092119943,385220000
2013-12-10,0.36634525656700134,0.3679933321617503,0.35763397579474326,0.35810485052657404,524268000
2013-12-11,0.3628137707710266,0.36752257573850294,0.36210744441256687,0.36705170085509364,414156000
2013-12-12,0.3557504713535309,0.3635200031546767,0.35504414517766597,0.3616364760412649,258724000
2013-12-13,0.35363152623176575,0.35904665666935864,0.35316065142560266,0.35645683120211813,184588000
2013-12-16,0.3541024923324585,0.3571632214616646,0.3536316174048946,0.35386706890202363,237620000
2013-12-17,0.3557504713535309,0.3566922208768946,0.3508062161891606,0.35386694424011916,274104000
2013-12-18,0.3606947362422943,0.3614010624921632,0.3519834540050774,0.35645683487645546,426232000
2013-12-19,0.36210742592811584,0.3625783007874885,0.3578694960603819,0.3602238984239352,258544000
2013-12-20,0.3694061040878296,0.3696415555633574,0.3618719936712383,0.362813771506658,382080000
2013-12-23,0.37152501940727234,0.3745857479616226,0.36846431891961096,0.37152501940727234,168568000
2013-12-24,0.3724668025970459,0.37364400374541323,0.3686997476955947,0.37364400374541323,79600000
2013-12-26,0.36893507838249207,0.37505653357684354,0.3679933009320718,0.37387933281382824,168920000
2013-12-27,0.3710542321205139,0.37176055857920864,0.3686998293026618,0.370818808678746,210976000
2013-12-30,0.37599822878837585,0.37623368013372815,0.37081855179071027,0.3712894264147388,248180000
2013-12-31,0.37717562913894653,0.3790591566992775,0.37435035183179555,0.3767047542655365,235776000
2014-01-02,0.3734084665775299,0.37623377113844736,0.3701123153453699,0.37482111885798863,260092000
2014-01-03,0.36893507838249207,0.37482108219756843,0.36775787761947676,0.37411475612642325,259332000
2014-01-06,0.3738793730735779,0.37670464959570743,0.36917054144778444,0.37270214411711716,409492000
2014-01-07,0.38000085949897766,0.3814135120113728,0.37505663183896965,0.3776464573561108,333288000
2014-01-08,0.38518065214157104,0.38706417988717323,0.3800009438244916,0.38141359665036667,308192000
2014-01-09,0.3708186745643616,0.38000083100638626,0.3696414735811951,0.3792945048031493,292172000
2014-01-10,0.3703477680683136,0.37458569717928925,0.367051616574602,0.37199587188185446,218492000
2014-01-13,0.36163651943206787,0.37270220395938247,0.3609301931714547,0.3703478018017969,243332000
2014-01-14,0.3729376196861267,0.37364394587909605,0.3618719081518715,0.36352001195769496,241828000
2014-01-15,0.3769401013851166,0.37835275378615,0.3729376236711021,0.37458569942785097,175044000
2014-01-16,0.3781174123287201,0.37882373873465225,0.3752921347716847,0.3769402110077309,220652000
2014-01-17,0.376469224691391,0.38259068097580745,0.37411482274610547,0.3781173004397539,340400000
2014-01-21,0.37788185477256775,0.3802362565788337,0.37387937731525234,0.37694007721005135,246076000
2014-01-22,0.37741103768348694,0.3790591135863206,0.37293765672815243,0.37858823876646636,337940000
2014-01-23,0.37599822878837585,0.3802361565379844,0.3731729529775288,0.37623368013372815,185028000
2014-01-24,0.36634525656700134,0.3743502392748545,0.36634525656700134,0.37293758701267965,246696000
2014-01-27,0.3639908730983734,0.3715249533856109,0.36187189459882657,0.3663452749423029,233812000
2014-01-28,0.3675224781036377,0.36775792951613884,0.3618718968037668,0.36328454914540553,167996000
2014-01-29,0.3639908730983734,0.36822880203078323,0.36375542168730696,0.3661098235312364,162944000
2014-01-30,0.3701123893260956,0.3708187156075105,0.3649326819735116,0.3661098830869737,202896000
2014-01-31,0.36964142322540283,0.3717603734797665,0.364697168542979,0.3649325918675297,335348000
2014-02-03,0.3646971583366394,0.3727021124809676,0.3632845061621435,0.3722312377783625,431728000
2014-02-04,0.3668161928653717,0.36752251911500916,0.36257826343423444,0.3644617907443718,280692000
2014-02-05,0.363520085811615,0.3654036133533019,0.36069478046573933,0.36422641214808393,214676000
2014-02-06,0.36822888255119324,0.3691706322680234,0.3635200778336626,0.3639909526920776,168380000
2014-02-07,0.37364399433135986,0.3741148691655051,0.3658744613345529,0.3691706132402584,157248000
2014-02-10,0.3748212456703186,0.3797655022580193,0.3729377180146854,0.37317316949664914,324372000
2014-02-11,0.3825906217098236,0.3835323711153802,0.3750565422653289,0.376940041076442,235384000
2014-02-12,0.3962462842464447,0.39907158950739824,0.38376794623286586,0.38376794623286586,744528000
2014-02-13,0.4087245762348175,0.4110790063760503,0.39907154456919014,0.4061347507928287,902836000
2014-02-14,0.4216737747192383,0.4226155242308316,0.4047220589770875,0.4049575103883278,817536000
2014-02-18,0.4214384853839874,0.4233220131982214,0.41790688125730924,0.4219093883875669,428988000
2014-02-19,0.42708900570869446,0.4308560607804425,0.4195548955651985,0.4214384231010725,450340000
2014-02-20,0.44215720891952515,0.4430989586775256,0.42732446779752525,0.42803076608268,398088000
2014-02-21,0.4388609826564789,0.44710141847579543,0.4360357056117726,0.4414508363196945,451052000
2014-02-24,0.4452177882194519,0.44851393933222694,0.4339166545851518,0.4379191318125734,403112000
2014-02-25,0.4432074725627899,0.44651853475799574,0.4384774078782754,0.44462650324550806,242184000
2014-02-26,0.4424980580806732,0.44888364081470905,0.44107902716492564,0.44226154353024394,360884000
2014-02-27,0.4375314712524414,0.4469916020276033,0.4363489549055462,0.4424980511867669,388848000
2014-02-28,0.43469351530075073,0.43942358153318584,0.4283079033322284,0.4351665162853105,321692000
2014-03-03,0.4325648844242096,0.4325648844242096,0.42121272203625515,0.42499678556337767,375948000
2014-03-04,0.4370585083961487,0.4398965422370513,0.43398395998791406,0.4346934754964938,260344000
2014-03-05,0.44084256887435913,0.44107908345497215,0.4346934999060149,0.4365855037772484,241472000
2014-03-06,0.43469351530075073,0.44391713317663173,0.43398399972720175,0.4415521000604142,290144000
2014-03-07,0.43422049283981323,0.4372950415771406,0.43090945770325706,0.43658552599261596,268452000
2014-03-10,0.4278348386287689,0.4346934505603746,0.4259428067788979,0.4328014187105036,300888000
2014-03-11,0.4320918321609497,0.43587589523819087,0.4285442835985648,0.42996328610747286,297220000
2014-03-12,0.43327441811561584,0.4358759654243047,0.4283078380511787,0.42996335534151964,239428000
2014-03-13,0.4195571541786194,0.43587589445220964,0.4174286081289808,0.43422034923802083,385172000
2014-03-14,0.4214492738246918,0.42523333793936996,0.41530020488011166,0.41530020488011166,460048000
2014-03-17,0.4214492738246918,0.4257063389053503,0.42097627285871136,0.4226317903363515,299656000
2014-03-18,0.4313823878765106,0.43422042155527946,0.42121274135029246,0.4231047732006098,293904000
2014-03-19,0.43895047903060913,0.4472281217480482,0.43351089813328125,0.43469344268727017,366168000
2014-03-20,0.43918704986572266,0.442971113981889,0.43469349839701554,0.43658550226168114,191800000
2014-03-21,0.4384775161743164,0.4465186450400506,0.43611248324793866,0.442971095650484,566116000
2014-03-24,0.4363490045070648,0.44226158691364764,0.4299633929532219,0.43871403746969795,306096000
2014-03-25,0.4363490045070648,0.4415520713861743,0.43303794144332836,0.4410790704323311,304424000
2014-03-26,0.4264158308506012,0.44864715695543883,0.422631766945356,0.4403695418319539,557756000
2014-03-27,0.42073971033096313,0.4290173244145775,0.4160096169469139,0.4254697755215999,540728000
2014-03-28,0.42334139347076416,0.4259429416120392,0.41884784107411455,0.42003035783043535,398820000
2014-03-31,0.42357775568962097,0.42783482011930335,0.4212127230279545,0.4240507565832716,273404000
2014-04-01,0.44107910990715027,0.44628217725191355,0.43185546361135146,0.43705855914953406,656272000
2014-04-02,0.43824100494384766,0.4420250404953989,0.4363489730713646,0.44107903865586484,239948000
2014-04-03,0.4429710805416107,0.45361372834731084,0.4389505021491695,0.4391870167111067,599548000
2014-04-04,0.42925381660461426,0.4479375900510038,0.4273617849881758,0.4453360430542246,368032000
2014-04-07,0.43067294359207153,0.43895055963613483,0.4271253938589015,0.4294904270143482,428576000
2014-04-08,0.4460456073284149,0.4472281236941356,0.4299633509225169,0.4306728663806321,470692000
2014-04-09,0.4455726742744446,0.4519582865805415,0.44202512441257746,0.4481742221171819,421968000
2014-04-10,0.43469351530075073,0.44982971596717564,0.4332744841536527,0.44368064678106117,372748000
2014-04-11,0.42854437232017517,0.4380045037784009,0.4228682765291904,0.4313824061189598,353112000
2014-04-14,0.43327441811561584,0.43492993540595676,0.4285443526041193,0.4313823862723344,290184000
2014-04-15,0.4363490045070648,0.43871403746969795,0.42949039199937866,0.43374745697080164,304636000
2014-04-16,0.4372950792312622,0.43895059694209176,0.43185549687274655,0.4384775959094864,235136000
2014-04-17,0.43895047903060913,0.44297105721129537,0.43469344268727017,0.4356394444983646,153532000
2014-04-21,0.4424980580806732,0.44368057444599146,0.43634896170365256,0.4391869953417336,117004000
2014-04-22,0.4462822377681732,0.44912030051690544,0.4408426550910006,0.4432076885859954,255120000
2014-04-23,0.4514852464199066,0.45266776293798566,0.44628215118562453,0.4469916667351555,261580000
2014-04-24,0.4555058181285858,0.4602358844209008,0.4545598161474904,0.4545598161474904,391492000
2014-04-25,0.4429710805416107,0.4588168231626077,0.442025050487277,0.45455975840164453,313600000
2014-04-28,0.44107910990715027,0.4488837250210049,0.43563952796758987,0.4465186918467107,226788000
2014-04-29,0.4420250952243805,0.44368064093866744,0.4370585426617744,0.44273461078858656,171300000
2014-04-30,0.43682190775871277,0.4417884871467543,0.43587590606261467,0.4413154862987052,305740000
2014-05-01,0.43918704986572266,0.4443901168803882,0.43563950032934834,0.4434441149480554,198104000
2014-05-02,0.4358760118484497,0.4413155934047109,0.4332744642626761,0.4413155934047109,156376000
2014-05-05,0.44060608744621277,0.44391712245155496,0.4349299911883744,0.43540299216150646,239260000
2014-05-06,0.43161895871162415,0.44864719119806123,0.4304364421751574,0.44486315519741865,416188000
2014-05-07,0.4320918321609497,0.43563938072333463,0.42736176741110316,0.431618831324647,293900000
2014-05-08,0.4375314712524414,0.44439005478706833,0.4283078268306104,0.43043637317107003,432728000
2014-05-09,0.42688876390457153,0.42830779469173164,0.41884766462642836,0.42428724505266,539532000
2014-05-12,0.43942347168922424,0.440369473421869,0.42759828087069507,0.4278347954005621,299856000
2014-05-13,0.4323285222053528,0.4406061676116074,0.43090951902777835,0.433511038950043,221104000
2014-05-14,0.42807134985923767,0.43422044668021553,0.42783486348514843,0.43256492928792645,214320000
2014-05-15,0.42570629715919495,0.4294903609027954,0.42144923249599814,0.4271253281113988,325896000
2014-05-16,0.42476022243499756,0.42783477017493154,0.42239519004941906,0.42239519004941906,283960000
2014-05-19,0.4384775161743164,0.44084254910069415,0.4273618670590242,0.42925389903880967,360076000
2014-05-20,0.4333692789077759,0.4397842728952475,0.43123095701970854,0.43859630999670574,256200000
2014-05-21,0.4333692789077759,0.43883391390572196,0.4307557492016761,0.43503242130108044,216712000
2014-05-22,0.4352700114250183,0.4376459371468559,0.432418906223467,0.432418906223467,130364000
2014-05-23,0.43930912017822266,0.4414474705199011,0.4350324478181372,0.4376459776835426,182656000
2014-05-27,0.4471495747566223,0.4471495747566223,0.44049697804200943,0.4419225445963067,209680000
2014-05-28,0.45095115900039673,0.45380226436937815,0.44453616483937086,0.4488128370544782,224676000
2014-05-29,0.45023831725120544,0.45451498891229136,0.4492879583590827,0.45071349669726685,171884000
2014-05-30,0.451426237821579,0.4526142004872964,0.44786234982442674,0.45023827515586157,239128000
2014-06-02,0.4500008523464203,0.4557030637478819,0.44619935919659676,0.4528519580471511,181500000
2014-06-03,0.4481000006198883,0.45142628510297916,0.4421601583459111,0.4509511056515758,243212000
2014-06-04,0.4485751986503601,0.4519014832712189,0.4466744524427544,0.4469120563399307,161236000
2014-06-05,0.4504759907722473,0.4519015293307969,0.44667449796957287,0.4492880278118204,188696000
2014-06-06,0.4521390497684479,0.45617811742346454,0.4509510870273685,0.4526142292002264,161052000
2014-06-09,0.45261433720588684,0.456891009758952,0.4485752685870424,0.4516639781155491,247456000
2014-06-10,0.4549901485443115,0.45712849844336634,0.4490503349190461,0.4509510809437841,217608000
2014-06-11,0.4609300494194031,0.4621180122963286,0.45332706434846454,0.45332706434846454,266228000
2014-06-12,0.46378108859062195,0.4659194101351619,0.4568908878920482,0.4609299837568137,337148000
2014-06-13,0.4642564058303833,0.46877068245370207,0.45974212920706453,0.46853307851232134,227852000
2014-06-16,0.46283072233200073,0.46591943117613993,0.4587916546080955,0.4621179673338094,198620000
2014-06-17,0.46591946482658386,0.46782021104666127,0.4609300378625575,0.46330596355683723,157608000
2014-06-18,0.46544432640075684,0.4675826767081546,0.460454870673433,0.4647315429649576,215536000
2014-06-19,0.454752653837204,0.4592669016656228,0.4514263406217586,0.45689097579313487,474592000
2014-06-20,0.44976314902305603,0.4576037092100602,0.4461992606038057,0.4559405669457302,353148000
2014-06-23,0.4445361793041229,0.44477375490402743,0.43859633613416876,0.44382339585786673,414200000
2014-06-24,0.4376460015773773,0.44738730980034036,0.4357452550554244,0.44382342069290603,275780000
2014-06-25,0.44216015934944153,0.442397763237316,0.43479480702780465,0.43883387485880126,215420000
2014-06-26,0.4362203776836395,0.44239779599309026,0.434794839220645,0.44216019208762325,256908000
2014-06-27,0.43669557571411133,0.4393090769993693,0.4331316588282712,0.43574518843679777,302820000
2014-06-30,0.4404970705509186,0.44168503348789584,0.43503243537616904,0.43503243537616904,180512000
2014-07-01,0.44548651576042175,0.4481000454897431,0.43859631389369724,0.4400218807139216,321180000
2014-07-02,0.44382330775260925,0.4457240537908768,0.44120977840958314,0.44382330775260925,179284000
2014-07-03,0.447862446308136,0.4490504092297781,0.4397842814470074,0.4397842814470074,136892000
2014-07-07,0.44429850578308105,0.4488127813533767,0.44358572244847994,0.4485751774674207,127496000
2014-07-08,0.44073471426963806,0.44501138689362946,0.4364580416456466,0.4431106403581585,221940000
2014-07-09,0.45403990149497986,0.4559406479877519,0.4412098839112228,0.44453619735439204,387668000
2014-07-10,0.45166391134262085,0.4535646575655672,0.44192260465206373,0.4454864931988624,266308000
2014-07-11,0.45261433720588684,0.4540399041646661,0.45047601509099056,0.45213915766071794,191188000
2014-07-14,0.458316445350647,0.45950440803470016,0.4528518113393494,0.45451495343237097,272636000
2014-07-15,0.46021735668182373,0.46140531979275323,0.45594068381782266,0.45902939357089423,395440000
2014-07-16,0.45974200963974,0.46568185171999255,0.45712850858062565,0.4621179634658007,319728000
2014-07-17,0.45855408906936646,0.4633059688353329,0.45451502100772706,0.45451502100772706,324832000
2014-07-18,0.43812108039855957,0.4526142374326444,0.43740829707629425,0.44905034914458414,567816000
2014-07-21,0.44073471426963806,0.44382342384936924,0.4364580416456466,0.4364580416456466,243364000
2014-07-22,0.4388338029384613,0.44643675790192666,0.43788344418925157,0.44406083270563984,298816000
2014-07-23,0.4295678436756134,0.4393091520739993,0.42909266411738634,0.43907157645652245,297352000
2014-07-24,0.43028050661087036,0.4331316114846326,0.427191797862934,0.4319436487602929,254576000
2014-07-25,0.422677606344223,0.429805383626255,0.421964822951366,0.4288549963280225,266132000
2014-07-28,0.4210144877433777,0.4245783768253377,0.41388670957945756,0.4245783768253377,330352000
2014-07-29,0.4224401116371155,0.4281423519306979,0.42101454448290077,0.4212521484496954,217972000
2014-07-30,0.4295678436756134,0.4307558067328179,0.4238656323303414,0.42505359538754584,246184000
2014-07-31,0.41578733921051025,0.4276669661443618,0.41507455592982617,0.42434068193218927,401880000
2014-08-01,0.4203016459941864,0.42267757155933333,0.4143618037580522,0.41578737042644714,219884000
2014-08-04,0.4193513095378876,0.42339037782292516,0.41721298759971187,0.4198264890437855,241724000
2014-08-05,0.41958892345428467,0.42576634214802045,0.4145994677152465,0.4181633565793392,298136000
2014-08-06,0.4191136956214905,0.42434072635493175,0.4136490609951924,0.41673774166272515,223456000
2014-08-07,0.41483697295188904,0.4264789958091511,0.4119858398802406,0.42267753225239363,407696000
2014-08-08,0.451426237821579,0.4538021631530138,0.4328940145717345,0.4328940145717345,894348000
2014-08-11,0.4490504562854767,0.45380230846998865,0.4478624932393487,0.4519015619315292,344624000
2014-08-12,0.4490504562854767,0.45142638237773264,0.4440610001624299,0.44881288067021496,296152000
2014-08-13,0.45166391134262085,0.4554654037885135,0.44691205994688926,0.4497631651196745,256596000
2014-08-14,0.4466744661331177,0.4533270639020025,0.444773719867255,0.4533270639020025,255992000
2014-08-15,0.45237666368484497,0.45499016477925736,0.4438233204299565,0.44809999205740075,369796000
2014-08-18,0.45855408906936646,0.4590292968722512,0.4497631695650293,0.45427741710628466,284076000
2014-08-19,0.4622530937194824,0.46463952967318517,0.45700291186248787,0.45867343978892827,248260000
2014-08-20,0.459389328956604,0.462730356223763,0.45819611102873853,0.4605825468844695,221468000
2014-08-21,0.45509374141693115,0.4605825496072722,0.4543778334148272,0.45819611373743346,272796000
2014-08-22,0.4553324282169342,0.45915073725504896,0.45175277416191223,0.4546164917162175,251224000
2014-08-25,0.4560483396053314,0.46034392992453327,0.45509374817408654,0.45724155755796747,153380000
2014-08-26,0.4641621708869934,0.46511673373011114,0.4555709915047106,0.45724149070444453,269636000
2014-08-27,0.45891207456588745,0.464878164557408,0.4581961380771928,0.46129851056249566,182972000
2014-08-28,0.46273043751716614,0.4636850006477343,0.4565256918227798,0.4579575649671965,179704000
2014-08-29,0.4641621708869934,0.46511673373011114,0.4593892713257373,0.46440079737349493,207932000
2014-09-02,0.46535542607307434,0.46535542607307434,0.4610598360366291,0.46535542607307434,192636000
2014-09-03,0.4696509838104248,0.4713214830295584,0.4646394577044677,0.4677418296534623,259456000
2014-09-04,0.47800353169441223,0.4808672772939639,0.4686964153929844,0.46893507034246623,491832000
2014-09-05,0.4765716791152954,0.4796740513474032,0.4734693068831876,0.47752624205660915,253792000
2014-09-08,0.47227612137794495,0.4770489933090253,0.4703669669158007,0.47609443030223353,319288000
2014-09-09,0.4663101136684418,0.4732307962576701,0.4658328320809074,0.47012842326584814,198588000
2014-09-10,0.4679805338382721,0.46965106178330795,0.4636849433840786,0.4689351252995156,172376000
2014-09-11,0.4632077217102051,0.4663100945749979,0.458196194124881,0.4646395948627447,250720000
2014-09-12,0.4562869668006897,0.46607136540618177,0.4558096853086423,0.46607136540618177,262536000
2014-09-15,0.45008227229118347,0.4584347983762401,0.4481731177820297,0.45771886187923727,294152000
2014-09-16,0.45676425099372864,0.4591506867680036,0.44745713440492146,0.4488890072489098,219936000
2014-09-17,0.4570028781890869,0.4612984682789515,0.45342322452229283,0.4555710337915044,173584000
2014-09-18,0.46392348408699036,0.46440076547576675,0.4584346769946769,0.45986654960955997,219604000
2014-09-19,0.4553324282169342,0.465832763847469,0.4546164917162175,0.4653554823298451,601316000
2014-09-22,0.4507981836795807,0.4646395175393079,0.45032087374245644,0.4646395175393079,221464000
2014-09-23,0.44888898730278015,0.4539004851369393,0.44674117813223435,0.4484116774102874,196144000
2014-09-24,0.45151403546333313,0.4529459081992822,0.4481730370108604,0.4486503184399913,159592000
2014-09-25,0.44172975420951843,0.4522300906520812,0.4407751911004508,0.4510368725414648,298440000
2014-09-26,0.44268420338630676,0.44602520164203957,0.4412523307346758,0.44316148478733225,241188000
2014-09-29,0.44196829199790955,0.4450706639524537,0.43480898523291045,0.43910457498162114,208540000
2014-09-30,0.4402979612350464,0.4434003343765674,0.43504777817313367,0.4400593062054805,277204000
2014-10-01,0.43600228428840637,0.444116155421565,0.43480906627185,0.4410138113373677,350976000
2014-10-02,0.43409302830696106,0.4374340265929667,0.4240699765518343,0.43528624604461374,288996000
2014-10-03,0.4350476562976837,0.4426842737216438,0.4350476562976837,0.43671818413952446,239140000
2014-10-06,0.43242260813713074,0.44029785233360247,0.4295588622849155,0.4367181984668935,199032000
2014-10-07,0.42788830399513245,0.43480898425486486,0.4274110225682507,0.4305133945158165,301896000
2014-10-08,0.4357635974884033,0.4379114068305195,0.4240700447108185,0.4274110719823682,260172000
2014-10-09,0.4274110198020935,0.434331700017036,0.42383136645081304,0.4338543901446872,306956000
2014-10-10,0.4021148383617401,0.4255019454471849,0.40187621182937516,0.42407007245874984,691376000
2014-10-13,0.4006829857826233,0.4128538205944431,0.40020570427890817,0.40473992123704294,397628000
2014-10-14,0.4099900722503662,0.4212063147615853,0.4037853278236193,0.4061717636110514,376620000
2014-10-15,0.4161948561668396,0.4183426657952651,0.4013989575592383,0.40402402028478507,404428000
2014-10-16,0.4164334833621979,0.42120635539752554,0.4078423023191835,0.40879689379538586,351116000
2014-10-17,0.41571760177612305,0.4262179387098894,0.4140471020328272,0.4214450660441497,290716000
2014-10-20,0.41929712891578674,0.4231154372680103,0.4128537584638964,0.4157174755037858,200336000
2014-10-21,0.43719539046287537,0.4376726718576888,0.42120625037246745,0.4223994680837782,351092000
2014-10-22,0.4269338846206665,0.437911503370967,0.4269338846206665,0.43647963016055713,239512000
2014-10-23,0.4364795386791229,0.4395819110190765,0.4312293854222721,0.4343317577622257,214476000
2014-10-24,0.44101375341415405,0.44363881563666263,0.43647950847763545,0.43910459914870187,210156000
2014-10-27,0.44125235080718994,0.44292285001104714,0.43600219825997194,0.440775069384453,145092000
2014-10-28,0.4517527222633362,0.45223000372612876,0.4395818884950551,0.44005916995784766,192580000
2014-10-29,0.44888898730278015,0.4524686408051326,0.4448320239079349,0.44984355019065125,168340000
2014-10-30,0.4460253119468689,0.4496049660126624,0.440297876821024,0.44769583993642187,170260000
2014-10-31,0.4663101136684418,0.46654876868649187,0.453900621701154,0.4562870580873915,256316000
2014-11-03,0.47418534755706787,0.47871959364650135,0.47179891123059714,0.4770490654591198,308732000
2014-11-04,0.4803899824619293,0.48206048181502287,0.4694123665155,0.47728761026415073,360196000
2014-11-05,0.4803899824619293,0.4834923546597079,0.4768103287987752,0.4832537281512994,335652000
2014-11-06,0.48253780603408813,0.483253742477655,0.47394659715984466,0.48134455966243705,394088000
2014-11-07,0.47227612137794495,0.49375407351636713,0.46750324944686467,0.48802663857849504,450800000
2014-11-10,0.47776496410369873,0.4808673365867088,0.4706056276706041,0.4717988456680264,293388000
2014-11-11,0.4720374345779419,0.47752621383899524,0.4679804711956926,0.47490115168122127,212992000
2014-11-12,0.4689350724220276,0.4715601346351811,0.4624916732430197,0.4703669167795956,204584000
2014-11-13,0.4665488004684448,0.47132167356605464,0.46273049061092986,0.47060573691169966,225328000
2014-11-14,0.47227612137794495,0.47227612137794495,0.462491722539806,0.46702596794346873,160248000
2014-11-17,0.4701283276081085,0.4751398543789305,0.46702595524753104,0.4701283276081085,158732000
2014-11-18,0.481344610452652,0.48253785695021123,0.4691737749734582,0.47036699302245516,207772000
2014-11-19,0.4795471131801605,0.4831419443969258,0.474514406614593,0.4817040119102197,240300000
2014-11-20,0.4874556064605713,0.4879349362584872,0.474753966763692,0.4761918990195453,220968000
2014-11-21,0.49009206891059875,0.49248860476995454,0.4860179636634861,0.4917696382983556,198976000
2014-11-24,0.49320754408836365,0.49536438624649515,0.48937307549691395,0.4912902812236794,136004000
2014-11-25,0.4929676353931427,0.4965624659844799,0.49129006682981663,0.49224866927487526,190240000
2014-11-26,0.5013555884361267,0.5018349182783591,0.4898521864636483,0.49009187995371445,219264000
2014-11-28,0.5025539994239807,0.5054298651863555,0.4984798943525628,0.5030333294303496,124832000
2014-12-01,0.49320754408836365,0.5032729598607606,0.4924885776563469,0.5003971512706124,190060000
2014-12-02,0.493926465511322,0.49608330747291124,0.4881747345793146,0.4927281691878493,245952000
2014-12-03,0.5066280364990234,0.5068676728740593,0.4948849970536843,0.49632292957971036,284424000
2014-12-04,0.5020745396614075,0.5078262119072132,0.4987194022795122,0.5059090068712441,185332000
2014-12-05,0.5049505233764648,0.507586695206776,0.5020746580067351,0.502314294408242,165680000
2014-12-08,0.4984797537326813,0.5092641901614048,0.4944056498105578,0.5042314836348822,226944000
2014-12-09,0.49680233001708984,0.4980006264760642,0.4879351533447759,0.49536439712148866,239448000
2014-12-10,0.48577821254730225,0.4972816175925442,0.4852989397149475,0.49536435484937963,204364000
2014-12-11,0.4855385422706604,0.49200918215952194,0.48457993953488665,0.48865404401535834,135652000
2014-12-12,0.4704403281211853,0.4833816069261172,0.4699609982203739,0.47906783780148876,323964000
2014-12-15,0.4690023958683014,0.48457990343118656,0.46756446330281864,0.4759523366072434,254696000
2014-12-16,0.46372997760772705,0.4759523182356933,0.4634903412353654,0.4685230764513403,185308000
2014-12-17,0.48266270756721497,0.48338167394916653,0.45773872059629045,0.4730765653250803,345596000
2014-12-18,0.48458001017570496,0.49440578964110676,0.48002657509460284,0.48865411525008906,226156000
2014-12-19,0.4893730878829956,0.49129029365828575,0.48338171984385353,0.4879351549825679,325528000
2014-12-22,0.49800047278404236,0.49800047278404236,0.48721603653322704,0.48889360534772675,148976000
2014-12-23,0.4948851466178894,0.5042316537238553,0.4944058165850492,0.5018351178354991,109280000
2014-12-24,0.4929676353931427,0.4968021023112711,0.4924883627395603,0.49608313619300365,45644000
2014-12-26,0.49344706535339355,0.4960832368969158,0.49176949644952433,0.49296773546461425,52636000
2014-12-29,0.49272817373275757,0.4960833120487672,0.4896126718284875,0.49200920735962494,82944000
2014-12-30,0.48817476630210876,0.4917695983682144,0.4874557998888876,0.4893730627034497,112120000
2014-12-31,0.4805058538913727,0.49152992862971795,0.47906789259342947,0.48889369958060486,166300000
2015-01-02,0.4824230670928955,0.4860178989724025,0.47475413050855675,0.4824230670928955,113680000
2015-01-05,0.47427475452423096,0.4838609237470203,0.47211788430469875,0.48242299122136373,197952000
2015-01-06,0.459895521402359,0.4754729992148847,0.4594162201065331,0.4749936979190587,197764000
2015-01-07,0.45869728922843933,0.4673248274940038,0.4572593566611941,0.4632506947431268,321808000
2015-01-08,0.47595247626304626,0.4788283422378594,0.46373013157697573,0.46396979659786414,283780000
2015-01-09,0.47786954045295715,0.4814643716405947,0.4711592365176198,0.47762990408641576,209540000
2015-01-12,0.471878319978714,0.47930759199715156,0.46756455005087794,0.47906792700212114,190732000
2015-01-13,0.4711592495441437,0.4850591591011549,0.4678041117681886,0.4754730185196233,236720000
2015-01-14,0.47307661175727844,0.4745145446623139,0.4649284014793048,0.46612666937718095,155260000
2015-01-15,0.4697212874889374,0.479307426884565,0.4694816225764671,0.4764315907796665,188932000
2015-01-16,0.47834888100624084,0.47882818231897883,0.46756444434039773,0.4690023768475641,181512000
2015-01-20,0.47978687286376953,0.48434025018251653,0.4737955057220701,0.48170407835188284,140308000
2015-01-21,0.486497163772583,0.48769546009195663,0.47379551990437213,0.4771506867469136,144780000
2015-01-22,0.4948851466178894,0.49632307957848765,0.48242313714326834,0.4874558453674395,159712000
2015-01-23,0.49632301926612854,0.4972816220773986,0.4912902545156081,0.4953643593169428,120416000
2015-01-26,0.4941661059856415,0.49656264151438617,0.4910506040844819,0.4941661059856415,133240000
2015-01-27,0.4704403281211853,0.4869764383374354,0.46948169688851593,0.486497108436624,357948000
2015-01-28,0.46277135610580444,0.4781091975005222,0.4625316911742654,0.4761919637550636,272728000
2015-01-29,0.47403502464294434,0.47667119566137695,0.46085405527499324,0.46301095363801664,235340000
2015-01-30,0.46013525128364563,0.47619206222433336,0.4594163134782655,0.47068002477969106,298200000
2015-02-02,0.4702007472515106,0.47211798149073336,0.453904299071555,0.46301114028114415,259604000
2015-02-03,0.4819437265396118,0.48242305649231826,0.47115931684493473,0.47355585233264075,183468000
2015-02-04,0.48314201831817627,0.48865405560196146,0.47906788517214616,0.4805058464478138,181516000
2015-02-05,0.4910505712032318,0.49129020759868575,0.48314199877414893,0.48362127156505685,140448000
2015-02-06,0.48889368772506714,0.4963229875987011,0.4867367886838916,0.49057125682223296,210524000
2015-02-09,0.48841428756713867,0.48985216274842414,0.48290225176887,0.48601775274779996,273944000
2015-02-10,0.5020745396614075,0.502314176006429,0.486736670822061,0.48889356934095,226204000
2015-02-11,0.4987194240093231,0.5032728004526207,0.4953642293433398,0.5032728004526207,320832000
2015-02-12,0.5344275832176208,0.5392206511008203,0.5241224815549544,0.5272379813928217,676904000
2015-02-13,0.5346674919128418,0.5353864581754622,0.5250813512617784,0.5332295593876012,310084000
2015-02-17,0.5363452434539795,0.5389814730272677,0.5303539320758035,0.5337090710186161,203340000
2015-02-18,0.5301140546798706,0.5365847510033882,0.5291554520482807,0.5356260912338934,170948000
2015-02-19,0.5315519571304321,0.537782959590184,0.5291554221180584,0.5368243570128148,169432000
2015-02-20,0.535386323928833,0.5356259602436498,0.52723811784615,0.5310725845726747,157752000
2015-02-23,0.5310725569725037,0.5351466598021115,0.5284363290949607,0.5351466598021115,125008000
2015-02-24,0.5367260575294495,0.5367260575294495,0.5283059183249144,0.5331174428297619,149356000
2015-02-25,0.5326364636421204,0.536966871706403,0.5302307005034914,0.5345610512098564,123820000
2015-02-26,0.5340800285339355,0.5372075269093967,0.5297496196950228,0.5331177345779309,152864000
2015-02-27,0.5307120084762573,0.5338395070725142,0.5287873630704437,0.5326365965241391,157492000
2015-03-02,0.5437030792236328,0.5465900184305328,0.5285467631032631,0.5292684979049881,301512000
2015-03-03,0.533598780632019,0.5422595397793202,0.5319147520975327,0.5396132174191159,160344000
2015-03-04,0.5396131277084351,0.5408159804511281,0.5295089008234247,0.5316741045897649,226840000
2015-03-05,0.5499579310417175,0.5509202247378496,0.5381696755298393,0.5396131447529937,323056000
2015-03-06,0.5425001978874207,0.5494768716777281,0.5420190222586747,0.5468305491144364,257392000
2015-03-09,0.5439437031745911,0.548033553324255,0.5415379393348716,0.5427408499336985,222388000
2015-03-10,0.5533260703086853,0.556934743905607,0.5453870457533784,0.5463493395932505,527212000
2015-03-11,0.5504391193389893,0.5605432894196636,0.5489956500823462,0.5533260004943618,262120000
2015-03-12,0.5453870892524719,0.5492363222768893,0.5350423005934424,0.5451465301127976,406972000
2015-03-13,0.5461087822914124,0.5475522517349881,0.5352828188225155,0.542740725161683,359288000
2015-03-16,0.5526043176651001,0.5559724320322863,0.546830497455225,0.5504391709350964,236956000
2015-03-17,0.5593402981758118,0.5595808572064099,0.5475520453080064,0.5514012765870755,299900000
2015-03-18,0.5501987338066101,0.562227553730549,0.5451466466459371,0.5593406713635664,413844000
2015-03-19,0.5586187243461609,0.5605433118601237,0.5480333783035335,0.5521231697891414,310756000
2015-03-20,0.5646328926086426,0.5680010055378758,0.5578967814659654,0.5631894811908508,462084000
2015-03-23,0.546349287033081,0.5550100454745857,0.5461087279357356,0.5477927563329844,426012000
2015-03-24,0.5388913154602051,0.5485143654466174,0.536485552963602,0.544665133980472,330480000
2015-03-25,0.5061730742454529,0.5386509056249488,0.5044889884092246,0.5386509056249488,542552000
2015-03-26,0.504489004611969,0.5066542087355871,0.4922196292939733,0.49582830283333673,311920000
2015-03-27,0.5143527388572693,0.5162773267488191,0.49919642279805143,0.5073760073740288,318288000
2015-03-30,0.5165178775787354,0.5191641999326196,0.5100222652153322,0.5167584366951103,253252000
2015-03-31,0.5035266280174255,0.5155554422414664,0.5030455098632103,0.5150743240872512,357276000
2015-04-01,0.5054513216018677,0.5071353500203435,0.4967905630511945,0.5054513216018677,330768000
2015-04-02,0.506653904914856,0.5097814009875593,0.502323556622282,0.5083379324374061,192204000
2015-04-06,0.5213294625282288,0.5230134912475809,0.4991964153174408,0.5044890606188543,515864000
2015-04-07,0.5259004831314087,0.5316743046564015,0.5184425753602746,0.5213295148017371,413964000
2015-04-08,0.52974933385849,0.5316739780899481,0.5213291945892888,0.5263812781508095,366432000
2015-04-09,0.5420190691947937,0.5437030980043462,0.5254192828975804,0.5256598420538224,379432000
2015-04-10,0.5475524067878723,0.5477929659772814,0.5405756740735708,0.5425003196626561,258728000
2015-04-13,0.5425001978874207,0.5494768716777281,0.5400943771016152,0.5463493734856905,236724000
2015-04-14,0.537929117679596,0.5425000844441026,0.532636416301856,0.5403348806044027,220276000
2015-04-15,0.5444247126579285,0.5485145042009326,0.5367262477782049,0.539372627344438,243560000
2015-04-16,0.5410566329956055,0.5458681590033155,0.5372074007178546,0.5412971920886167,155284000
2015-04-17,0.5340800285339355,0.5393727313288531,0.5295090605455035,0.5297496196950228,293636000
2015-04-20,0.5314335823059082,0.5398537241614487,0.5304712312156339,0.5364856674192325,231624000
2015-04-21,0.5307120084762573,0.5379292996927117,0.5280656282130051,0.5379292996927117,230456000
2015-04-22,0.5367260575294495,0.5374477919409663,0.5256595396967206,0.5338391772412787,207420000
2015-04-23,0.5345611572265625,0.5396133009701908,0.5208483103525725,0.5268627480709155,259380000
2015-04-24,0.5299901962280273,0.5345611065137712,0.5239757590802625,0.5343205473823961,240960000
2015-04-27,0.5340800285339355,0.5434625236603188,0.5271032969765279,0.53167426496496,248456000
2015-04-28,0.5367260575294495,0.5386507017461264,0.5280653019491445,0.5331174428297619,234484000
2015-04-29,0.5326364636421204,0.5381697245967587,0.530471259609979,0.5328770227486079,195156000
2015-04-30,0.5340800285339355,0.5367263512524304,0.5287873257390181,0.5299902362024699,218844000
2015-05-01,0.5473112463951111,0.5489952735870015,0.5360041165443299,0.538409877869584,256968000
2015-05-04,0.5439437031745911,0.5504393171639744,0.5422596742225809,0.5468306427254281,200720000
2015-05-05,0.5299901962280273,0.5427407479176821,0.5275844328405062,0.5420190131656334,292928000
2015-05-06,0.5316740870475769,0.5379290817053516,0.5246973578248353,0.5328769397505828,316484000
2015-05-07,0.5410566329956055,0.5427406613625125,0.5278249077954454,0.5295089361623526,534564000
2015-05-08,0.5011209845542908,0.5254192352259446,0.49294140040490897,0.5054513931213218,1146552000
2015-05-11,0.496309369802475,0.5013615122357443,0.49029499100199225,0.49414416590250243,544144000
2015-05-12,0.5011209845542908,0.5052107766289817,0.492460224778153,0.49270084127049313,388800000
2015-05-13,0.5040078163146973,0.5085787830431575,0.49919629050302716,0.504729550922239,308524000
2015-05-14,0.5121873617172241,0.5148337408729793,0.5042483389657746,0.5054512490107375,293052000
2015-05-15,0.5124280452728271,0.516758395814604,0.5093005475756879,0.5143526327674134,215824000
2015-05-18,0.5117064118385315,0.5148339101542907,0.5088194726676993,0.5112252361907506,324972000
2015-05-19,0.5085159540176392,0.5140748263576548,0.5075491485141014,0.5123829455381667,253808000
2015-05-20,0.5085159540176392,0.5147999016736051,0.5080325512658702,0.5087576265818207,196824000
2015-05-21,0.5048905611038208,0.5109328360001275,0.5044071583676908,0.5087576101226485,239692000
2015-05-22,0.5041655898094177,0.5080326396259315,0.5029571691549286,0.5060991435293826,212592000
2015-05-26,0.5010237693786621,0.5051324930638298,0.49715671837396497,0.5017488450435074,259732000
2015-05-27,0.527851402759552,0.530268302465016,0.5027155997239794,0.5044074237554607,432332000
2015-05-28,0.5351018905639648,0.5367937139273444,0.5268844463351467,0.5278511943108762,327656000
2015-05-29,0.5348603129386902,0.5384856328971932,0.5341352374223052,0.5351019855696779,335168000
2015-06-01,0.540902316570282,0.5462195156974785,0.5348600998389849,0.5382437458183831,372660000
2015-06-02,0.5302679538726807,0.5404189490118502,0.5297845511999978,0.5375186482225456,224304000
2015-06-03,0.5244677066802979,0.5358271284936524,0.5235009007878783,0.5317184051328707,250788000
2015-06-04,0.5338936448097229,0.5355854687270462,0.5213257441399729,0.5213257441399729,323712000
2015-06-05,0.5380021929740906,0.5404190917289814,0.5266427169650331,0.5322015898636232,313320000
2015-06-08,0.5256760120391846,0.5399357331478962,0.5196337934688221,0.536310413530362,342812000
2015-06-09,0.5283346772193909,0.532201669708643,0.5251927026043082,0.5261594507266213,256888000
2015-06-10,0.5189087986946106,0.5254344211194341,0.5160084964509445,0.5220507735841071,529460000
2015-06-11,0.5244677066802979,0.5280930270948697,0.5189088321043157,0.5189088321043157,283052000
2015-06-12,0.5102078914642334,0.5242258829236999,0.5089994131259005,0.5210839083921366,323728000
2015-06-15,0.5092409253120422,0.5116578233303803,0.5036820541075252,0.5075490448381509,306548000
2015-06-16,0.5155249834060669,0.5162500588120881,0.5031988167505322,0.5082742869692677,256892000
2015-06-17,0.521567165851593,0.524467466956322,0.5140747981622468,0.515283218540282,233544000
2015-06-18,0.5302679538726807,0.5336515997112716,0.524467409917468,0.5259175603121202,299404000
2015-06-19,0.5285762548446655,0.5346184727407374,0.5237424574784441,0.530268078160502,355656000
2015-06-22,0.5264012217521667,0.5324434994870992,0.5184254474111772,0.5295431969545826,514236000
2015-06-23,0.5128665566444397,0.5314766769852013,0.5087578332671362,0.5273679536078978,414064000
2015-06-24,0.5077908635139465,0.514799886276227,0.505373965074202,0.5121412576561251,253368000
2015-06-25,0.5116578936576843,0.5147998672757271,0.5077908447721393,0.5077908447721393,350460000
2015-06-26,0.5012652277946472,0.5080325785660396,0.4990900593533148,0.5075491757882941,421296000
2015-06-29,0.486280620098114,0.5005403431642763,0.48555554455039185,0.49546481433022105,391724000
2015-06-30,0.4860389232635498,0.4913561251047607,0.48265527555706483,0.48918089831197964,315916000
2015-07-01,0.4930478036403656,0.5051322973328429,0.48869740896043823,0.49812333132759395,302892000
2015-07-02,0.4935312867164612,0.49667326134992784,0.49038931208299447,0.4928062112146288,145764000
2015-07-06,0.48748889565467834,0.4961897420110263,0.48386357661985413,0.48942244908020405,214776000
2015-07-07,0.4783046841621399,0.48652215671939225,0.46307821716378494,0.4845886608816426,594252000
2015-07-08,0.4749211370944977,0.47854648576707126,0.4710540869857352,0.4756462125913544,332492000
2015-07-09,0.4691206216812134,0.48458882408638126,0.4662203481361013,0.4824135973187619,357588000
2015-07-10,0.47733795642852783,0.4816883798708397,0.47395428094597175,0.47516273030151923,216708000
2015-07-13,0.48048001527786255,0.48313858704204843,0.47733804063681523,0.48217183891174636,212472000
2015-07-14,0.480721652507782,0.4816884293786081,0.47443773250009935,0.48120505534904917,249216000
2015-07-15,0.47733795642852783,0.48265512783059555,0.47298753298621593,0.47951315374383113,265732000
2015-07-16,0.487972229719162,0.487972229719162,0.4785463093581685,0.4802381323526957,282848000
2015-07-17,0.4850720465183258,0.48676386992342524,0.4787880980860062,0.4862805247353471,220372000
2015-07-20,0.47612956166267395,0.4870056359212811,0.4749211121685741,0.485072082156671,188412000
2015-07-21,0.4783046841621399,0.4850720060293759,0.47516271020824064,0.47516271020824064,149720000
2015-07-22,0.4691206216812134,0.4749211975831513,0.4633200745909892,0.4749211975831513,356472000
2015-07-23,0.4749211370944977,0.48193013300345583,0.46912056193135393,0.47008733886439963,169916000
2015-07-24,0.4693622887134552,0.47878818424646774,0.4674287635546622,0.47830481015969745,188844000
2015-07-27,0.46670353412628174,0.4720207049508774,0.46138636330168614,0.4652533835324365,192420000
2015-07-28,0.476854532957077,0.47999647790604133,0.46307818868428513,0.4679119856047869,198308000
2015-07-29,0.4826550781726837,0.4865221272372568,0.4739542321832455,0.475887756715532,232680000
2015-07-30,0.4838636517524719,0.48869744963175044,0.48144672400112465,0.48144672400112465,190180000
2015-07-31,0.48217180371284485,0.4860388247634681,0.47927153072195033,0.48579715215439007,218340000
2015-08-03,0.49038928747177124,0.490872632699788,0.4797549145392625,0.48603883467911374,397132000
2015-08-04,0.49232274293899536,0.4937728937500227,0.48676386991233267,0.4886974235348401,260100000
2015-08-05,0.49739834666252136,0.5048907168313422,0.4964315408920617,0.5044073139461124,234628000
2015-08-06,0.4942564070224762,0.49981528129148733,0.4860389031312689,0.4961899034536862,655676000
2015-08-07,0.5554039478302002,0.5648298136692516,0.5288180009939917,0.5428360498802411,1405248000
2015-08-10,0.5747393369674683,0.5788480609462102,0.5481533810193581,0.5515370869048847,662304000
2015-08-11,0.5718388557434082,0.5773977294216347,0.5662799820651817,0.5662799820651817,435008000
2015-08-12,0.5732890367507935,0.5773977596632153,0.5626546917055002,0.5626546917055002,384048000
2015-08-13,0.5684551000595093,0.5752224508049768,0.567004949355237,0.574013972676947,276884000
2015-08-14,0.5689384341239929,0.5723220802763751,0.5645879825365857,0.5679716286889679,214652000
2015-08-17,0.5653131604194641,0.5679717317898748,0.5583041366719316,0.5679717317898748,273880000
2015-08-18,0.5601678490638733,0.5674490530528451,0.5557990919509709,0.5635657326855537,287084000
2015-08-19,0.5579833388328552,0.5657499777346435,0.5519156413409859,0.559439590860172,249248000
2015-08-20,0.5378387570381165,0.5543427949376699,0.5351689419510598,0.551673037716474,426932000
2015-08-21,0.5210919380187988,0.5429355468083379,0.5206065013437996,0.5339554023147798,382664000
2015-08-24,0.5026461482048035,0.5298293254865629,0.48541392963071944,0.4919670056446374,682284000
2015-08-25,0.49220994114875793,0.5266743336133123,0.49220994114875793,0.5247326442843128,622684000
2015-08-26,0.5293439626693726,0.5298293993500911,0.504345159862452,0.508228479710627,614976000
2015-08-27,0.5492460131645203,0.5494887026039587,0.5317711004759158,0.5349262946520768,463764000
2015-08-28,0.551673173904419,0.5550710580912744,0.5453627844911872,0.5492461055043971,320944000
2015-08-31,0.5456055998802185,0.5528868646264483,0.543421278322238,0.5490035427170885,219352000
2015-09-01,0.5232763886451721,0.5388096717213952,0.5193931257419878,0.5298295249925065,353408000
2015-09-02,0.5390522480010986,0.5392949374151221,0.5286158509419197,0.5375959957852394,344044000
2015-09-03,0.5405085682868958,0.5497314615716002,0.5395377526426812,0.5470616462176771,262556000
2015-09-04,0.5278879404067993,0.5397805945384231,0.5276452508936691,0.5312858250541538,287972000
2015-09-08,0.5504594445228577,0.5526438227829185,0.5385668534606389,0.5407511738548422,238448000
2015-09-09,0.5395376682281494,0.5567698312809284,0.5383241054633519,0.5521584432259274,289392000
2015-09-10,0.5480325222015381,0.5548283481910091,0.5339555491458537,0.5363826174565491,357076000
2015-09-11,0.5497313737869263,0.5533719463378471,0.5397803558916373,0.5419647341417043,301584000
2015-09-14,0.5507024526596069,0.5541003374297954,0.5477899469332254,0.5524013950447012,192460000
2015-09-15,0.5567699074745178,0.5596824122159202,0.5492460140470491,0.5509449558575786,327976000
2015-09-16,0.5606531500816345,0.5638083438252575,0.5516730055289606,0.5557990147631158,173508000
2015-09-17,0.5657500624656677,0.5754583336139615,0.5645364996392007,0.5703614507550049,268712000
2015-09-18,0.5652644038200378,0.5701185374882881,0.5545853213230547,0.5579832033176624,326412000
2015-09-21,0.5710896253585815,0.5723031882880701,0.563080295194726,0.5659927999328064,281840000
2015-09-22,0.5555562973022461,0.5625948105184219,0.5526437931118686,0.5587114908865368,228356000
2015-09-23,0.5582263469696045,0.5616242317296766,0.5538576462589239,0.5560419676813217,161632000
2015-09-24,0.5689054131507874,0.574730365871795,0.5460909233725365,0.5548283813869861,382440000
2015-09-25,0.5730312466621399,0.5841957696824579,0.567448985151981,0.5759436931897064,369692000
2015-09-28,0.5655074119567871,0.576671937261095,0.5618668385860917,0.5730313638903997,395584000
2015-09-29,0.5754584670066833,0.5764292827733781,0.5635658147335185,0.5715751460740301,380736000
2015-09-30,0.5982727408409119,0.5990008669412282,0.5773999469407982,0.5807978301650356,556380000
2015-10-01,0.5866228938102722,0.5999717385437042,0.5696333603690357,0.5982727967727534,489296000
2015-10-02,0.6019133925437927,0.6019133925437927,0.5773999672786564,0.5834676657063972,386144000
2015-10-05,0.6169613003730774,0.6244851939714644,0.6026415815123277,0.6057967757652342,482024000
2015-10-06,0.6249704360961914,0.6276401927611174,0.6079809650300421,0.6104080323252062,453216000
2015-10-07,0.6315237283706665,0.6378341170732431,0.616233193385911,0.6264269026643708,310152000
2015-10-08,0.6351642608642578,0.6368632025025418,0.6181747287496985,0.6288538731415688,460068000
2015-10-09,0.6327371597290039,0.6378339843749296,0.6208445110226543,0.6317662863876172,423248000
2015-10-12,0.6395332217216492,0.6431738537710797,0.6288541308197919,0.6334655209278928,227588000
2015-10-13,0.6407467126846313,0.6446299759444146,0.6322519441056325,0.6344363230886683,298444000
2015-10-14,0.6640463471412659,0.6744827436657455,0.6407464864788428,0.6414745546836113,612148000
2015-10-15,0.6657454371452332,0.6793370303847244,0.6584642326811345,0.6652600003679455,526048000
2015-10-16,0.6761816143989563,0.6824920011063106,0.6662305977197245,0.6679295969505009,448396000
2015-10-19,0.6749682426452637,0.6815213784476551,0.6672016596188737,0.6783661842017926,294712000
2015-10-20,0.6739973425865173,0.6771525364372128,0.6669588287760534,0.6720557115395628,264824000
2015-10-21,0.6652597784996033,0.6822493077822539,0.6640462737598997,0.6781232412160516,386280000
2015-10-22,0.6892879605293274,0.6914723391271307,0.6720557947889675,0.6730266104327023,306884000
2015-10-23,0.693899393081665,0.698510839628116,0.6849192472941686,0.6953556454506353,381776000
2015-10-26,0.6907442808151245,0.6960838541792463,0.6844338917118548,0.6943849121692695,247436000
2015-10-27,0.6902587413787842,0.6946274401220713,0.686860800283051,0.6873462369726868,208268000
2015-10-28,0.6958410143852234,0.6958410143852234,0.6844337438505153,0.6946274515740558,217036000
2015-10-29,0.6718129515647888,0.6917149298163737,0.6705994466498374,0.6846764740047672,327168000
2015-10-30,0.6885597705841064,0.693413964085119,0.6739973636786524,0.6790942466016642,301160000
2015-11-02,0.6965690851211548,0.6972972112372844,0.6866181246438171,0.6907441340579781,190088000
2015-11-03,0.6917150020599365,0.6963264485232653,0.6839484193418643,0.6924431282312971,376768000
2015-11-04,0.680307924747467,0.6948703353597305,0.6771527299948891,0.6897735090052011,442264000
2015-11-05,0.6725413203239441,0.6856475369026771,0.6705996886131063,0.68370584732596,478800000
2015-11-06,0.765740692615509,0.7752062753643006,0.7237524095903974,0.7390429440823428,1172272000
2015-11-09,0.7623427510261536,0.7645271294636478,0.7516636061312011,0.7582167414436838,492568000
2015-11-10,0.7477803826332092,0.7565178389705893,0.7317617223256566,0.7523917713082128,552260000
2015-11-11,0.7404991388320923,0.7536052937002586,0.7378293236805308,0.748265721262998,619896000
2015-11-12,0.737829327583313,0.7455959679211629,0.734674133562678,0.7388001431590786,291080000
2015-11-13,0.7232669591903687,0.7417126875839439,0.7196263282534091,0.7385574933938676,292940000
2015-11-16,0.737829327583313,0.7383147643041271,0.7269074932248281,0.7327325024111467,344280000
2015-11-17,0.737829327583313,0.7441397156245833,0.734674133562678,0.7397710166007068,257048000
2015-11-18,0.7559798359870911,0.7569543963236425,0.7328351025777491,0.7408748477978441,350216000
2015-11-19,0.7581722736358643,0.7657247363369901,0.7525688148299998,0.7586595536524747,254072000
2015-11-20,0.7647504806518555,0.7691358279567345,0.7591470200415826,0.7637759783904187,239744000
2015-11-23,0.7532995939254761,0.7710844696491349,0.7506196994461354,0.7710844696491349,242552000
2015-11-24,0.7593905329704285,0.7659684944891026,0.7498890071831893,0.7532997934394504,195428000
2015-11-25,0.7584160566329956,0.7669430813015288,0.7557361611477325,0.7579288345914588,138300000
2015-11-27,0.7647504806518555,0.7671867653482519,0.7559798441277062,0.7598779112590625,86996000
2015-11-30,0.7727900147438049,0.776200858855014,0.7647502716345139,0.7654811626522307,327244000
2015-12-01,0.7978838086128235,0.7986146996346262,0.7788807582171406,0.7796116492389433,409496000
2015-12-02,0.7917932271957397,0.8073854365673276,0.7900878338336602,0.7991020807841971,294240000
2015-12-03,0.7900876998901367,0.806410797661877,0.7861896336866774,0.798127443283023,246656000
2015-12-04,0.8222466111183167,0.8237083930944799,0.7900876399850892,0.7900876399850892,458756000
2015-12-07,0.8066546320915222,0.8220032309801428,0.8042183474756397,0.8220032309801428,333588000
2015-12-08,0.8176177144050598,0.8210285005434392,0.7915494802251667,0.7966656594327358,314488000
2015-12-09,0.7969092726707458,0.8222466739659733,0.7886259182868115,0.8173741057300595,372676000
2015-12-10,0.803487241268158,0.8078725291689953,0.796665611317799,0.7993455062524446,236596000
2015-12-11,0.7915494441986084,0.8010509692250091,0.7898440512070378,0.7954475102160234,227320000
2015-12-14,0.7934983968734741,0.7978837426416983,0.7839968724612437,0.7922802839949153,275892000
2015-12-15,0.8032436966896057,0.8088471564835655,0.7981275169981816,0.8025128055786022,307296000
2015-12-16,0.8081161379814148,0.8107960909944942,0.797883780211592,0.8049489630282054,236356000
2015-12-17,0.7959346175193787,0.8176175594235252,0.7954473956408757,0.809334206633136,254160000
2015-12-18,0.783022403717041,0.7983709983849507,0.7820479017557878,0.790331255554827,395896000
2015-12-21,0.8015380501747131,0.8022689410547565,0.7844840651733909,0.7915493049567561,284216000
2015-12-22,0.8022692203521729,0.8103089647459794,0.7973966515126297,0.8039746136374527,130012000
2015-12-23,0.8054363131523132,0.8086034883811668,0.8020255269321929,0.8034873090509863,122524000
2015-12-24,0.8081161379814148,0.8100651999987082,0.8017817880749961,0.8029999590965033,52448000
2015-12-28,0.8073852062225342,0.8073852062225342,0.7883822155482885,0.7995891328037412,142024000
2015-12-29,0.8205412030220032,0.8229774869087548,0.8056798306529048,0.8078725035766583,203660000
2015-12-30,0.8134762644767761,0.8268758598737591,0.8132326534232927,0.8198106165522367,180344000
2015-12-31,0.8030001521110535,0.8159124659976469,0.8030001521110535,0.812258068225912,148528000
2016-01-04,0.7886257767677307,0.7937419550716621,0.7805860348126471,0.7866767730573525,358076000
2016-01-05,0.8012944459915161,0.8146940347910511,0.7917929225565141,0.8034871186501126,490272000
2016-01-06,0.7681610584259033,0.7917930059500291,0.759146755908571,0.7881385511341392,449344000
2016-01-07,0.7377073764801025,0.7540304701392856,0.7279621843839305,0.7489142341238185,645304000
2016-01-08,0.7218716740608215,0.7479399078476348,0.7204098919991024,0.7472090168167752,398472000
2016-01-11,0.7230896353721619,0.7282058715149424,0.7101773266782571,0.7226024135108564,409372000
2016-01-12,0.7352712154388428,0.7459909119511958,0.7301550362526706,0.7360021064776666,469356000
2016-01-13,0.7128574252128601,0.745747289093922,0.7121265341856726,0.7408746628841407,481672000
2016-01-14,0.6984832882881165,0.7065230310005111,0.6777748460081691,0.6982396192371779,600236000
2016-01-15,0.6604772210121155,0.6785057692742911,0.6490266918976483,0.6704660261793515,841452000
2016-01-19,0.6658371090888977,0.693123515054912,0.6631571558392522,0.6741204636582103,457140000
2016-01-20,0.6694914698600769,0.6780184930423742,0.6443977384409874,0.6531683726015923,481180000
2016-01-21,0.6772876381874084,0.6877636659267492,0.6629135441590299,0.6768004162047765,481456000
2016-01-22,0.6931232810020447,0.6977522367923366,0.6887379361210598,0.6901997177480548,257996000
2016-01-25,0.6923925280570984,0.7009195505220772,0.6909307461390347,0.6928798080583157,270728000
2016-01-26,0.6992143392562866,0.7021379040946328,0.686789304864532,0.6938545478334631,227944000
2016-01-27,0.6909307241439819,0.7004322482233359,0.6777748034713911,0.698239575416042,231700000
2016-01-28,0.6833784580230713,0.6989706669273312,0.6699788644697082,0.6965343824708655,276776000
2016-01-29,0.7135881185531616,0.715049900321564,0.6865453881800467,0.6892252826983961,310504000
2016-02-01,0.7138318419456482,0.7174862385594346,0.7067666015839177,0.7128573400543443,289884000
2016-02-02,0.6836218237876892,0.710177332261824,0.6787492566228341,0.7065229359309739,341908000
2016-02-03,0.6870327591896057,0.6931234985182904,0.6711969414890969,0.6889818213324466,326772000
2016-02-04,0.6872761845588684,0.7028683857447628,0.6804545566062071,0.6880070172569924,348140000
2016-02-05,0.6439105272293091,0.6901999870202825,0.6419615230233227,0.6826475231150856,600428000
2016-02-08,0.6144313812255859,0.6373324374319158,0.6054170788478382,0.6341652626690505,608852000
2016-02-09,0.6210094094276428,0.6468340322575817,0.6041990318728647,0.6071225959991197,425372000
2016-02-10,0.6195477247238159,0.6429360671524527,0.6161369380975905,0.6249075737690297,335800000
2016-02-11,0.6163806319236755,0.6227149839865513,0.6037119277979238,0.6037119277979238,340144000
2016-02-12,0.6268564462661743,0.6280746172825449,0.6029808287327493,0.6261255552734702,340816000
2016-02-16,0.6575536131858826,0.6585281731999697,0.6339216655132563,0.6358706693702525,485352000
2016-02-17,0.6738767623901367,0.6802111120071171,0.6631570669988213,0.6658370198894444,771468000
2016-02-18,0.7318603992462158,0.7547615153220816,0.7284496132622333,0.7291805042710285,1068660000
2016-02-19,0.7416055202484131,0.7481835391945115,0.7223588596058381,0.7279623185028611,525628000
2016-02-22,0.7679173946380615,0.7764444172097859,0.7508634075802021,0.752325189516565,449668000
2016-02-23,0.7698666453361511,0.7771754987243471,0.7581724450636755,0.7618269008005752,369380000
2016-02-24,0.7752264142036438,0.7764445854430855,0.7455037213713684,0.7666994478699594,336852000
2016-02-25,0.7769315838813782,0.7808296494059455,0.7630447726446451,0.7781497547702488,349616000
2016-02-26,0.7718156576156616,0.7825352977448888,0.7640195240204397,0.7805862933888853,361964000
2016-02-29,0.7668030261993408,0.7829410967836045,0.766314029089044,0.7729159564558384,323344000
2016-03-01,0.8007907271385193,0.8007907271385193,0.7675364795155549,0.768759088725424,348700000
2016-03-02,0.8054365515708923,0.8083707672590572,0.7949223564179285,0.796389464262011,233812000
2016-03-03,0.7983456254005432,0.8078817097677219,0.7875868734368635,0.8044584970052875,302004000
2016-03-04,0.7959005236625671,0.8051921101724644,0.7897875933108057,0.804458556198364,175304000
2016-03-07,0.7907655239105225,0.7968784533196911,0.780495828153894,0.7914990777715113,239968000
2016-03-08,0.7763389945030212,0.7873422431667303,0.7738938346107759,0.7826964218823012,274940000
2016-03-09,0.775850236415863,0.7844082695254513,0.7658250369624805,0.7831857183514651,222788000
2016-03-10,0.7746275067329407,0.7848972031679569,0.7589784926916173,0.7804958797112845,286084000
2016-03-11,0.7878313064575195,0.7880758632753692,0.7768281151651768,0.7861197002186489,277400000
2016-03-14,0.7897874712944031,0.792966185258675,0.7804958279227726,0.7841635972266308,190312000
2016-03-15,0.785875141620636,0.7907654614427663,0.7719377359572858,0.7856306431186927,226216000
2016-03-16,0.8093486428260803,0.8120383593847559,0.7763389567379232,0.7800067255464773,363644000
2016-03-17,0.8025020360946655,0.8103265106097044,0.7914987904710374,0.806414302500782,353680000
2016-03-18,0.8267094492912292,0.8374681423425968,0.8069036111746392,0.8120384883219416,545512000
2016-03-21,0.8291544914245605,0.8293989899167465,0.810571265182632,0.8193738521706201,337780000
2016-03-22,0.8276875019073486,0.8335558746371159,0.8174178059073433,0.8264649509748714,242012000
2016-03-23,0.8418694138526917,0.8479822847321273,0.8276874508093056,0.8313552199747375,429008000
2016-03-24,0.8430920243263245,0.8445591320962392,0.8315997772906878,0.8342894360040533,244956000
2016-03-28,0.8516502380371094,0.8553179496983424,0.8406469864589586,0.8416250390154725,265388000
2016-03-29,0.8653430938720703,0.8672991988611143,0.8460263093420668,0.8479824143311108,261812000
2016-03-30,0.8743901252746582,0.886371427879946,0.8680326970229862,0.8685217523874296,376700000
2016-03-31,0.8712116479873657,0.8802587374598779,0.8643652208072703,0.8783026320647747,379884000
2016-04-01,0.883926272392273,0.8844153277593388,0.8592301131512067,0.8658320399718943,348292000
2016-04-04,0.8753681182861328,0.8959075094430414,0.8719449058590528,0.8912616878364532,393940000
2016-04-05,0.8741455078125,0.8822145412960943,0.8641203114344888,0.8675435819254155,339568000
2016-04-06,0.8753681182861328,0.8758571736173789,0.8467597513927703,0.8631423179771226,453376000
2016-04-07,0.8663210272789001,0.8775687751628014,0.8626533163543142,0.8697442396877707,378104000
2016-04-08,0.8719449043273926,0.8790358859833268,0.8633868149775114,0.8734120120213396,255936000
2016-04-11,0.8773244023323059,0.8917508661760932,0.8743901865345111,0.8770798454843415,387524000
2016-04-12,0.8763463497161865,0.8814811690644259,0.8592301686276107,0.8802585597164322,292764000
2016-04-13,0.8983527421951294,0.8985972407319289,0.8802585096359266,0.8802585096359266,350716000
2016-04-14,0.9007976651191711,0.9047099321632831,0.892239577316601,0.8959073458883321,416564000
2016-04-15,0.9078888893127441,0.9159579240403428,0.8976191928511043,0.9005534084964926,436972000
2016-04-18,0.9039766788482666,0.9061773407226045,0.8951740896481385,0.9061773407226045,307320000
2016-04-19,0.8878384828567505,0.9091113697431483,0.8822146088377101,0.907399763515251,309152000
2016-04-20,0.8912617564201355,0.8966411322889354,0.885393383479675,0.8863714359202153,200172000
2016-04-21,0.8902835845947266,0.8956629597421653,0.8863713170599722,0.8915061354071562,178280000
2016-04-22,0.8868605494499207,0.8993308500533611,0.8839263336386534,0.8932179781761845,223540000
2016-04-25,0.8912617564201355,0.8961520769200557,0.8846598295749651,0.8871049898249252,191972000
2016-04-26,0.8919951915740967,0.9069107079212134,0.8880829240355543,0.8966410129196912,214536000
2016-04-27,0.912290096282959,0.9127791516250636,0.8880829936444844,0.8897945998960272,352396000
2016-04-28,0.8851487040519714,0.9120455213734949,0.8829481009398479,0.9066661462497481,381224000
2016-04-29,0.8687661290168762,0.8834370883249463,0.8592299879774677,0.8814809837360876,321904000
2016-05-02,0.8802585005760193,0.885637876410776,0.8729230198725614,0.8770797864414657,256076000
2016-05-03,0.8697442412376404,0.8739010074982783,0.8621642625620317,0.8702332965671565,224024000
2016-05-04,0.8499383330345154,0.8599634702386169,0.8411357465224532,0.8592299165045112,525764000
2016-05-05,0.8550733327865601,0.8650985304206532,0.8487159046032857,0.8570294959260694,246884000
2016-05-06,0.8638759255409241,0.8660765872225467,0.851894623003936,0.8536062293239032,183240000
2016-05-09,0.8626533150672913,0.8697442383901687,0.8555623334471999,0.8660765274710547,333336000
2016-05-10,0.8792803883552551,0.880747496055635,0.8597191078094307,0.8680326403819633,269676000
2016-05-11,0.881725549697876,0.8915061899849245,0.8770797280723635,0.8819701065131024,328176000
2016-05-12,0.8697442412376404,0.8919952385293785,0.8540952285569068,0.8880829707848916,670540000
2016-05-13,1.0020270347595215,1.0025160315367145,0.9536128559863841,0.9582586168556368,2110256000
2016-05-16,1.031614065170288,1.046529641879368,0.9912688916835115,0.9944476058550283,973032000
2016-05-17,1.0338146686553955,1.0411500903200404,1.013764275143554,1.026968127415455,628392000
2016-05-18,1.0602225065231323,1.0722038677538763,1.026968256557638,1.026968256557638,541072000
2016-05-19,1.0648680925369263,1.07244812857859,1.0545984565535733,1.0560654474702689,398880000
2016-05-20,1.0839409828186035,1.0883423078257077,1.0697590133031434,1.0714706202623816,391084000
2016-05-23,1.085652470588684,1.0927433962706918,1.0790505421000653,1.0885866869379517,413636000
2016-05-24,1.1120057106018066,1.1154379290972003,1.0860196983035533,1.0889615330726374,415788000
2016-05-25,1.1073479652404785,1.1200957213461937,1.0985224607474495,1.115437952577157,458076000
2016-05-26,1.1191149950027466,1.1272049809466695,1.1061219908169666,1.1093089585190326,309964000
2016-05-27,1.1252442598342896,1.1269603110798803,1.1166638867091117,1.1203412395758552,277416000
2016-05-31,1.1453465223312378,1.1477980907260714,1.129411678456464,1.1301471957338,412524000
2016-06-01,1.1475530862808228,1.1585847946061798,1.1365212610582374,1.1399533636790902,387132000
2016-06-02,1.1556427478790283,1.165448785983371,1.1424044912306899,1.1536814467404037,329208000
2016-06-03,1.139462947845459,1.14583688593318,1.1193605996594005,1.1443660850488366,461076000
2016-06-06,1.133579134941101,1.1512300273948781,1.1276954651574427,1.1424045227193904,322512000
2016-06-07,1.1357852220535278,1.1468170422094068,1.1352949553034988,1.140443106870329,193400000
2016-06-08,1.1321080923080444,1.1401980789173947,1.1227923218131113,1.136030460465287,234616000
2016-06-09,1.1615262031555176,1.1632422538349474,1.1257341553877687,1.1281857231567745,472168000
2016-06-10,1.1325985193252563,1.1580942666456189,1.1311276018339123,1.1477979611034117,400024000
2016-06-13,1.1470623016357422,1.1693710777740385,1.133824162752811,1.133824162752811,475588000
2016-06-14,1.1492692232131958,1.154662511033881,1.1316183249214917,1.1443662024042356,298344000
2016-06-15,1.1610361337661743,1.1710873061542442,1.1460819419036408,1.1588298159166874,301036000
2016-06-16,1.165694236755371,1.1676554215307227,1.14117913482041,1.1524560934002148,246456000
2016-06-17,1.1453465223312378,1.1674101702958808,1.1406886358988257,1.1671650368358404,471000000
2016-06-20,1.165939211845398,1.180893404459589,1.1629973766334103,1.1637328938850127,293768000
2016-06-21,1.158829689025879,1.1740290126632424,1.1571135213453905,1.1708420445089511,212508000
2016-06-22,1.1578491926193237,1.1688810159218164,1.1558880081626424,1.1612812946428177,202620000
2016-06-23,1.1887381076812744,1.1899638916793653,1.168145380722693,1.168880897880426,297880000
2016-06-24,1.1210764646530151,1.1610361378022684,1.1105350253500155,1.1399531422990634,1017684000
2016-06-27,1.109063982963562,1.1203409382142844,1.0926387584636814,1.1117605673971487,449088000
2016-06-28,1.1252442598342896,1.1313729474844145,1.1097996817267486,1.1301472800927237,381920000
2016-06-29,1.1436305046081543,1.1524560108106054,1.132108413369303,1.13505024877012,318932000
2016-06-30,1.1524558067321777,1.1595651436108725,1.1362758317900743,1.145591486380075,430940000
2016-07-01,1.1438753604888916,1.1610359848977765,1.13995299217113,1.146081794952674,218488000
2016-07-05,1.1607908010482788,1.162751985121937,1.1284308546927708,1.1375013748698843,371084000
2016-07-06,1.1681455373764038,1.1750098585479323,1.1468174072970847,1.1527010777591915,273104000
2016-07-07,1.1985442638397217,1.202711883084555,1.1705970639362515,1.1759903504026172,395400000
2016-07-08,1.2465938329696655,1.2524775027835227,1.2066341620944834,1.2112920478809204,481932000
2016-07-11,1.2752766609191895,1.2845923164199633,1.2630190533537158,1.264489970937461,448776000
2016-07-12,1.2943986654281616,1.306165890953795,1.2733155492196129,1.2894956450510455,436760000
2016-07-13,1.2939082384109497,1.3042046626875696,1.2919470537049536,1.2968500739185553,324604000
2016-07-14,1.3071460723876953,1.3189134116372112,1.2899855641441433,1.300772252823801,316892000
2016-07-15,1.2919470071792603,1.2978306779825886,1.270864009330292,1.2904760894784282,428616000
2016-07-18,1.2985659837722778,1.309842940725551,1.2936629640924726,1.307881756233071,252992000
2016-07-19,1.312049388885498,1.31719754206698,1.295379028287143,1.2978305966005406,382652000
2016-07-20,1.3292096853256226,1.336319138771218,1.3110685269388203,1.316461812703223,296460000
2016-07-21,1.3046945333480835,1.330435410875191,1.300281781427017,1.3262677923557635,361308000
2016-07-22,1.3402416706085205,1.3402416706085205,1.2997917301995878,1.3093526358323544,315768000
2016-07-25,1.3650020360946655,1.3681890049526122,1.3424481206226153,1.3483317914056607,312528000
2016-07-26,1.3882911205291748,1.395400456860547,1.375052981486102,1.3770141656226336,514508000
2016-07-27,1.3743177652359009,1.402755350581242,1.3659826431580497,1.4003037822009958,446676000
2016-07-28,1.377259373664856,1.387555678612521,1.3730917548638324,1.3775045070830583,221916000
2016-07-29,1.3998135328292847,1.4034907685485305,1.3576475380971367,1.3824077711824565,409588000
2016-08-01,1.3907426595687866,1.4108451197088443,1.381672138526333,1.4056969671879063,301120000
2016-08-02,1.3738274574279785,1.3980974225634126,1.360589315880871,1.3973619053123452,282748000
2016-08-03,1.3775044679641724,1.3802011692822054,1.3645114619908725,1.372111182225298,299828000
2016-08-04,1.4030004739761353,1.409374411442398,1.3814272101118996,1.3841237950341705,272712000
2016-08-05,1.426779866218567,1.4275152664310446,1.4123159432984755,1.4191801462036882,371588000
2016-08-08,1.4400181770324707,1.4498242157519516,1.4248187351892336,1.4463921138898534,305064000
2016-08-09,1.4436951875686646,1.4576688431722002,1.440017952845644,1.4471272888964415,372344000
2016-08-10,1.4343799352645874,1.4586499036177707,1.4297220483809792,1.4564435853664728,375740000
2016-08-11,1.4635528326034546,1.4696816369043315,1.439037732297166,1.4419795677133644,681064000
2016-08-12,1.5454332828521729,1.5537684047812825,1.486351912088572,1.517486081819932,1425744000
2016-08-15,1.543962001800537,1.5567098735963267,1.523124143434126,1.5471489697494845,573304000
2016-08-16,1.5346463918685913,1.5442071790900072,1.5299885065110264,1.5417557281580818,287652000
2016-08-17,1.4990992546081543,1.5380783854568434,1.487086900399968,1.5346462842545046,595212000
2016-08-18,1.5223891735076904,1.524840625062773,1.491009751942664,1.496893422710411,331684000
2016-08-19,1.5263116359710693,1.537833727847247,1.5150346775756491,1.5216537491450017,291560000
2016-08-22,1.5326851606369019,1.534891595163011,1.5128279512850793,1.5309691098372578,244748000
2016-08-23,1.5450880527496338,1.5551577460177082,1.5406671689565987,1.548280893748058,339764000
2016-08-24,1.5212645530700684,1.5512281651506803,1.514142115592663,1.5504914097340967,298448000
2016-08-25,1.5111953020095825,1.522493041492162,1.4922839525434646,1.5217562858599392,406032000
2016-08-26,1.5234750509262085,1.5320711163346121,1.503089961971871,1.5151245706562437,300024000
2016-08-29,1.5224930047988892,1.535755542760401,1.5200370356380282,1.5296155613019289,274652000
2016-08-30,1.5136505365371704,1.5286322799751897,1.5094752389662913,1.5205273870185463,285544000
2016-08-31,1.5065287351608276,1.5207737304850626,1.5021079674253959,1.51659854794464,388544000
2016-09-01,1.5509825944900513,1.5566314040744127,1.5065284047881855,1.5077564476065628,428492000
2016-09-02,1.5357551574707031,1.5558946616778409,1.5183174411767035,1.554175448562762,323148000
2016-09-06,1.550246000289917,1.550246000289917,1.5332994513815883,1.5411587628726358,306812000
2016-09-07,1.5274049043655396,1.5529476368627049,1.5185632523310124,1.545333910726982,397988000
2016-09-08,1.5384570360183716,1.5409131220073502,1.5084935364736374,1.5259312551223572,315808000
2016-09-09,1.4618288278579712,1.530106419602201,1.449057462911192,1.521510353623644,697760000
2016-09-12,1.4920376539230347,1.4949849094993317,1.4077958704489568,1.4424259478015529,598260000
2016-09-13,1.4704246520996094,1.50554589992934,1.4620741726485944,1.4883536536860056,471768000
2016-09-14,1.4834415912628174,1.4883536448585513,1.4615829937512095,1.4738630691842467,319048000
2016-09-15,1.539684772491455,1.5414039854964279,1.4824592217345849,1.4858977648571328,515212000
2016-09-16,1.543369174003601,1.5534388694529515,1.525685752113522,1.545088387443426,902444000
2016-09-19,1.5637539625167847,1.6028048107573765,1.552456226208101,1.5595786637692368,417128000
2016-09-20,1.549509048461914,1.5816830459064475,1.5409129825039676,1.5816830459064475,331112000
2016-09-21,1.592981219291687,1.5959284761741905,1.553930358380133,1.554175943601567,336212000
2016-09-22,1.5969104766845703,1.6072258735746454,1.5878232398651826,1.6023138188550077,308732000
2016-09-23,1.5951911211013794,1.60354160166866,1.5880686833826256,1.5988752496469598,276132000
2016-09-26,1.5802092552185059,1.5865949370193084,1.5603154544295152,1.5770164143181047,230040000
2016-09-27,1.634242057800293,1.636698143628991,1.573332604867574,1.5740693603486124,402752000
2016-09-28,1.6401370763778687,1.641365119671291,1.6192608088403067,1.6366986488464097,319788000
2016-09-29,1.655363917350769,1.6605216742099407,1.622207578185347,1.6374349122626854,336684000
2016-09-30,1.6828714609146118,1.6993268369125043,1.6546270609435088,1.6644511695127762,429932000
2016-10-03,1.6811519861221313,1.707186000416307,1.678204847494819,1.6828713162309163,242596000
2016-10-04,1.677468180656433,1.7118525619081248,1.6649424007824725,1.6836082780152464,281624000
2016-10-05,1.6757489442825317,1.7089053992941716,1.670591304732974,1.6917131503496974,305440000
2016-10-06,1.653890609741211,1.6659251039629424,1.6273654180346853,1.6556098232014582,360212000
2016-10-07,1.6418559551239014,1.6693634868753329,1.6371894852512103,1.664942602188684,286260000
2016-10-10,1.6479960680007935,1.659293806448434,1.632523030015112,1.650452036995864,287876000
2016-10-11,1.624172568321228,1.6450488320467047,1.6116467866634154,1.6425928630209836,388540000
2016-10-12,1.6315404176712036,1.6401364833919723,1.6040328902521324,1.617541010257999,419920000
2016-10-13,1.6050150394439697,1.6160671895456273,1.5644905671462905,1.6123831785492742,390116000
2016-10-14,1.6207338571548462,1.6357156052107098,1.6111553336979958,1.6246634537518354,330636000
2016-10-17,1.611401081085205,1.6357157698977336,1.6091906974159293,1.620488435160517,195328000
2016-10-18,1.6359609365463257,1.645293873406974,1.6271192870185391,1.6337505534425276,269372000
2016-10-19,1.632522702217102,1.6401364270870435,1.6165584970604223,1.6249090944597686,199060000
2016-10-20,1.6634687185287476,1.6688720602424945,1.6283475829524543,1.6516798116205393,312084000
2016-10-21,1.6588026285171509,1.661749767875287,1.6430840054148137,1.6575745854688928,279508000
2016-10-24,1.7366591691970825,1.7386239682761833,1.6698550636063867,1.6701007659648508,339836000
2016-10-25,1.765148639678955,1.7757096225904412,1.725361028372623,1.7337115103586693,397460000
2016-10-26,1.7722713947296143,1.7916740321836944,1.748693457257349,1.750412670885391,333792000
2016-10-27,1.7359217405319214,1.7892175865249003,1.728799302233428,1.7857791599592399,388664000
2016-10-28,1.7329747676849365,1.7707975806487635,1.729781925980109,1.7442725062472009,290856000
2016-10-31,1.7477107048034668,1.7592540270483255,1.737640893510506,1.7386233512577225,252388000
2016-11-01,1.6958887577056885,1.7636751909743957,1.6772228773363478,1.754096665592124,473224000
2016-11-02,1.6887657642364502,1.7319919098653984,1.6858185084029256,1.7089052676904648,295848000
2016-11-03,1.6691179275512695,1.6980990879806297,1.6366983402387827,1.6966254597289139,309664000
2016-11-04,1.659538745880127,1.6880287246578218,1.6352240650157892,1.6580651182114472,328780000
2016-11-07,1.7504123449325562,1.761464497404835,1.7069406076683244,1.7081686506347162,487580000
2016-11-08,1.7477107048034668,1.7626924534946564,1.731500913206411,1.7570435263952433,429884000
2016-11-09,1.7182382345199585,1.7413249957715282,1.6877835672829882,1.7003092299721392,456532000
2016-11-10,1.6644511222839355,1.7560610550611635,1.6396452664172936,1.755815469920792,869280000
2016-11-11,2.160569429397583,2.180217649343312,1.9279833974203915,1.9527893746476086,2175344000
2016-11-14,2.05422306060791,2.1659723791209986,2.053731890332116,2.163516293516813,1348796000
2016-11-15,2.116851568222046,2.1477973996777946,2.061345118081629,2.070186884594065,626092000
2016-11-16,2.250459671020508,2.2733006104421447,2.120781354122835,2.1450960385411486,987984000
2016-11-17,2.269125461578369,2.3280701062941724,2.2263903716454743,2.2671605463977635,832988000
2016-11-18,2.2929482460021973,2.3167715174777066,2.254634168848095,2.2691247403015646,576060000
2016-11-21,2.283616542816162,2.317264170985581,2.2693714316121825,2.3108784880174777,436436000
2016-11-22,2.300071954727173,2.3022823385489417,2.268880410469345,2.2914758875173695,330368000
2016-11-23,2.311386823654175,2.3428709035564297,2.2818703667968405,2.30523741519893,443236000
2016-11-25,2.3160598278045654,2.339181036097256,2.2976118406186155,2.3224550706031333,195564000
2016-11-28,2.3148298263549805,2.3303259095950093,2.302285176952766,2.3089264895275723,278736000
2016-11-29,2.2936761379241943,2.322946750627619,2.275966362820048,2.312123888742311,444568000
2016-11-30,2.267850160598755,2.3160604473161115,2.2653903970392246,2.302285912128321,440500000
2016-12-01,2.155686855316162,2.2671115815003606,2.0850933488844428,2.265389794381926,1035524000
2016-12-02,2.175610065460205,2.1842189990973475,2.0937018090110833,2.1214964667149343,478292000
2016-12-05,2.259979009628296,2.2779348617376733,2.1891394128040225,2.2134905095513684,602284000
2016-12-06,2.2971198558807373,2.30548295562787,2.2523531578317475,2.2680953114537137,498796000
2016-12-07,2.3384432792663574,2.344100546808976,2.26539000319574,2.283591921965466,480804000
2016-12-08,2.299333333969116,2.376568143349458,2.288756777080217,2.3413944297391196,381544000
2016-12-09,2.2585017681121826,2.318764528411391,2.2311990203737717,2.317042741962151,382312000
2016-12-12,2.2036514282226562,2.2125064354190154,2.1532274530997415,2.2100466721018144,601332000
2016-12-13,2.2425155639648438,2.2700644064694093,2.214966956036299,2.21595076786917,387796000
2016-12-14,2.372387647628784,2.3886217109893204,2.252353725339292,2.2762129146079517,983980000
2016-12-15,2.427976369857788,2.458230795617796,2.376076453599585,2.383455507456011,746548000
2016-12-16,2.4697916507720947,2.476924635243253,2.4038713612726057,2.4555252126779448,1089528000
2016-12-19,2.4997994899749756,2.5199690268181194,2.4351090954498393,2.4523271987240167,744656000
2016-12-20,2.5868735313415527,2.6104866457356266,2.561046489549614,2.57236125836038,848056000
2016-12-21,2.6031079292297363,2.6060595982339696,2.5509621677815075,2.5984344728543616,576136000
2016-12-22,2.634592294692993,2.6778830499906707,2.6203258551257553,2.6274590749093742,718612000
2016-12-23,2.700266122817993,2.7017420745481346,2.6139304530343663,2.6166360517717235,647692000
2016-12-27,2.885727643966675,2.8867114552187307,2.735685402961697,2.756347081286045,1194272000
2016-12-28,2.6872291564941406,2.9499257476602536,2.673454861384335,2.941808718816851,2295764000
2016-12-29,2.740851402282715,2.7423273540804516,2.5285787104900077,2.5802325664679837,2175368000
2016-12-30,2.6254913806915283,2.7529043603484906,2.614668749837745,2.738883990070845,1212932000
2017-01-03,2.5091466903686523,2.6163898634551663,2.444456288357391,2.567933520831202,1501996000
2017-01-04,2.567687511444092,2.5949902671628715,2.497339847336833,2.5433364240118728,1199220000
2017-01-05,2.5025055408477783,2.6028615722033566,2.485533504587961,2.5711314271248455,984296000
2017-01-06,2.5359582901000977,2.564244867312241,2.4892237207638943,2.52980888120009,822856000
2017-01-09,2.6387734413146973,2.656483454555052,2.545796692818576,2.545796692818576,916248000
2017-01-10,2.618849277496338,2.685753128741895,2.5981876008433225,2.6518092975328793,880920000
2017-01-11,2.58662748336792,2.612208455253865,2.561784487287583,2.6072891638935953,525664000
2017-01-12,2.544320583343506,2.5753129873046032,2.4995538818778806,2.5637523826738877,625616000
2017-01-13,2.544074296951294,2.5826915840619202,2.5349732223621153,2.548255611827115,457820000
2017-01-17,2.4870097637176514,2.5384175499612605,2.4737273703081826,2.5334982579387613,580612000
2017-01-18,2.5322682857513428,2.5391554350821646,2.437815583452183,2.4656102509269693,654424000
2017-01-19,2.58662748336792,2.6186036982253516,2.5330060112038484,2.5352197040447653,644872000
2017-01-20,2.558340549468994,2.6269664252423754,2.536449225145541,2.609256415879495,492024000
2017-01-23,2.5849056243896484,2.60482932855618,2.5507157176411894,2.5531754805409395,369904000
2017-01-24,2.640003204345703,2.646152611962438,2.5802323228513475,2.594990666555596,428052000
2017-01-25,2.651317834854126,2.6884594104420483,2.6154061407251827,2.682310003147152,522760000
2017-01-26,2.697068214416504,2.704447268234254,2.62450685391027,2.6540233037571612,458800000
2017-01-27,2.7492144107818604,2.7521660797017424,2.6773910144085673,2.7039558001115758,471996000
2017-01-30,2.706170082092285,2.7305211800488127,2.654270380989454,2.7283074865211248,496004000
2017-01-31,2.6855080127716064,2.7069074362496477,2.6614027559804834,2.6798507451503153,362756000
2017-02-01,2.802835702896118,2.807017018212062,2.702233608258349,2.719943384550513,590004000
2017-02-02,2.8382554054260254,2.846864575777649,2.756347363205696,2.786847626321938,483240000
2017-02-03,2.8134124279022217,2.8508000744601367,2.801605987864913,2.839731375654223,372744000
2017-02-06,2.885481834411621,2.8859737400820658,2.8040654642674765,2.8040654642674765,506768000
2017-02-07,2.930248498916626,2.974277222661696,2.899994072080427,2.9196717061147854,746224000
2017-02-08,2.9174575805664062,2.9346754491484277,2.862606002035891,2.9122922199917998,449580000
2017-02-09,2.8626062870025635,2.9285265689197137,2.8434207941446434,2.9236070433631984,842568000
2017-02-10,2.794719934463501,2.9688670458021016,2.769630858365838,2.9499273795487677,1651092000
2017-02-13,2.665830612182617,2.8035740775941367,2.661402991177167,2.7890618020379416,1180724000
2017-02-14,2.675668716430664,2.7093667151400602,2.614421891252086,2.656236919298027,850632000
2017-02-15,2.681079864501953,2.7007574968062116,2.6505796048031165,2.678620336395831,373020000
2017-02-16,2.638035535812378,2.691903078890702,2.5989261016064082,2.690673197388687,647176000
2017-02-17,2.6375436782836914,2.6419712990807476,2.5775269558376817,2.62450735520154,563740000
2017-02-21,2.731996536254883,2.7359320166208656,2.6618946926611504,2.662140762810993,551952000
2017-02-22,2.727808952331543,2.753422203984601,2.7088451593546186,2.7440634978135288,433772000
2017-02-23,2.4748783111572266,2.6201841736569684,2.454929699439073,2.598265221395527,1592888000
2017-02-24,2.4987683296203613,2.5120674862519317,2.356910345720961,2.3906508812967555,1029904000
2017-02-27,2.5714211463928223,2.5864442626313653,2.501231065421149,2.5169930888980403,715400000
2017-02-28,2.499260663986206,2.5908774085511657,2.4820210613213884,2.5810259386033034,625360000
2017-03-01,2.5315239429473877,2.5704363617320163,2.4901486563590733,2.5561519163682407,504804000
2017-03-02,2.438182830810547,2.5327549662143096,2.435473817588905,2.5187169038556902,754332000
2017-03-03,2.424145460128784,2.4325188820608172,2.369717160646537,2.427593381195858,864692000
2017-03-06,2.405427932739258,2.41601807620336,2.3438576480078694,2.387941947448856,883568000
2017-03-07,2.431779384613037,2.451235707231836,2.392620828443478,2.405427456405435,603400000
2017-03-08,2.4273462295532227,2.4948272845373403,2.42512974312433,2.4800503168915022,638712000
2017-03-09,2.426854372024536,2.4492658580200777,2.3987782431947826,2.4113387278737766,478060000
2017-03-10,2.4411377906799316,2.4650270835365276,2.4229131388206158,2.453205744866898,499740000
2017-03-13,2.508373260498047,2.5182244957066215,2.450743428835497,2.451482336065933,774136000
2017-03-14,2.5066497325897217,2.53053880006545,2.4743867731778986,2.5211803246442033,522016000
2017-03-15,2.525613307952881,2.536449598128122,2.470692479972147,2.5182249389639444,615036000
2017-03-16,2.5566442012786865,2.5571369626904445,2.5221649947743616,2.5362030580819708,523100000
2017-03-17,2.612302780151367,2.6135342133957256,2.5566430779169904,2.57412905419188,1119688000
2017-03-20,2.6955461502075195,2.6994868313417046,2.6137808920599173,2.629789292628745,748568000
2017-03-21,2.608363151550293,2.7081071707146784,2.600482257454959,2.6783070848522548,913484000
2017-03-22,2.661560297012329,2.666239651785733,2.593340316584492,2.5972807640589384,616764000
2017-03-23,2.6374242305755615,2.6736276295999932,2.6278193765801605,2.6536787795462105,533940000
2017-03-24,2.6467814445495605,2.691604619258341,2.6209220561820885,2.683723729909729,439500000
2017-03-27,2.6659934520721436,2.66993389981413,2.5509801509733303,2.6002363349281943,506644000
2017-03-28,2.6522011756896973,2.6817548794675865,2.64185741459823,2.6672242908280603,432444000
2017-03-29,2.6435818672180176,2.6719041425886148,2.641365380124389,2.6595900383360065,349992000
2017-03-30,2.694314956665039,2.7090919250544463,2.645058786820256,2.6507231935062188,525532000
2017-03-31,2.682739734649658,2.7063828838261763,2.6696869613410694,2.684710075371682,440808000
2017-04-03,2.6691946983337402,2.70047236307441,2.645551546823593,2.683232760824899,445232000
2017-04-04,2.482020854949951,2.5716672510971565,2.471184567729061,2.5465465215371452,1271280000
2017-04-05,2.4635496139526367,2.521179435225391,2.4504966063467513,2.4633032332962523,747048000
2017-04-06,2.4815292358398438,2.4935969611143944,2.4236530079057514,2.468722603136065,635120000
2017-04-07,2.470938205718994,2.5054176433142326,2.4559150909792837,2.4879316612737292,429068000
2017-04-10,2.4078903198242188,2.4783265386303523,2.403703492444902,2.4716770788560987,756332000
2017-04-11,2.4165098667144775,2.4357198066101287,2.3729181071288,2.377843606273571,618148000
2017-04-12,2.3965606689453125,2.430793716785944,2.39138878990797,2.4165095129978402,414092000
2017-04-13,2.351738214492798,2.3940985475602243,2.351738214492798,2.372425971953983,506892000
2017-04-17,2.443847417831421,2.4440935636431433,2.359372899763019,2.364544780272681,497292000
2017-04-18,2.445324659347534,2.4514818268689726,2.4037032403390812,2.429562639313347,370116000
2017-04-19,2.454930067062378,2.486946402863791,2.448280372245928,2.4628109606718427,380828000
2017-04-20,2.493842363357544,2.4985217171198597,2.448280259342568,2.4694605416081967,404016000
2017-04-21,2.5041861534118652,2.5068951664587122,2.471677057361909,2.4834983973706537,341896000
2017-04-24,2.53546404838562,2.548516823214267,2.5147765253189474,2.535710194209574,371820000
2017-04-25,2.5795485973358154,2.594079188030505,2.528568456980275,2.549994889377937,388440000
2017-04-26,2.5618155002593994,2.5955557887595533,2.559845159856572,2.5930931568458986,327004000
2017-04-27,2.6017141342163086,2.610087556259433,2.5512265166026133,2.569205029511451,319700000
2017-04-28,2.568711996078491,2.601713620877698,2.5630473540491034,2.5948177800126664,348248000
2017-05-01,2.6263411045074463,2.631513219071277,2.572405586401595,2.579547806635532,307732000
2017-05-02,2.5485167503356934,2.6007285527731177,2.525858886965476,2.599497119072654,629972000
2017-05-03,2.5674800872802734,2.577084939601566,2.526843721936496,2.5416204539495495,336904000
2017-05-04,2.557628870010376,2.5847197021151764,2.54974774266605,2.573637035601412,209788000
2017-05-05,2.5578746795654297,2.565016898904185,2.5305374704077335,2.546053342410677,228428000
2017-05-08,2.5310308933258057,2.571174502844636,2.51970184469319,2.5696969233909654,365240000
2017-05-09,2.535217523574829,2.5842275500321854,2.5283216829446,2.536695337922424,847672000
2017-05-10,2.9871435165405273,3.00019652625086,2.8080973259094417,2.814746786240692,2129096000
2017-05-11,3.115455389022827,3.212243996339975,2.9531563037944926,2.956604223684555,1939792000
2017-05-12,3.149688959121704,3.191803146669549,3.097723771589856,3.118657675017786,962620000
2017-05-15,3.3078012466430664,3.3102641139026403,3.186384662235067,3.1908178702766903,1087540000
2017-05-16,3.3693714141845703,3.384887289540112,3.2844046102174786,3.3587812731950906,1120700000
2017-05-17,3.1455023288726807,3.3213469746499116,3.141315501262564,3.302629558184894,1271368000
2017-05-18,3.2772624492645264,3.2861286303624024,3.129001177316484,3.1893400151724665,1156032000
2017-05-19,3.35295033454895,3.407682111391923,3.3337201618292505,3.3783439246924383,1018372000
2017-05-22,3.4244470596313477,3.438746310322494,3.385740074026479,3.39658800845909,836608000
2017-05-23,3.3783438205718994,3.4463889907630767,3.3458004885291315,3.4441701699636695,681248000
2017-05-24,3.416311502456665,3.4779466221783353,3.404230836538623,3.4752345207913518,815996000
2017-05-25,3.4086692333221436,3.45230691602231,3.363798819825326,3.4515672305204474,608228000
2017-05-26,3.4969310760498047,3.5817409892362564,3.3803175041982794,3.400533774236567,779140000
2017-05-30,3.571632146835327,3.6066407097447075,3.526761738739872,3.5427867669285837,989652000
2017-05-31,3.5588126182556152,3.6241457075729717,3.502108174663116,3.616502917362551,887316000
2017-06-01,3.559058427810669,3.5755767363194138,3.5136949745751664,3.574590410731282,503340000
2017-06-02,3.541307210922241,3.582232782038283,3.535390198560589,3.5560995067070698,487456000
2017-06-05,3.649044990539551,3.661865104798394,3.5134479356500865,3.5250353194856614,817376000
2017-06-06,3.6325278282165527,3.690464761877934,3.619214665484136,3.6443616200235085,758728000
2017-06-07,3.6764116287231445,3.6951487581976874,3.6414030661651595,3.656935048962533,612612000
2017-06-08,3.943168878555298,3.944648014346257,3.742238238657703,3.783410457164528,1161744000
2017-06-09,3.6882455348968506,4.154207119752375,3.519365205176831,4.061508036091195,3692928000
2017-06-12,3.6973676681518555,3.740019255725093,3.503587015872353,3.596532744954067,1697532000
2017-06-13,3.73262357711792,3.8157077064624945,3.590862589275197,3.8065855454122897,1672504000
2017-06-14,3.7405126094818115,3.798203139741625,3.6611266760537067,3.735581921532419,1184640000
2017-06-15,3.756537675857544,3.7868619576745894,3.6118181950116477,3.623159176398944,963824000
2017-06-16,3.7380471229553223,3.81398173889471,3.704024647461991,3.766152819972812,924960000
2017-06-19,3.8785743713378906,3.883751698116877,3.7784789167055743,3.7821768729081127,778176000
2017-06-20,3.8729045391082764,3.9875459067081622,3.868713536914892,3.9207334552478024,1095444000
2017-06-21,3.9315807819366455,3.935278973646364,3.8386350600634325,3.900516818004549,682652000
2017-06-22,3.904461622238159,3.9530302217722477,3.8805471651736716,3.9397168249575203,469132000
2017-06-23,3.792532205581665,3.927882873207779,3.7774930335171475,3.9121042508877597,1088588000
2017-06-26,3.7511136531829834,3.8608240977558985,3.656935192015024,3.8253222534593307,1063960000
2017-06-27,3.6137900352478027,3.742237591428163,3.6081196630174825,3.7336087130082625,999492000
2017-06-28,3.7412517070770264,3.7459359892085193,3.5933273299299984,3.6813423648979913,994948000
2017-06-29,3.61625599861145,3.7158581920594695,3.5521554141315024,3.7128999205782436,1064424000
2017-06-30,3.5639898777008057,3.6470740075329218,3.537856595456388,3.633514203543682,731060000
2017-07-03,3.4350485801696777,3.590862163638048,3.4165580902878263,3.5760698657803007,709072000
2017-07-05,3.526762008666992,3.555607155662121,3.4794261356520813,3.498409671825689,820188000
2017-07-06,3.537363290786743,3.584206121454342,3.4456502809061513,3.4976704399444802,746284000
2017-07-07,3.6182286739349365,3.6364727612777545,3.571139437194877,3.5940678077019577,654972000
2017-07-10,3.7893264293670654,3.7967225765282957,3.665563167661744,3.691696440409419,958492000
2017-07-11,3.843073844909668,3.850716635176796,3.7511141917229054,3.7930261005224417,757956000
2017-07-12,4.006529331207275,4.0186097624409305,3.8598379102742273,3.9027359024782537,1145208000
2017-07-13,3.9601800441741943,4.0999683706151675,3.913830497181783,4.018610023184086,1369132000
2017-07-14,4.066684722900391,4.068163623191508,3.9695475422529727,3.976450644406742,941948000
2017-07-17,4.0494279861450195,4.129553845876933,3.987792854117006,4.1007084611352465,930792000
2017-07-18,4.091585159301758,4.106131048495872,3.9766969460015016,3.988530969454095,776640000
2017-07-19,4.070384979248047,4.127089199052657,4.058304543652037,4.100709270812075,687044000
2017-07-20,4.12955379486084,4.129800199957151,4.041045930695615,4.090847033996994,699596000
2017-07-21,4.144345283508301,4.173930347630496,4.094790595002775,4.1090900818483895,648332000
2017-07-24,4.096271514892578,4.161111805195924,4.085670450952288,4.15149683205952,652524000
2017-07-25,4.076548099517822,4.090847591109712,4.0329104093525485,4.073342951874351,496556000
2017-07-26,4.123636722564697,4.189463090731363,4.088874324688348,4.133991379328136,640404000
2017-07-27,3.9875457286834717,4.1601242552817865,3.884491752001227,4.148536634363002,782856000
2017-07-28,4.052878379821777,4.077286114603497,3.9268965200926926,3.9517968298129325,513348000
2017-07-31,4.006529331207275,4.1024335658994335,3.959933382163176,4.066438677257495,559672000
2017-08-01,4.055344104766846,4.057069880558753,3.9693017202164262,3.997160537931892,431384000
2017-08-02,4.052878379821777,4.090352634714849,3.9759581595657423,4.086408273297855,478444000
2017-08-03,4.104405879974365,4.108103836510708,4.035374379784683,4.052385732233657,442420000
2017-08-04,4.122402667999268,4.19291305746018,4.10440522801529,4.127086714185362,589096000
2017-08-07,4.249126434326172,4.24961924455757,4.141880958912096,4.151496401289596,717412000
2017-08-08,4.1985859870910645,4.30361194415308,4.159385939485091,4.287093865505074,755336000
2017-08-09,4.243207931518555,4.245673392527062,4.133743907981555,4.15248103545533,530784000
2017-08-10,4.061507225036621,4.256767198133595,4.051398977240928,4.2444398946369395,1328088000
2017-08-11,3.845045328140259,3.9199936110045717,3.769850640220084,3.8741371128462263,1497196000
2017-08-14,4.151742458343506,4.155440415724051,3.924925157641649,3.936512545331466,1279020000
2017-08-15,4.116733551025391,4.183052728297874,4.082464434131405,4.156919681721959,764532000
2017-08-16,4.071615695953369,4.15519308801055,4.039319236840992,4.131771912736308,596632000
2017-08-17,3.980888605117798,4.080244379291837,3.9786700193838556,4.063233497790067,525444000
2017-08-18,3.981628656387329,4.05213953083044,3.9357721591015804,4.03512817752658,601204000
2017-08-21,3.923691749572754,4.017377160659298,3.8798076680545575,4.006036415141319,623672000
2017-08-22,4.011045455932617,4.01696768104201,3.940966419675305,3.960213533617612,450456000
2017-08-23,4.091240406036377,4.102344515279784,3.9690952043589016,3.9777321521283993,579520000
2017-08-24,4.076187610626221,4.127760317146988,4.049784937707616,4.123318297342257,469700000
2017-08-25,4.042135715484619,4.110487664981904,4.035719777955031,4.100370514663828,357200000
2017-08-28,4.07075834274292,4.073966310674227,4.005614378935982,4.06113490960157,389496000
2017-08-29,4.064096927642822,4.0858119021191595,4.003888209777724,4.012031442869526,324096000
2017-08-30,4.088280200958252,4.099384312024374,4.053487194110327,4.083838180009578,384400000
2017-08-31,4.181059837341309,4.185007671842753,4.1011105408551645,4.108512965871701,612684000
2017-09-01,4.2062273025512695,4.2417606232354865,4.185006053030346,4.19364299662986,445432000
2017-09-05,4.093954563140869,4.1598388803364,4.035966856824408,4.154903616200155,695364000
2017-09-06,4.091485977172852,4.140591043770432,4.056693455625134,4.126772683932748,397672000
2017-09-07,4.110488414764404,4.142813318362402,4.070266898819947,4.108267404294566,352868000
2017-09-08,4.039173126220703,4.113693897659314,4.014990998223004,4.098888580407005,498856000
2017-09-11,4.170204162597656,4.180815031397886,4.079397340482832,4.08482632125953,567444000
2017-09-12,4.185255527496338,4.194878964163865,4.1201115398196215,4.194878964163865,411488000
2017-09-13,4.204008102416992,4.232878405179089,4.127760023660965,4.160084916701567,580960000
2017-09-14,4.1800737380981445,4.258049133364543,4.14059256105081,4.165021321671949,513712000
2017-09-15,4.444350242614746,4.444350242614746,4.260269035104378,4.265450921166393,1364792000
2017-09-18,4.627937316894531,4.718004230469194,4.561559762772193,4.568468943563326,1684460000
2017-09-19,4.6230034828186035,4.684692878764824,4.555638485479901,4.5776000836369635,874280000
2017-09-20,4.5857415199279785,4.67408066041645,4.5455200190515335,4.626703357350354,724920000
2017-09-21,4.460390090942383,4.508261121943649,4.382661321073634,4.482104596185672,1075600000
2017-09-22,4.416959285736084,4.498636336916071,4.407089230185228,4.449038025244702,491232000
2017-09-25,4.2195539474487305,4.387349146744755,4.1988264048503705,4.386115095502864,874580000
2017-09-26,4.243244647979736,4.40906601925494,4.2035168366329,4.354039164718432,1125620000
2017-09-27,4.336270809173584,4.3495959289377035,4.262736969751906,4.333556554946413,713720000
2017-09-28,4.335038185119629,4.347375878203355,4.287660389415802,4.343427571677095,435244000
2017-09-29,4.41128396987915,4.434972384589237,4.373776724939129,4.418933486166986,619092000
2017-10-02,4.416959285736084,4.490493105732965,4.367608066676617,4.46137571234642,503480000
2017-10-03,4.426089763641357,4.455947495502793,4.381919956113937,4.4231284173264385,390332000
2017-10-04,4.463103294372559,4.4853115091058555,4.395738313594542,4.43225860398216,427848000
2017-10-05,4.460635185241699,4.490986628433252,4.430777456600264,4.487532038540155,437364000
2017-10-06,4.4737138748168945,4.487038992476936,4.41695975507425,4.432999126532874,318800000
2017-10-09,4.574637413024902,4.607703111711555,4.49172677967013,4.510480403324936,563492000
2017-10-10,4.661991119384766,4.761187777227535,4.620782646523738,4.723680517653766,974876000
2017-10-11,4.711588382720947,4.71306905596208,4.632626046099398,4.678522680700664,529508000
2017-10-12,4.713809967041016,4.764641871539029,4.686666484024716,4.7150435477905255,528292000
2017-10-13,4.801655292510986,4.81177244288442,4.729108885804572,4.775992483557607,628728000
2017-10-16,4.884072303771973,4.8870336505873215,4.768343039663124,4.831513104326579,576640000
2017-10-17,4.879630088806152,4.908007148435938,4.845084185022525,4.863344095500636,478596000
2017-10-18,4.875434875488281,4.889253236190173,4.770316497105285,4.888513370283382,567316000
2017-10-19,4.880865097045898,4.88579989094498,4.74884982952765,4.797954441055817,570772000
2017-10-20,4.858656406402588,4.925033966777259,4.849772836939612,4.897890955677958,451620000
2017-10-23,4.851747035980225,4.906773863364467,4.831512736458317,4.880370719317214,428696000
2017-10-24,4.902579307556152,4.904306602980218,4.834967693347943,4.860877124708925,407244000
2017-10-25,4.778707504272461,4.915905140703683,4.717265196788244,4.863098840941037,828160000
2017-10-26,4.828797817230225,4.840395168035618,4.782407472703444,4.806342981512302,322744000
2017-10-27,4.981048107147217,4.981294729149223,4.854954607526209,4.880864507969773,572192000
2017-10-30,5.029906272888184,5.085426347121226,4.965255536418178,4.981048287519275,504056000
2017-10-31,5.103193759918213,5.1298435312197075,5.056063063057213,5.06173866470539,411908000
2017-11-01,5.112815856933594,5.181167798233534,5.04865884259544,5.165868763585285,502576000
2017-11-02,5.081724643707275,5.12786837054264,5.025217145580886,5.083205316935321,342308000
2017-11-03,5.1495842933654785,5.1495842933654785,5.066920722203565,5.1128173690697905,353640000
2017-11-06,5.172776699066162,5.181413172892945,5.100476940844082,5.11281462612448,389944000
2017-11-07,5.231998920440674,5.253467266688198,5.1833880405829715,5.195479105060958,427700000
2017-11-08,5.161181449890137,5.231260698010852,5.113804135530136,5.227559014398786,522988000
2017-11-09,5.066426753997803,5.091349229257817,4.944282010084721,5.065193173130685,978564000
2017-11-10,5.3334174156188965,5.395847135690715,5.222129715141216,5.2579096705055335,1253256000
2017-11-13,5.246806621551514,5.358834210595927,5.231507583591469,5.333418491993811,582376000
2017-11-14,5.285052299499512,5.300351333272847,5.212258813418393,5.255934905067065,529292000
2017-11-15,5.1814141273498535,5.231259533456734,5.127621357791847,5.230025482309857,501948000
2017-11-16,5.221637725830078,5.285548140239524,5.2127546248766725,5.255443775172094,441768000
2017-11-17,5.21546745300293,5.313923756026012,5.200415509912734,5.278637513278716,515664000
2017-11-20,5.282584190368652,5.294675253775212,5.194244593749043,5.231011498469054,396100000
2017-11-21,5.331195831298828,5.342793652522641,5.290481087341017,5.322312734237784,399176000
2017-11-22,5.307244300842285,5.358358777921161,5.274649684699717,5.358358777921161,356640000
2017-11-24,5.357370853424072,5.358358968719019,5.299095600004465,5.323541798471674,180752000
2017-11-27,5.2877373695373535,5.367248629963366,5.284527172043773,5.366014192224124,422896000
2017-11-28,5.203041076660156,5.302306646429887,5.142049673860766,5.292923317462311,512752000
2017-11-29,4.850179672241211,5.188472152809102,4.722023267140362,5.185756012818744,1396788000
2017-11-30,4.956109523773193,5.004754639280631,4.855856831834257,4.918823491344697,823768000
2017-12-01,4.88129186630249,4.941789672100705,4.752641893589117,4.921541315397551,811548000
2017-12-04,4.6091766357421875,4.945987858540212,4.555840071657967,4.9398142569824,1240844000
2017-12-05,4.635843753814697,4.75832057416969,4.459042738640283,4.50398360778422,981488000
2017-12-06,4.673377513885498,4.695107099743963,4.564234585032365,4.585470584268819,467032000
2017-12-07,4.740789413452148,4.780545277506629,4.6946136256563715,4.740048562447449,542600000
2017-12-08,4.728444576263428,4.8096843532029725,4.7200488903219915,4.790670427636848,466876000
2017-12-11,4.806718349456787,4.809681752765574,4.72671352481275,4.742516772527789,372748000
2017-12-12,4.712392807006836,4.786471787416403,4.688934722249296,4.763260496009455,455016000
2017-12-13,4.597324371337891,4.75461793784421,4.589916331395567,4.753383500010347,554280000
2017-12-14,4.604484558105469,4.675353337787176,4.558308770760704,4.590903388771166,438164000
2017-12-15,4.730171203613281,4.7504195592405765,4.583495434913486,4.648437872128234,670036000
2017-12-18,4.88672399520874,4.889686927750271,4.741035881542919,4.770667090876548,477704000
2017-12-19,4.84252405166626,4.882526706872198,4.814127276599072,4.877341221102876,373100000
2017-12-20,4.859562397003174,4.890922106148219,4.804003282361591,4.881786042859807,288820000
2017-12-21,4.83709192276001,4.887959137740349,4.828696239545288,4.863019352411665,300904000
2017-12-22,4.821782112121582,4.831165439374797,4.722516560487966,4.800299318064418,466276000
2017-12-26,4.875365257263184,4.88302008893235,4.7365911139468935,4.766469589690461,355080000
2017-12-27,4.868697643280029,4.9378379155627075,4.847462116296688,4.862030927425496,329488000
2017-12-28,4.874378204345703,4.923270133044771,4.868205073793837,4.892404009305769,240248000
2017-12-29,4.778076171875,4.900553025610104,4.778076171875,4.900553025610104,279964000
2018-01-02,4.922529697418213,4.92623395284566,4.802769447470879,4.834375953920352,355616000
2018-01-03,5.246500492095947,5.276873030919499,5.031178464326242,5.0398209418013105,914704000
2018-01-04,5.274155616760254,5.384286195923432,5.2519319720719775,5.327739439924537,583268000
2018-01-05,5.318849563598633,5.356135603489793,5.212175987069669,5.288971090438664,580124000
2018-01-08,5.481823444366455,5.555901948622903,5.397373497373646,5.442314845965731,881216000
2018-01-09,5.48034143447876,5.526764011442247,5.398854895983358,5.487255415261424,497000000
2018-01-10,5.5233073234558105,5.526764314036415,5.333665957208936,5.387990162186952,582664000
2018-01-11,5.533186435699463,5.587263864224587,5.511703163551604,5.555903674897513,406032000
2018-01-12,5.506021499633789,5.555654268535847,5.465525263383712,5.521331161491889,359916000
2018-01-16,5.435153484344482,5.617880865788269,5.350704010135814,5.532443747287633,702348000
2018-01-17,5.54898738861084,5.558864301690892,5.355889051648854,5.449721845317526,538408000
2018-01-18,5.542075157165527,5.596399373698795,5.498615501351067,5.529728423194506,408632000
2018-01-19,5.6820831298828125,5.706282066340805,5.605288478534328,5.632203554862957,609380000
2018-01-22,5.770481586456299,5.7722100812956505,5.632448321597249,5.689982708812611,550944000
2018-01-23,5.899381160736084,5.922098396043224,5.805301079848276,5.8238204730048055,475228000
2018-01-24,5.822584629058838,5.938394272835507,5.767025521047098,5.902589462007986,579972000
2018-01-25,5.836166858673096,5.920122754728152,5.8213512508338745,5.8769098979758745,409884000
2018-01-26,6.008522987365723,6.008769780706532,5.867032691438194,5.879873009855168,516356000
2018-01-29,6.0954413414001465,6.12655472618599,5.94135800327913,5.9939537105676886,455116000
2018-01-30,5.993459224700928,6.084823142037893,5.887032909160199,5.9537038376780185,570832000
2018-01-31,6.069512844085693,6.155197209600025,6.036177383316934,6.068771993271338,478576000
2018-02-01,5.9386420249938965,6.096676898963478,5.8783914795009435,5.889750096245417,519224000
2018-02-02,5.7662858963012695,5.876169698170291,5.708257900909422,5.852217554755974,718464000
2018-02-05,5.276872634887695,5.759124725722033,5.0620442099654275,5.605288167231631,1165204000
2018-02-06,5.570223808288574,5.57318674114251,5.037350860903087,5.047228245708797,1114800000
2018-02-07,5.6497344970703125,5.802089811251349,5.597879640627276,5.668995208734599,802932000
2018-02-08,5.371198654174805,5.808262532366242,5.370951389890368,5.775174332292253,1144000000
2018-02-09,5.730727672576904,5.898886243549443,5.371199240991339,5.883082992680038,1674604000
2018-02-12,5.6307220458984375,5.814684364116072,5.556643531879623,5.811720959806684,1093172000
2018-02-13,5.744308948516846,5.790484735326262,5.562075147582211,5.594422971878374,625524000
2018-02-14,5.961359024047852,5.99024985565589,5.692947269878567,5.704059091960149,744988000
2018-02-15,6.086799144744873,6.13297493093032,5.963828714785373,6.044574406786816,698900000
2018-02-16,6.021116733551025,6.1732248004750225,6.011980198829314,6.059637690216526,637656000
2018-02-20,6.150506019592285,6.219399025249999,6.039881399320368,6.04358565353499,686240000
2018-02-21,5.963581085205078,6.22186913163197,5.959877301517261,6.2149551508922505,892292000
2018-02-22,5.983101844787598,6.069086435851359,5.917625143276872,5.997432767055689,534364000
2018-02-23,6.0764970779418945,6.0764970779418945,5.992242084319867,6.042893953409047,415300000
2018-02-26,6.092558860778809,6.127150250558239,6.030293887903493,6.122702853482647,469312000
2018-02-27,6.0797119140625,6.150130385346816,6.0567331409142895,6.065874883803376,455436000
2018-02-28,5.979395866394043,6.130115850206077,5.967782771820318,6.0905826933433405,523116000
2018-03-01,5.737502098083496,6.031035999276228,5.636445271654892,5.9771719199946896,1040120000
2018-03-02,5.844488143920898,5.850912528953584,5.481524056473077,5.63002056840413,913428000
2018-03-05,5.8224968910217285,5.86203003734076,5.671035164841826,5.794329418233156,620776000
2018-03-06,5.983346939086914,6.002619617725125,5.864747507353571,5.907739789575102,636808000
2018-03-07,5.975441932678223,6.027576438597915,5.879326875382771,5.8805620802642675,581208000
2018-03-08,5.959134578704834,6.002868183974079,5.914906608712613,6.002868183974079,411912000
2018-03-09,6.061672210693359,6.074520034382291,5.990512459467834,6.006572474715116,505524000
2018-03-12,6.1711320877075195,6.251186665600618,6.094783596272523,6.102937552007274,605060000
2018-03-13,6.120480060577393,6.288249274835766,6.079217331854258,6.213877301669717,619772000
2018-03-14,6.14592981338501,6.190651682452513,6.083664827894919,6.163472458535161,505496000
2018-03-15,6.160754203796387,6.241797033879044,6.118750165774702,6.159518998827692,401952000
2018-03-16,6.18892240524292,6.207947674375661,6.139505717833434,6.177062362562847,399456000
2018-03-19,5.954686641693115,6.161000243993237,5.855853764205862,6.1320919277643275,713772000
2018-03-20,6.166683673858643,6.205475515716861,5.957651760642879,5.957651760642879,554696000
2018-03-21,6.141481399536133,6.226477725635134,6.111089987723472,6.160259246634437,438688000
2018-03-22,5.9756879806518555,6.124678832896503,5.938378766555672,6.078227407471712,551196000
2018-03-23,5.756279468536377,5.991748800671801,5.745160740570835,5.989277919871422,735620000
2018-03-26,6.040671348571777,6.041906553384697,5.828674668740064,5.880561753784872,611424000
2018-03-27,5.57220458984375,6.177062542715958,5.432108950871604,6.12146888557702,1409000000
2018-03-28,5.469169616699219,5.667823629263365,5.361688892153834,5.537858501727341,945904000
2018-03-29,5.722184181213379,5.81879316004205,5.45311114338713,5.537366184719388,916628000
2018-04-02,5.461757659912109,5.79778995599427,5.374043499802319,5.6517643203001615,922092000
2018-04-03,5.568003177642822,5.691544407182308,5.469170288265712,5.6285385874770215,667432000
2018-04-04,5.589993000030518,5.600370416788938,5.287563877461739,5.312519161276846,789168000
2018-04-05,5.469911575317383,5.661400385994269,5.398504854297527,5.648305140137454,701240000
2018-04-06,5.293741703033447,5.475347468322936,5.264585964188444,5.367372361645052,662988000
2018-04-09,5.322403907775879,5.484490052108278,5.302389909766068,5.35674835816118,499524000
2018-04-10,5.631253719329834,5.65818550973678,5.495358149134431,5.552434392296377,761676000
2018-04-11,5.589993000030518,5.657693626934737,5.557378126997672,5.616430906603208,460244000
2018-04-12,5.796555519104004,5.814345584426278,5.638669808640983,5.682897789524314,593920000
2018-04-13,5.719956398010254,5.868452851218693,5.671775414407687,5.860051953162242,503036000
2018-04-16,5.719709873199463,5.753066049985541,5.625571361243571,5.726628149456822,350792000
2018-04-17,5.869195938110352,5.890445136307954,5.716252042972717,5.771845683669566,447224000
2018-04-18,5.840286731719971,5.9114464924525745,5.7513373842584405,5.818790588362269,391364000
2018-04-19,5.659175395965576,5.75949088912319,5.603829176994369,5.726134706965807,471996000
2018-04-20,5.651022911071777,5.7347835656376525,5.619890657406888,5.650528546341313,386200000
2018-04-23,5.53168249130249,5.7199591196415245,5.505738944906398,5.668813338356715,427508000
2018-04-24,5.465463638305664,5.653245873112171,5.400233890919394,5.557378239507013,414596000
2018-04-25,5.353286266326904,5.4748509253563435,5.196141971465925,5.435811680445777,588492000
2018-04-26,5.564790725708008,5.572944680228743,5.4489090917317045,5.514880154243845,375824000
2018-04-27,5.592216968536377,5.6903090144787685,5.549965986303618,5.670542437255602,400848000
2018-04-30,5.556883811950684,5.658187570873458,5.537611601019302,5.608523949501842,327844000
2018-05-01,5.612231731414795,5.614949559572972,5.490172640875551,5.548731540381475,253788000
2018-05-02,5.591721534729004,5.653244712515726,5.565530579705165,5.608770279469308,268248000
2018-05-03,5.756773948669434,5.782964910804997,5.578380389642029,5.623596617480026,443144000
2018-05-04,5.906754016876221,5.909966209879463,5.710817784037634,5.728113482866709,400660000
2018-05-07,6.14444637298584,6.201522641365676,6.001385517587172,6.011269041796054,687616000
2018-05-08,6.186944961547852,6.189662789406388,6.095771191650875,6.144693506921677,506616000
2018-05-09,6.319874286651611,6.322098220839707,6.179778685882466,6.206957904466042,596760000
2018-05-10,6.42735481262207,6.43649655258147,6.3549593766316015,6.372749434458562,994080000
2018-05-11,6.288989543914795,6.4189551572692665,6.190404073614181,6.245750302554876,1214456000
2018-05-14,6.309496879577637,6.3868340850540735,6.285777271229011,6.327039992585079,523140000
2018-05-15,6.067355155944824,6.248713918156014,5.967039670889069,6.245995619746246,963528000
2018-05-16,6.078474521636963,6.140492072807018,5.991995581112506,6.028810902853696,553828000
2018-05-17,6.120480060577393,6.214124248422092,6.064145097055691,6.080205590136185,519784000
2018-05-18,6.076745510101318,6.2356194326908225,6.0718037481840215,6.172366670984366,483716000
2018-05-21,6.0347418785095215,6.177802738024202,5.9420859571111215,6.17409665197543,640624000
2018-05-22,5.996690273284912,6.073285689316128,5.936154874773719,6.048083460402511,518264000
2018-05-23,6.120061874389648,6.121298314830051,5.939827337789846,5.940569107741316,442956000
2018-05-24,6.123770713806152,6.16604830327713,6.063198331452358,6.116353956860567,437372000
2018-05-25,6.163079738616943,6.17939726015594,6.100776731775564,6.136378382604383,292112000
2018-05-29,6.146020412445068,6.21401047810902,6.0992931575786455,6.1450315432003935,352684000
2018-05-30,6.2548041343688965,6.2634573298368625,6.154921265787929,6.179644883509454,390996000
2018-05-31,6.235024452209473,6.309442394267159,6.2122790477876615,6.222909980268595,493868000
2018-06-01,6.369274616241455,6.375455875053813,6.2711223754936745,6.279775571954369,421968000
2018-06-04,6.548025608062744,6.570029246817029,6.371252370342508,6.40339274467173,642024000
2018-06-05,6.553463459014893,6.59104331516077,6.506488638832546,6.551238149810049,391712000
2018-06-06,6.555442810058594,6.558656989179558,6.447153833389016,6.463471356881197,371356000
2018-06-07,6.499814033508301,6.563600575670102,6.409572764990452,6.551733202346104,369448000
2018-06-08,6.484485149383545,6.527009352109651,6.408336566259085,6.427126494753319,360456000
2018-06-11,6.443443775177002,6.513411098293093,6.430587533609372,6.471875766257849,265372000
2018-06-12,6.4919023513793945,6.5040168245084224,6.419709711431199,6.469898714529508,319160000
2018-06-13,6.487452507019043,6.568298345834007,6.478304641110039,6.493386194154102,338208000
2018-06-14,6.598956108093262,6.655573003442621,6.51761559322839,6.53245004787599,430016000
2018-06-15,6.558160781860352,6.613047027250425,6.510938861735974,6.541843262192052,432260000
2018-06-18,6.553959369659424,6.571512860974775,6.4869586402088615,6.514154196775797,356268000
2018-06-19,6.4323201179504395,6.5181107874782995,6.30499410382464,6.450862480404295,594932000
2018-06-20,6.485227584838867,6.538135626390589,6.435038580049156,6.473360210722888,369780000
2018-06-21,6.356664657592773,6.535415610588816,6.349000332053163,6.5171203519928484,359516000
2018-06-22,6.2043681144714355,6.390783883407651,6.189039933407088,6.377432969323854,434160000
2018-06-25,5.911889553070068,6.101766141284527,5.823379381222565,6.098057763376705,665816000
2018-06-26,5.982845306396484,6.073333681598857,5.931420332231238,6.025122886209886,478884000
2018-06-27,5.8278303146362305,6.092619095978848,5.822390825199162,6.026360125773991,453892000
2018-06-28,5.954906940460205,5.9667743126645325,5.810274108010983,5.817938432911124,338012000
2018-06-29,5.857004642486572,6.032541486731856,5.855768201857278,6.019932810322215,392300000
2018-07-02,5.989026069641113,5.9927344469603625,5.767008669583508,5.787529237669018,357572000
2018-07-03,5.855519771575928,6.029573507698457,5.8471136748373285,6.023639820092612,222732000
2018-07-05,6.001141548156738,6.006085894889845,5.871837331918492,5.910653165265387,306216000
2018-07-06,6.114868640899658,6.123274736456235,5.9554018109891125,5.976664149289937,296352000
2018-07-09,6.162339687347412,6.198683589704287,6.083719137041263,6.189041522370387,303880000
2018-07-10,6.261233806610107,6.283237449035854,6.134401984171053,6.174701362196853,360016000
2018-07-11,6.119813442230225,6.203131684655478,6.1091820373261445,6.1685189048834905,367508000
2018-07-12,6.211291313171387,6.259255014559469,6.155169085771474,6.165058722643337,345508000
2018-07-13,6.164070129394531,6.229834902190798,6.122040110718641,6.229834902190798,246988000
2018-07-16,6.136379241943359,6.189287762534545,6.12401766723813,6.136379241943359,197036000
2018-07-17,6.272111892700195,6.287193448983059,6.061714704120097,6.08718009722832,362136000
2018-07-18,6.2229108810424805,6.278538903205476,6.171980577328074,6.264693790411804,277640000
2018-07-19,6.231069564819336,6.2646939499617895,6.189040026518868,6.20412110838301,235752000
2018-07-20,6.202885150909424,6.267413469753372,6.192006645604569,6.228597638674499,222352000
2018-07-23,6.166293144226074,6.178160516869015,6.014737750983517,6.176429878007075,301584000
2018-07-24,6.148987293243408,6.30078979914946,6.131433332134808,6.214257376922752,354620000
2018-07-25,6.227114677429199,6.239723823051808,6.1005299654223775,6.158383304050002,319112000
2018-07-26,6.300543785095215,6.33738188386494,6.190277059823228,6.207089255285769,325124000
2018-07-27,6.230821132659912,6.344054894173581,6.176923759751728,6.337132339081126,295420000
2018-07-30,6.035754680633545,6.250849573296613,6.00089432266595,6.244915885311409,340340000
2018-07-31,6.053802490234375,6.128467548823555,5.986554659084164,6.0253704923974,283988000
2018-08-01,6.093607425689697,6.140335158681855,6.029820870594712,6.085201800147668,283556000
2018-08-02,6.196210861206055,6.200166339106687,5.963562458766129,6.02240420083108,269668000
2018-08-03,6.23280143737793,6.256536191219191,6.203875236643271,6.220686960977588,214288000
2018-08-06,6.280516624450684,6.283977902639579,6.173711199442598,6.22019135556885,207508000
2018-08-07,6.352710723876953,6.371253559318994,6.302522178632652,6.329223541005743,258132000
2018-08-08,6.3890533447265625,6.434050437367317,6.319086003927508,6.353946360384343,262100000
2018-08-09,6.340594291687012,6.4095727505774835,6.332929966080987,6.406853242439297,204280000
2018-08-10,6.299306869506836,6.331694815070367,6.247634793517938,6.2587603984752835,256396000
2018-08-13,6.332187652587891,6.45283864199914,6.306228070456396,6.307958709265162,375208000
2018-08-14,6.46347188949585,6.477564575960837,6.354441133924282,6.437512298065447,466220000
2018-08-15,6.405372142791748,6.518111280632941,6.326751124209985,6.484239789289818,591136000
2018-08-16,6.364822864532471,6.4775624326941035,6.304744703349716,6.4750900241049045,801260000
2018-08-17,6.052814483642578,6.254311377932448,6.025865550201098,6.253569607926439,1143188000
2018-08-20,6.12747859954834,6.259996521428613,5.901999886921479,6.012267069902748,854388000
2018-08-21,6.26296329498291,6.267413442545277,6.124017021882193,6.143795822264557,673988000
2018-08-22,6.497836589813232,6.502781407875291,6.226867067592977,6.230328345923656,749856000
2018-08-23,6.597225189208984,6.662495277887314,6.445422671676492,6.45926778484295,720684000
2018-08-24,6.73023796081543,6.744824844240702,6.601181319621181,6.605631467323773,531512000
2018-08-27,6.8212199211120605,6.895390300265316,6.728506711388606,6.759905313460884,505776000
2018-08-28,6.783641815185547,6.838033880754932,6.663732548704555,6.815287996419905,475384000
2018-08-29,6.889021396636963,6.914005776022429,6.755193863373623,6.775972895121321,420108000
2018-08-30,6.872198581695557,6.968920613673174,6.835340342716159,6.857850955777092,346608000
2018-08-31,6.943194389343262,6.956057664812607,6.8422670058694015,6.852162050917383,306592000
2018-09-04,7.0179009437561035,7.055500891753382,6.901636512569428,6.9300840620367445,391720000
2018-09-05,6.887288570404053,7.03571095061915,6.80639850765602,7.000337059306588,393156000
2018-09-06,6.746288776397705,6.873437210718369,6.713388640118075,6.870963448858135,322796000
2018-09-07,6.725013732910156,6.850430552376574,6.6094914867958945,6.654265481017739,295420000
2018-09-10,6.796008110046387,6.825692770961656,6.703739134381931,6.747523714343405,220140000
2018-09-11,6.748265266418457,6.8373182972939155,6.728970120650657,6.749749145460876,243112000
2018-09-12,6.634475231170654,6.727981323150419,6.479126528204106,6.708438941066819,419092000
2018-09-13,6.712152004241943,6.802689423705037,6.682962274801986,6.700278136025379,305536000
2018-09-14,6.838061332702637,6.904109292599834,6.765581971288428,6.802440210236953,386936000
2018-09-17,6.776219367980957,6.8615624842390135,6.7569246897619335,6.812583141273332,205528000
2018-09-18,6.704234600067139,6.882836117583296,6.697555963212411,6.780177613294013,299520000
2018-09-19,6.727982044219971,6.745792842653954,6.635713058791179,6.685681810783271,224860000
2018-09-20,6.586981773376465,6.648329457651943,6.533054902174709,6.606029218937643,430584000
2018-09-21,6.5169758796691895,6.6443720124459675,6.483828510832966,6.598855835085795,435128000
2018-09-24,6.572632789611816,6.576095960818055,6.398978816525128,6.486053037634149,293912000
2018-09-25,6.639669418334961,6.664653789510304,6.553089676015421,6.638680008360933,280388000
2018-09-26,6.60281229019165,6.684939465478431,6.586980784311211,6.644618053395329,268548000
2018-09-27,6.614687442779541,6.65921421048837,6.583271659484446,6.6379402369663145,214428000
2018-09-28,6.951605796813965,6.973869180146489,6.718582919331581,6.746536001719056,709396000
2018-10-01,7.157912254333496,7.224701923867471,6.990689666354365,7.029279494349549,622060000
2018-10-02,7.086669445037842,7.242017693488077,7.064406064856786,7.130454029817686,383964000
2018-10-03,7.09285306930542,7.164343020632747,6.988957460357177,7.156921737200125,320552000
2018-10-04,6.908811092376709,7.080980753648199,6.831878660972938,7.056738549681871,391220000
2018-10-05,6.675539016723633,6.946162256589947,6.618148985182396,6.884072409171846,426636000
2018-10-08,6.574364185333252,6.707696744744218,6.433610342771107,6.592422216361614,408612000
2018-10-09,6.5686750411987305,6.648327977631686,6.50089549740489,6.553832474711893,273500000
2018-10-10,6.077646255493164,6.508565836912431,6.075419728350444,6.462801951834877,684940000
2018-10-11,5.816422462463379,6.123903989627401,5.794901256217261,5.990570932922012,725436000
2018-10-12,6.098671913146973,6.1728833434684125,5.928233848839464,6.073193065888216,608236000
2018-10-15,5.822605609893799,6.0853130926397165,5.8216161998223575,6.0853130926397165,449760000
2018-10-16,6.0811076164245605,6.092239305179087,5.885932447295425,5.9351590180081795,408712000
2018-10-17,6.012585639953613,6.181292549564624,5.963606305902995,6.143197197421929,329668000
2018-10-18,5.925264358520508,6.120192305746902,5.864906095134859,6.081850186742388,524020000
2018-10-19,5.66898775100708,5.99996920372213,5.632624458561426,5.980427295761651,613608000
2018-10-22,5.719700336456299,5.821122198384283,5.617041829694844,5.721184687713873,368844000
2018-10-23,5.468372344970703,5.545799241394186,5.360765840725064,5.45278760002083,626436000
2018-10-24,4.93281364440918,5.476533827594657,4.918960960993198,5.43002825560625,884288000
2018-10-25,5.141347408294678,5.188595159343033,4.791070768860585,4.835350289730436,951720000
2018-10-26,4.905109405517578,5.067136769292304,4.777218817229926,4.905603874712344,664784000
2018-10-29,4.5916900634765625,5.049572695252985,4.353966966959288,5.046109524275561,758016000
2018-10-30,5.021621227264404,5.031516274262997,4.591691532162264,4.614697091794364,807192000
2018-10-31,5.215311527252197,5.2588488760364624,5.0466045956017425,5.186121805010123,745772000
2018-11-01,5.395397186279297,5.404797289971184,5.125268412199563,5.251674635167855,566528000
2018-11-02,5.316486358642578,5.491624699134181,5.1999746995702925,5.385997495650858,452960000
2018-11-05,5.2385640144348145,5.326628117056621,5.078020551371365,5.303374856979507,379332000
2018-11-06,5.221002578735352,5.3147559369879875,5.183896622134259,5.230649919850028,299012000
2018-11-07,5.288533687591553,5.378081685092735,5.2239700683132675,5.287544277338434,483812000
2018-11-08,5.095584392547607,5.2301536072223564,5.042151998909643,5.229411431666337,511352000
2018-11-09,5.087669372558594,5.177959556225846,4.973136983488978,5.006779295123947,413240000
2018-11-12,4.68865966796875,5.018404526043291,4.666890758660313,4.996388382167304,617116000
2018-11-13,4.930341720581055,5.051553217455858,4.780187729744398,4.78637237013519,644712000
2018-11-14,4.877899169921875,5.117601165900112,4.77004589296523,5.103253536316122,526580000
2018-11-15,5.006529808044434,5.078514687955519,4.836091327532918,4.871960150225753,840708000
2018-11-16,4.067513465881348,4.221625092561433,3.9977546126045596,4.04005532435077,1963520000
2018-11-19,3.579450845718384,4.002948837344284,3.5777192599394287,4.002207133571936,1697820000
2018-11-20,3.6877989768981934,3.8159367939608377,3.297695827476737,3.316248565605062,1692032000
2018-11-21,3.579698085784912,3.8416634234545715,3.5524874183724475,3.824842270731728,1025496000
2018-11-23,3.58687162399292,3.7004145730867912,3.532202822863743,3.5450660979424735,411968000
2018-11-26,3.7860054969787598,3.7963950124615544,3.625462004393743,3.7078364244259916,814832000
2018-11-27,3.802826404571533,3.8839639385634186,3.7241626319850347,3.760031228719655,738060000
2018-11-28,3.9596593379974365,3.9648540955246956,3.7879841613545278,3.9203273328214707,804524000
2018-11-29,3.8965165615081787,3.999030296001051,3.86630723207846,3.9618876933348006,549172000
2018-11-30,4.046820640563965,4.05746803205743,3.855906969630096,3.9061734352238338,729564000
2018-12-03,4.2104973793029785,4.325392331824314,4.143640390405806,4.273887730507437,890804000
2018-12-04,3.890326738357544,4.170877805423308,3.8752218354305326,4.165925331778989,812112000
2018-12-06,3.9195451736450195,3.924497410513186,3.7343268862961385,3.7499267512291925,692308000
2018-12-07,3.6550893783569336,3.933907358665661,3.6058135415596,3.9237549295416496,681676000
2018-12-10,3.760326623916626,3.78508851645278,3.6065557860673674,3.610270140791863,629472000
2018-12-11,3.6694507598876953,3.8601164740954412,3.590460566960948,3.8519450829701536,671912000
2018-12-12,3.6870322227478027,3.7831078945760064,3.5860040774109314,3.675146475244547,654136000
2018-12-13,3.686783790588379,3.797964343397347,3.6508793091919505,3.733831335221216,471384000
2018-12-14,3.6263649463653564,3.728878666828587,3.602841175284422,3.645183727083228,471820000
2018-12-17,3.5552988052368164,3.6684601640487577,3.4973561485793327,3.5964034794123507,662868000
2018-12-18,3.638498067855835,3.7224404871048242,3.5718888288257578,3.5991267171907424,564372000
2018-12-19,3.4297564029693604,3.658307868542155,3.3782518207392216,3.6048222500158973,745364000
2018-12-20,3.3453190326690674,3.511223101443563,3.2856430548572284,3.4213377937059306,749588000
2018-12-21,3.2083871364593506,3.4047483120803386,3.1809015167902404,3.3718150176556896,863740000
2018-12-24,3.1467292308807373,3.2185384332547193,3.0828437015886583,3.132119766766623,463840000
2018-12-26,3.295795440673828,3.2967858408120705,3.081853425117454,3.19278626959552,695100000
2018-12-27,3.248004913330078,3.277966760350411,3.0996817507019645,3.2435478766439565,637044000
2018-12-28,3.3094136714935303,3.4020229159567084,3.226709371211834,3.268556721332383,628728000
2018-12-31,3.3057007789611816,3.385185954618849,3.274996007369128,3.352748100528841,465140000
2019-01-02,3.3730521202087402,3.429013743136944,3.2202719163607765,3.234881381222815,508752000
2019-01-03,3.169262409210205,3.34680449917898,3.161833936081145,3.3128808158221736,705552000
2019-01-04,3.3723104000091553,3.4104434142461684,3.2116062406912356,3.242310779396581,585620000
2019-01-07,3.550841808319092,3.5877369282498313,3.3782519546193495,3.4295090569356015,709160000
2019-01-08,3.462442636489868,3.6345373165933417,3.3898905036888123,3.632308561774112,786016000
2019-01-09,3.5305378437042236,3.5778328820402443,3.463185664388815,3.513699621765161,617260000
2019-01-10,3.596155881881714,3.6048224734389516,3.450804153386844,3.5112230484738736,523156000
2019-01-11,3.6852989196777344,3.7080797783897244,3.5461375306410936,3.57387062673555,874764000
2019-01-14,3.7251648902893066,3.750421983358888,3.609527289244213,3.6330510639730837,730168000
2019-01-15,3.7110512256622314,3.797222187221913,3.692727404157881,3.757850825452581,617012000
2019-01-16,3.685546398162842,3.77122215927641,3.6800989606620003,3.7382891076955467,470104000
2019-01-17,3.75685977935791,3.7967263343986897,3.6253746048394815,3.6526127323510096,493436000
2019-01-18,3.8858683109283447,3.9118683175463644,3.7551260682234333,3.8066306453246095,651336000
2019-01-22,3.6838126182556152,3.867297583177716,3.653603289208936,3.8556595552286868,661552000
2019-01-23,3.6966888904571533,3.827678875022303,3.6654891602247064,3.739031685104363,591020000
2019-01-24,3.90840220451355,3.9259828691008893,3.7764218261033498,3.7811265808391865,708972000
2019-01-25,3.9656014442443848,3.983677543834256,3.7464597309960763,3.8489734559844364,1154572000
2019-01-28,3.4173758029937744,3.507261112893083,3.2437957746546737,3.3812235989990995,2511528000
2019-01-29,3.258652687072754,3.419604521098029,3.2440432219899566,3.371318852816988,1153932000
2019-01-30,3.4020235538482666,3.4163853005399343,3.2551859876519855,3.334671384895989,974228000
2019-01-31,3.559508800506592,3.595165806236764,3.377014216677439,3.3988046746644693,842852000
2019-02-01,3.5837745666503906,3.6347839467533984,3.530536904544244,3.5780794122343567,625048000
2019-02-04,3.6939656734466553,3.731108281950679,3.577585138042063,3.599623079457199,528592000
2019-02-05,3.7130320072174072,3.7496794138921903,3.6721750452817186,3.7058510150750936,542424000
2019-02-06,3.788555383682251,3.8529361192776266,3.7407651501565415,3.7462125873744347,702464000
2019-02-07,3.6503846645355225,3.7444795380569804,3.6075469011987353,3.7422510193852423,637120000
2019-02-08,3.6689560413360596,3.679603434088364,3.5689182983735197,3.583280046178188,461604000
2019-02-11,3.6263649463653564,3.6791074065956684,3.5780792861311346,3.624879110219784,495180000
2019-02-12,3.74324107170105,3.758841173246999,3.6503843252168604,3.664746308472057,591060000
2019-02-13,3.78558349609375,3.8586308150604207,3.7590882867916373,3.7727073505082047,605372000
2019-02-14,3.8264408111572266,3.8546693413233784,3.74150773868974,3.7845934521398967,827264000
2019-02-15,3.8960208892822266,4.05771514479702,3.873240035917187,4.03493452757886,1516748000
2019-02-19,3.878687858581543,3.9591638895349415,3.8663071487243155,3.8853736497137206,551892000
2019-02-20,3.9259836673736572,3.993088129381964,3.896764969055961,3.9079075629097284,540988000
2019-02-21,3.857145309448242,3.9631256834479633,3.8425358444025264,3.938611744491741,448548000
2019-02-22,3.94183087348938,3.960649894447038,3.8952787573494283,3.908897822960406,401740000
2019-02-25,3.9294495582580566,4.092629657787869,3.9207827311990897,4.0252777306158025,656020000
2019-02-26,3.8900787830352783,3.9807070143369634,3.856650296415104,3.924745387991044,488464000
2019-02-27,3.848231554031372,3.9022121456582624,3.7912792893798266,3.875717168040082,500256000
2019-02-28,3.8236920833587646,3.8643434168737505,3.801383692823704,3.8420347899483738,324944000
2019-03-01,3.8779757022857666,3.9201139220134413,3.815263728497613,3.8735138360064068,357188000
2019-03-04,3.886155366897583,3.939200158721884,3.8296401297034093,3.9163958269743024,409992000
2019-03-05,3.879711389541626,3.917883695502126,3.8162557224446934,3.870539918606182,362924000
2019-03-06,3.768911361694336,3.8792148417462267,3.7661848363739043,3.87078729239659,403524000
2019-03-07,3.699754476547241,3.7550303184168716,3.6536501036869375,3.7453631390484396,450104000
2019-03-08,3.733961820602417,3.7446204227699456,3.589203729921153,3.610520934256211,422416000
2019-03-11,3.9942286014556885,4.017032700084646,3.710413689817647,3.757509727569514,859728000
2019-03-12,4.028435707092285,4.074787593786374,3.9458936443828994,4.021990761412275,579576000
2019-03-13,4.179637908935547,4.208886955020743,4.058427830892932,4.065864197328034,768900000
2019-03-14,4.103787422180176,4.200705999980171,4.096103321217804,4.188808006697759,519384000
2019-03-15,4.209136009216309,4.251769956100465,4.1434492744807985,4.146919484957192,661484000
2019-03-18,4.18781852722168,4.294404096676258,4.160800056456478,4.240615365007121,486992000
2019-03-19,4.355380058288574,4.39974957567434,4.265402338243507,4.282257440795719,854972000
2019-03-20,4.322909832000732,4.4376749899447265,4.288207253746815,4.384382200664771,719148000
2019-03-21,4.5593791007995605,4.585653881326078,4.341003170959589,4.345960748082415,824312000
2019-03-22,4.399748802185059,4.580696104244209,4.385867965071541,4.532113174346897,747644000
2019-03-25,4.307538986206055,4.423295494515737,4.2413568164160225,4.359096638668408,525212000
2019-03-26,4.384132385253906,4.5050942228643125,4.327864886303869,4.449074933679083,703508000
2019-03-27,4.374960899353027,4.45601533427444,4.305556721575917,4.4096634610220855,474372000
2019-03-28,4.393551826477051,4.459238062152531,4.340506796604897,4.400987718648294,480264000
2019-03-29,4.450809955596924,4.475101890242775,4.409911133261652,4.460229161411316,456896000
2019-04-01,4.5182318687438965,4.548472328288547,4.470888101591923,4.542523331173803,483824000
2019-04-02,4.536079406738281,4.580448921694665,4.499394467863445,4.5422766150117475,440920000
2019-04-03,4.675384521484375,4.734378563014394,4.5806969596797,4.585654537511932,783504000
2019-04-04,4.6664605140686035,4.708846710366831,4.603748535573981,4.660015569360256,457376000
2019-04-05,4.733139514923096,4.7504910394722755,4.673154517777886,4.70959172649169,481744000
2019-04-08,4.753958702087402,4.778993845190917,4.678605063041256,4.702648785543708,424192000
2019-04-09,4.691247463226318,4.7316508138308535,4.649109008107119,4.720496502982226,439972000
2019-04-10,4.761642932891846,4.7874217629055575,4.686042020097901,4.6905036497578685,444772000
2019-04-11,4.747763633728027,4.795603363318447,4.698437008956737,4.76412326296289,374600000
2019-04-12,4.7098388671875,4.790397851946734,4.7011633424018155,4.786431695138717,471708000
2019-04-15,4.578217506408691,4.707111674658761,4.538557835067221,4.702154097545933,440092000
2019-04-16,4.665220260620117,4.684058672633451,4.584661771984165,4.617381019632482,394964000
2019-04-17,4.642416477203369,4.720992129672078,4.62010785478453,4.700170874822639,351004000
2019-04-18,4.6178789138793945,4.683069706358421,4.590117228059248,4.649111283207813,380988000
2019-04-22,4.671665668487549,4.687281610127979,4.562849551023288,4.59432917131352,279936000
2019-04-23,4.726198196411133,4.757430556442091,4.6751364719379405,4.684803417118198,346856000
2019-04-24,4.73859167098999,4.779242762354824,4.67587969287701,4.736608356517647,318204000
2019-04-25,4.632998466491699,4.720745611248034,4.553431372698059,4.698436983070616,499296000
2019-04-26,4.414373874664307,4.483778541684182,4.295642587770011,4.479316438242559,868988000
2019-04-29,4.445109844207764,4.472871519131866,4.350174087910344,4.422305273533989,391920000
2019-04-30,4.486504554748535,4.512035177805658,4.39379985128873,4.412886002523264,362920000
2019-05-01,4.473369121551514,4.580946124477476,4.4731209116617086,4.538807649680459,354280000
2019-05-02,4.540787696838379,4.582430199001705,4.439903440206664,4.483033309670239,394684000
2019-05-03,4.536327362060547,4.559131460862227,4.474854539101852,4.549216779186023,336824000
2019-05-06,4.457997798919678,4.470143527716054,4.312991791391155,4.3501726613691,422176000
2019-05-07,4.290932655334473,4.409663926602469,4.242845199780026,4.409663926602469,555220000
2019-05-08,4.311009883880615,4.391072900167956,4.251520384477504,4.2634183789142295,419168000
2019-05-09,4.218552589416504,4.251767781834073,4.099821809864849,4.242100839419127,660248000
2019-05-10,4.184595584869385,4.253256570946645,4.065120608910023,4.187818057678365,569500000
2019-05-13,3.927551031112671,4.07577933938644,3.911687113715555,4.052727029014775,656912000
2019-05-14,4.016537189483643,4.051735230769413,3.9285420862692155,3.9672101006105938,524880000
2019-05-15,3.9555604457855225,3.991997646177927,3.9017719611969133,3.9610134971586377,502320000
2019-05-16,3.9706809520721436,4.013315365970031,3.9077214614296283,3.950107665483691,781088000
2019-05-17,3.8799588680267334,4.057931913926064,3.8405471703393603,3.9287900094486163,1022068000
2019-05-20,3.7614758014678955,3.8363335181039435,3.736688387279552,3.7813056382624497,572064000
2019-05-21,3.8435218334198,3.8593857507899374,3.783536610092687,3.8222048643592137,361848000
2019-05-22,3.772629737854004,3.8308798480781565,3.761723163231834,3.804853278528092,325868000
2019-05-23,3.651667594909668,3.7104134146446532,3.5919301179758825,3.7104134146446532,591844000
2019-05-24,3.59787917137146,3.705703868653798,3.591186489834491,3.6705058291125585,357584000
2019-05-28,3.5527663230895996,3.648197553821421,3.55078324499088,3.6154783017294005,428356000
2019-05-29,3.478652238845825,3.5401245858320607,3.4439499092198114,3.5051745191916663,559800000
2019-05-30,3.4521000385284424,3.5176132426818305,3.413883923885589,3.481878746174516,394300000
2019-05-31,3.3615221977233887,3.4704627508254364,3.359785112707869,3.403212474755941,389720000
2019-06-03,3.3198323249816895,3.411401795892144,3.2905498980071615,3.372689410740046,478644000
2019-06-04,3.5486321449279785,3.5538434001141703,3.3617705442284787,3.383856373826162,641836000
2019-06-05,3.5059497356414795,3.6277944343818405,3.469718964759109,3.6223349221050043,511616000
2019-06-06,3.567988872528076,3.592556323518667,3.507686925854797,3.5101685439330685,408140000
2019-06-07,3.6106717586517334,3.644917189289571,3.554836534431191,3.5739447099018427,348856000
2019-06-10,3.6833810806274414,3.751872169648638,3.666754525432909,3.666754525432909,402780000
2019-06-11,3.7409536838531494,3.7809068840243474,3.701496996639221,3.743187045520333,383872000
2019-06-12,3.628042459487915,3.7037301521005195,3.612904968297418,3.6975261070813854,358892000
2019-06-13,3.6791629791259766,3.6975263857824703,3.63250945637403,3.6501285669002215,308080000
2019-06-14,3.589329719543457,3.6104229972255584,3.544661783074375,3.5861038057770656,394428000
2019-06-17,3.599008560180664,3.6359838666660242,3.5647628917155174,3.587593258472236,276040000
2019-06-18,3.7938103675842285,3.849149070172521,3.6493835766947877,3.6603023633506604,581920000
2019-06-19,3.799767017364502,3.8404645159443356,3.773710498685587,3.8290494504866306,331644000
2019-06-20,3.824085235595703,3.9042396397667134,3.8096922792094254,3.8903429595785717,350168000
2019-06-21,3.766016721725464,3.858330959221177,3.759564657724691,3.8091960649060783,434428000
2019-06-24,3.788350820541382,3.81788150318179,3.7402084784745413,3.7873582681255984,282948000
2019-06-25,3.759068250656128,3.8682570586619445,3.7563386132870105,3.7933139109527065,311868000
2019-06-26,3.952133893966675,4.0131806021573935,3.8734685516761678,3.8863726800215015,584072000
2019-06-27,4.050652503967285,4.069760442698096,4.001765621336326,4.037748373830597,445440000
2019-06-28,4.075467109680176,4.103756980405827,4.028813837951612,4.094575043244307,397668000
2019-07-01,4.123610019683838,4.316675433416628,4.086138206588349,4.282429770761454,709756000
2019-07-02,4.0258355140686035,4.1280759700225715,4.012683368306694,4.10698245953639,400228000
2019-07-03,4.038741111755371,4.054871393496555,3.978935674716614,4.049163624268675,246636000
2019-07-05,3.9762048721313477,3.9848902966819946,3.912924809467903,3.980423574530253,396552000
2019-07-08,3.9012625217437744,3.9355081894863546,3.871235794174561,3.9166482702461005,329788000
2019-07-09,3.903743028640747,3.9317846430402663,3.846418991122784,3.8590748613997135,342860000
2019-07-10,3.971986770629883,4.02931058133632,3.933274383924666,3.947171065308045,452076000
2019-07-11,4.126340389251709,4.1670378866870355,4.007721594463587,4.044944921060779,682560000
2019-07-12,4.15934419631958,4.230317138074098,4.154132941084615,4.154132941084615,506392000
2019-07-15,4.150907516479492,4.1965682493733905,4.1226181107263224,4.180438441294544,289840000
2019-07-16,4.146191120147705,4.173239942694772,4.090603936765375,4.13601663173236,341444000
2019-07-17,4.211458206176758,4.218406548113821,4.118647669365643,4.147930102763352,348204000
2019-07-18,4.223119258880615,4.285902799249958,4.1652989527403275,4.221878686983386,442192000
2019-07-19,4.1799421310424805,4.267789430326389,4.1739863418265974,4.2613376014460185,344896000
2019-07-22,4.251411437988281,4.264315570009257,4.19383912025467,4.201283975646884,315940000
2019-07-23,4.359109401702881,4.361094506318851,4.274984322109431,4.290618559250615,428176000
2019-07-24,4.433558464050293,4.439266234603265,4.32635518284258,4.402290919251441,366236000
2019-07-25,4.3025312423706055,4.4047717408104745,4.279204597934952,4.392115629259536,392700000
2019-07-26,4.344470500946045,4.391123797476412,4.329581261766655,4.329581261766655,274160000
2019-07-29,4.338265895843506,4.3543961781025615,4.2501705763030255,4.33727334318946,248160000
2019-07-30,4.353898525238037,4.366058120377159,4.277466311043389,4.291859504059564,197772000
2019-07-31,4.1868896484375,4.323375787221284,4.144703092569086,4.322382761447272,359416000
2019-08-01,4.092589855194092,4.287640342732247,4.040476836852374,4.197311458041356,421212000
2019-08-02,4.000027656555176,4.0692635084057995,3.9526300865301973,4.000027656555176,428348000
2019-08-05,3.741945743560791,3.8178814454010546,3.6950442110535437,3.8166406365700594,589156000
2019-08-06,3.780658483505249,3.862053709637955,3.7330126475534997,3.8166412352682992,361272000
2019-08-07,3.8188741207122803,3.8307856965451412,3.702488946544037,3.7198597974168814,372560000
2019-08-08,3.927319049835205,3.9285598589107837,3.8191230070421525,3.876447061037143,309300000
2019-08-09,3.82607102394104,3.889847137722322,3.775695315714958,3.8863729672694967,341816000
2019-08-12,3.75832462310791,3.8260711864760557,3.7364868102909505,3.7739583908097614,279200000
2019-08-13,3.87247633934021,3.918385328045698,3.717875269269923,3.7568356798883134,351956000
2019-08-14,3.72407865524292,3.7955476398944517,3.680403269804808,3.7843805962513932,419880000
2019-08-15,3.6918182373046875,3.7627909438749896,3.657572811239916,3.7429384749498853,477200000
2019-08-16,3.9595792293548584,4.00871389430151,3.893073237992671,3.954367973426272,1007960000
2019-08-19,4.238009452819824,4.2538917113035914,4.056607602337402,4.072737880593051,815112000
2019-08-20,4.165797233581543,4.233047523972064,4.144703715815369,4.232551011010396,463188000
2019-08-21,4.249176979064941,4.304267667180546,4.210216571039822,4.2318061266537566,427244000
2019-08-22,4.2553815841674805,4.301290336647535,4.216172680040969,4.25885575491386,303488000
2019-08-23,4.0310468673706055,4.233294186666591,4.011194401712848,4.178948044178976,568056000
2019-08-26,4.10574197769165,4.133783827937213,4.067526111562413,4.109712660140971,318208000
2019-08-27,4.01516580581665,4.146688236942727,3.9858833782095293,4.143958599338707,290968000
2019-08-28,4.004733085632324,4.057394231895982,3.949587864929308,3.9888355777669298,255612000
2019-08-29,4.148310661315918,4.180602690054442,4.092668421383395,4.096146031767372,357976000
2019-08-30,4.160977840423584,4.244192678295925,4.14284452290001,4.194512135644787,290616000
2019-09-03,4.078011989593506,4.121233846385008,4.055159260760922,4.088196553572964,296140000
2019-09-04,4.192028045654297,4.19948026916108,4.138621628327595,4.138621628327595,227728000
2019-09-05,4.4647746086120605,4.470984559444308,4.2923836823880395,4.294122487572624,695676000
2019-09-06,4.437698841094971,4.498308761544269,4.399693389671797,4.441424717104643,376976000
2019-09-09,4.483651161193848,4.570095333288617,4.467256650349984,4.468747189641803,417524000
2019-09-10,4.550222396850586,4.576800991316352,4.441173784814077,4.450861340895248,352812000
2019-09-11,4.578789710998535,4.62697971233285,4.535816123801105,4.564879273300177,361512000
2019-09-12,4.57729959487915,4.679889556180352,4.5693508402862735,4.625241335341929,327840000
2019-09-13,4.519421100616455,4.5477389772095895,4.475702248659228,4.510727078038128,324592000
2019-09-16,4.476448059082031,4.510975888289779,4.433971475955046,4.444404304309437,231832000
2019-09-17,4.497811317443848,4.502034197165476,4.436704404833392,4.483155607982486,223048000
2019-09-18,4.4707350730896,4.506505179870407,4.384291359052513,4.490855935824604,258152000
2019-09-19,4.39522123336792,4.495078856815174,4.384539664785912,4.4766967988047615,245476000
2019-09-20,4.289649486541748,4.4178249719627845,4.279465397875577,4.394226976885047,350244000
2019-09-23,4.343055725097656,4.388513382593779,4.286171705354058,4.289898053534859,249712000
2019-09-24,4.285675525665283,4.403914718861197,4.250154162024822,4.374355039009405,317268000
2019-09-25,4.4272637367248535,4.446887589628111,4.24046544693266,4.285177831253533,308432000
2019-09-26,4.405155658721924,4.426270050055258,4.3542333280562575,4.417576028267607,234564000
2019-09-27,4.266549587249756,4.4141002265778075,4.205939201389443,4.36342614042172,362056000
2019-09-30,4.323929309844971,4.334113872915561,4.261083600480512,4.292382559403392,186184000
2019-10-01,4.32219123840332,4.496072688448323,4.317471827817279,4.347031513236725,366008000
2019-10-02,4.29834508895874,4.312255529532866,4.226060072013468,4.300332159386802,293372000
2019-10-03,4.503771781921387,4.5099817302570395,4.272509837768459,4.302814783628945,450588000
2019-10-04,4.520166873931885,4.549478288687561,4.440926653211985,4.506007697163168,265524000
2019-10-07,4.578789710998535,4.6783985839980335,4.576305636582578,4.584999660144053,480984000
2019-10-08,4.402424335479736,4.487129238036931,4.38429101816831,4.487129238036931,444436000
2019-10-09,4.488868713378906,4.538300997521796,4.450366737622319,4.479181153102585,292412000
2019-10-10,4.546497344970703,4.597419687455007,4.481416299085726,4.486632713369001,309124000
2019-10-11,4.620023250579834,4.703237589078241,4.611577494595454,4.630456076046907,446404000
2019-10-14,4.633437633514404,4.6543032887412705,4.580279486712769,4.611329704263812,200040000
2019-10-15,4.877865314483643,4.950399059227821,4.709697305752132,4.723608217939063,664124000
2019-10-16,4.8242106437683105,4.9486602675172895,4.812784279880855,4.843834501041377,428944000
2019-10-17,4.826197624206543,4.913634858641434,4.771797203408737,4.868674204295252,263436000
2019-10-18,4.731803894042969,4.859234086458171,4.65753183937539,4.826693335136558,307440000
2019-10-21,4.868922233581543,4.882336139163956,4.7742810462507475,4.793159630661487,261868000
2019-10-22,4.858987808227539,5.030881713364968,4.851287318324647,4.925807668713271,328720000
2019-10-23,4.846069812774658,4.860228515074197,4.745218670685841,4.777014158325373,279916000
2019-10-24,4.8900370597839355,4.92357087913144,4.853273422604732,4.887304246339131,232020000
2019-10-25,5.080810070037842,5.101675728362133,4.962819131070851,4.970519620279404,423092000
2019-10-28,5.136699676513672,5.189112078588046,5.095216158575196,5.124527570807019,330792000
2019-10-29,5.040568828582764,5.129248350416009,5.021193709756403,5.122789661614695,211236000
2019-10-30,5.042556285858154,5.073109979768941,4.974494151837034,5.0673965602975635,205960000
2019-10-31,4.993371486663818,5.0425550187031005,4.9136347421803634,5.021689363981352,209732000
2019-11-01,5.032371520996094,5.064663541790093,4.933010436546448,4.958098972971242,283640000
2019-11-04,5.228856563568115,5.2412769351408395,5.090248722853118,5.1133497137797965,376716000
2019-11-05,5.2067484855651855,5.254689740121096,5.158806757220602,5.228607673617465,300868000
2019-11-06,5.157566547393799,5.208240156857396,5.070128820646721,5.182655086783872,269012000
2019-11-07,5.175202369689941,5.2586654740785965,5.130489975417849,5.244009765902245,280340000
2019-11-08,5.161291122436523,5.1928383430746115,5.120801613860862,5.158310517720232,189100000
2019-11-11,5.171226501464844,5.194327486835891,5.074349521650779,5.160544937102273,243436000
2019-11-12,5.2067484855651855,5.262638966493447,5.17445599712278,5.209480824848137,283504000
2019-11-13,5.1809163093566895,5.203023769608301,5.1145929810242095,5.175451155287931,300188000
2019-11-14,5.211219787597656,5.2134555964181795,5.129992507282294,5.189857129426733,518080000
2019-11-15,5.072116374969482,5.260653055682012,4.983933378230681,5.20898543716974,1053628000
2019-11-18,5.273071765899658,5.299650362796563,5.061681948100534,5.064662552633288,574588000
2019-11-19,5.166508197784424,5.2656205425735925,5.108382371167746,5.242022545733795,414564000
2019-11-20,5.245748043060303,5.329459404346898,5.130986463740042,5.14365510051986,472588000
2019-11-21,5.2209086418151855,5.296919527552921,5.199297713003257,5.241277770166367,288388000
2019-11-22,5.23854398727417,5.289962850869842,5.214945520920422,5.243511661537723,224100000
2019-11-25,5.494894504547119,5.4998626526423084,5.3535538656231445,5.366470766397429,506476000
2019-11-26,5.390318393707275,5.481978514484049,5.383859705352823,5.47725863087291,385244000
2019-11-27,5.4251203536987305,5.4701141901312225,5.3987705869446065,5.435809803647838,215784000
2019-11-29,5.387833118438721,5.422634878867969,5.363968783208136,5.394296573454682,141556000
2019-12-02,5.201641082763672,5.3942948425342525,5.18647766664446,5.38087103973987,372036000
2019-12-03,5.162118434906006,5.1660955082779365,4.980899872055244,5.018187542678605,465232000
2019-12-04,5.205868244171143,5.268014509863485,5.177281018849271,5.245641816283171,273424000
2019-12-05,5.188965797424316,5.2434059031604034,5.158389555350193,5.227745109280793,184884000
2019-12-06,5.274228572845459,5.307042264766786,5.2481272573677025,5.258070886581136,232236000
2019-12-09,5.274228572845459,5.328917585242667,5.242658545783317,5.251358984275902,211880000
2019-12-10,5.319223403930664,5.370929143014458,5.251607951361957,5.304307958637612,256388000
2019-12-11,5.402746677398682,5.408215862705567,5.327177092503382,5.329662999617729,233796000
2019-12-12,5.5700459480285645,5.5881926480198985,5.364963535514475,5.373912424173228,404348000
2019-12-13,5.568055629730225,5.692099685136238,5.514112444088463,5.573027443677887,454704000
2019-12-16,5.596891403198242,5.669229732850712,5.587445146174056,5.6155354687860095,320976000
2019-12-17,5.6749491691589355,5.697570313855549,5.606090992634102,5.615537252659058,321196000
2019-12-18,5.705276012420654,5.765682192204771,5.7012984654260315,5.709750456453109,343548000
2019-12-19,5.853184700012207,5.866608507947781,5.734858233064986,5.739830048903232,445360000
2019-12-20,5.950381755828857,5.975737258387086,5.900416096375425,5.919557066105883,603044000
2019-12-23,5.936707019805908,6.011033882420966,5.9260180467716665,5.978966489179975,355060000
2019-12-24,5.931735515594482,5.948887942345335,5.886990136964135,5.92129499046584,138864000
2019-12-26,5.945905685424805,5.973995536815829,5.91632372070032,5.935216236710832,182852000
2019-12-27,5.8882341384887695,5.974493181049771,5.861883899436355,5.961069375956618,254644000
2019-12-30,5.775129795074463,5.871580946354023,5.74380820542168,5.8663606814118925,258056000
2019-12-31,5.849206447601318,5.858652706134479,5.72068792633329,5.739828891899906,231004000
2020-01-02,5.963803768157959,5.963803768157959,5.884505550296847,5.934968095675587,237536000
2020-01-03,5.86834716796875,5.912098283248919,5.819375789570351,5.844234388573591,205384000
2020-01-06,5.8929572105407715,5.898177473983396,5.749026818972195,5.775128136185318,262636000
2020-01-07,5.964300155639648,6.010039801296708,5.876301039294927,5.9212948654387905,314856000
2020-01-08,5.975487232208252,6.0167524399804355,5.920052874364095,5.96007489141587,277108000
2020-01-09,6.041114330291748,6.11345267607093,5.987420054256741,6.061746936440658,255112000
2020-01-10,6.073429107666016,6.178580656241072,6.059259958542958,6.148253347803174,316296000
2020-01-13,6.263846397399902,6.288953447003874,6.133836231355337,6.156457847574533,319840000
2020-01-14,6.147011756896973,6.2464456898529646,6.1338363992497795,6.221089716905771,359088000
2020-01-15,6.104501247406006,6.182059830595378,6.0786483863428815,6.159687144131589,263104000
2020-01-16,6.188027381896973,6.193993464647111,6.134581559774977,6.157948519655376,284192000
2020-01-17,6.1967267990112305,6.214625044311348,6.149247067465797,6.2071673235684,253792000
2020-01-21,6.163417339324951,6.196976374999237,6.129360932560053,6.160185612581765,217916000
2020-01-22,6.2173590660095215,6.3038665357767805,6.189766117121181,6.2086586293454715,239240000
2020-01-23,6.285722255706787,6.294174247178423,6.168638988455904,6.257383950631239,244516000
2020-01-24,6.226559162139893,6.450783010321496,6.172367512330804,6.40106580470724,373512000
2020-01-27,5.971012592315674,6.021972504994483,5.772890101483585,5.922289664238681,470536000
2020-01-28,6.164163112640381,6.196478957414824,5.983689951264804,6.036887321336886,310976000
2020-01-29,6.103757381439209,6.185790426975521,6.063983338200734,6.149745481810295,258848000
2020-01-30,6.110469818115234,6.123893625117595,5.951127066926015,6.006064063462553,290504000
2020-01-31,5.8772969245910645,6.076662168956458,5.835534813466124,6.064730001738358,370420000
2020-02-03,5.974244594573975,5.993634007995882,5.852934876956835,5.859149408225992,255564000
2020-02-04,6.143281936645508,6.162423375434906,6.065972258437693,6.11593790463185,271544000
2020-02-05,6.233518600463867,6.2742864375752365,6.15024236438546,6.264094359762809,208220000
2020-02-06,6.320274829864502,6.320274829864502,6.1867849664456935,6.26782374742976,218284000
2020-02-07,6.254150867462158,6.302376423964702,6.2287948985436135,6.2802521818150865,189752000
2020-02-10,6.5370402336120605,6.537785578987231,6.271799693919792,6.27677150791727,529608000
2020-02-11,6.659344673156738,6.7739424891195545,6.58327770993193,6.645175522806371,638556000
2020-02-12,6.774936676025391,6.78140012988903,6.673265295025126,6.712044595791938,374644000
2020-02-13,6.731186866760254,6.798304955050314,6.689673202125797,6.717017713830288,528016000
2020-02-14,7.203746795654297,7.332513775197744,7.109533125809277,7.1408547082051,1041924000
2020-02-18,7.372286319732666,7.3906819386275275,7.081193359788082,7.100582772620869,620164000
2020-02-19,7.822969913482666,7.840619710509699,7.494589335264522,7.494589335264522,694332000
2020-02-20,7.673820495605469,7.863242082400725,7.366817815393153,7.774994505818821,810052000
2020-02-21,7.310140132904053,7.5868154972700355,7.225372733301837,7.561708450077723,768180000
2020-02-24,6.793332576751709,7.006867440277044,6.662079690063304,6.716519786285726,856916000
2020-02-25,6.5141706466674805,6.930301930876322,6.412499271487127,6.86840412228699,1055496000
2020-02-26,6.653376579284668,6.847273026835506,6.512926412425055,6.514417577074451,747732000
2020-02-27,6.283013820648193,6.6411905100878075,6.190733538467209,6.340222462355224,906416000
2020-02-28,6.717552661895752,6.777000110355166,6.0141338073688475,6.0307988288926,1133252000
2020-03-02,6.875746726989746,6.90460012185315,6.491950746144979,6.887437432968634,890744000
2020-03-03,6.613581657409668,6.991159391430268,6.528265881212004,6.931463350129404,652792000
2020-03-04,7.076724529266357,7.086176439075106,6.646166150329398,6.72078656583352,597408000
2020-03-05,6.79764461517334,7.04413956219387,6.753121062405599,6.8774879345472195,540328000
2020-03-06,6.617311954498291,6.675764530909443,6.417329829721976,6.618306817272901,515412000
2020-03-09,6.10491943359375,6.452151618777206,5.924338828512039,5.967120766033099,614160000
2020-03-10,6.493940353393555,6.493940353393555,6.118601425283802,6.381015119188688,580648000
2020-03-11,6.130539417266846,6.382506779809828,6.033533424930338,6.354151057970355,499964000
2020-03-12,5.380359172821045,5.873100416742841,5.367673605207644,5.607950277656812,816540000
2020-03-13,5.990503787994385,5.9949809083831616,5.462442216383406,5.733312981335359,634836000
2020-03-16,4.885130882263184,5.623870451229937,4.825434836944395,5.28335358926961,726972000
2020-03-17,5.404237747192383,5.493533447583742,4.7508144907275,4.997309431523579,833632000
2020-03-18,5.044816970825195,5.221915344621923,4.494120840313374,4.977161561552436,874268000
2020-03-19,5.297280788421631,5.390804504616113,4.810260253948573,5.023424605845817,765512000
2020-03-20,5.117696762084961,5.728835253713744,5.102275202274465,5.447268674676942,804636000
2020-03-23,5.290317058563232,5.384587537043199,4.937861436737908,5.1167009402216665,643876000
2020-03-24,6.197947025299072,6.284506733213007,5.672372901435857,5.696002435464178,1101644000
2020-03-25,6.109399318695068,6.512347786249438,6.060647234768901,6.31286327853551,793432000
2020-03-26,6.398426532745361,6.52229572585307,6.218343085472186,6.316343948572078,696108000
2020-03-27,6.286247730255127,6.544681965395406,6.18551039891607,6.2183432436518,638828000
2020-03-30,6.606119155883789,6.615322467118645,6.307638489346079,6.351664371055623,602252000
2020-03-31,6.556619644165039,6.850125448485772,6.411110201599804,6.646163442091053,949960000
2020-04-01,6.045970916748047,6.505133575069819,6.001447838462549,6.358878296830433,656912000
2020-04-02,6.354401111602783,6.36758387464943,6.027067511719613,6.075072846746822,675764000
2020-04-03,6.066864967346191,6.358380662536107,5.929563928559885,6.316842172617156,663212000
2020-04-06,6.676012992858887,6.712825761305832,6.291221713068466,6.348679425541923,727884000
2020-04-07,6.442950248718262,6.921016732850142,6.3999192267850225,6.897386723143072,784520000
2020-04-08,6.639946460723877,6.664819927163349,6.482000494418423,6.551894702646605,542444000
2020-04-09,6.54045295715332,6.7884404027807115,6.477523263677439,6.765557136655976,525564000
2020-04-13,6.712080001831055,6.720785644616619,6.392457189784047,6.480757551993029,398408000
2020-04-14,7.062792778015137,7.096869074972991,6.812566573249954,6.8401760262099724,530948000
2020-04-15,6.985438346862793,7.068266728820845,6.849629840850387,6.894899184713868,366148000
2020-04-16,7.330183029174805,7.4371386115629985,7.127465375917318,7.1406481386780065,745620000
2020-04-17,7.270984172821045,7.433655858312724,7.137165405215727,7.41226464837836,539120000
2020-04-20,7.139901161193848,7.30033451878303,7.095626685846547,7.144627352201528,449388000
2020-04-21,6.703623294830322,7.0831907627234285,6.643927252246773,7.0220026630312224,735160000
2020-04-22,7.117515563964844,7.160297985277611,6.850127091236819,6.8956450294305265,483356000
2020-04-23,7.064285755157471,7.291379655385693,7.039163692591461,7.1595510947877585,424160000
2020-04-24,7.203080177307129,7.205069902972947,6.979468506658928,7.054088912190543,352328000
2020-04-27,7.3893818855285645,7.549068993615915,7.312771754298701,7.337396625716924,479388000
2020-04-28,7.247106552124023,7.566480789850535,7.241634568960474,7.536632530726662,442904000
2020-04-29,7.423706531524658,7.47643805187387,7.306552786236492,7.381670378607925,379160000
2020-04-30,7.26999044418335,7.423707914343984,7.256061414449958,7.369732449705098,375916000
2020-05-01,7.033692359924316,7.1859172806554765,6.985437955761158,7.072743452911202,342096000
2020-05-04,7.245364189147949,7.259044619148258,6.98643230513877,6.98643230513877,317556000
2020-05-05,7.306304454803467,7.468727544198242,7.24536448443354,7.349335472020096,368896000
2020-05-06,7.407041072845459,7.511758322789601,7.34784270723366,7.385650337882286,323464000
2020-05-07,7.583143711090088,7.646321994784234,7.494843367033123,7.546082350383744,373732000
2020-05-08,7.7729291915893555,7.779147440058237,7.620952864853898,7.654780572992808,339216000
2020-05-11,8.024645805358887,8.071407666336281,7.7393479749152805,7.767952289627352,469060000
2020-05-12,7.7629804611206055,8.131106313920263,7.753279954497471,8.08235470925487,493060000
2020-05-13,7.7405924797058105,8.037580085660547,7.55628053841165,7.877395816576789,625852000
2020-05-14,7.989826679229736,7.995298662838856,7.648563532216864,7.802032414632307,602312000
2020-05-15,8.447742462158203,8.457442491393842,7.834116221625606,7.849786375477367,987660000
2020-05-18,8.705926895141602,8.871335010528153,8.636530369418866,8.716125066522661,774460000
2020-05-19,8.760896682739258,9.041467831066088,8.718362871668345,8.745723725083494,717320000
2020-05-20,8.924568176269531,8.997198393542552,8.843729509049695,8.945461722429382,587536000
2020-05-21,8.730806350708008,9.006651499921858,8.693247300544169,9.005657111164489,761068000
2020-05-22,8.98052978515625,9.046942204307483,8.669115477795355,8.780547685374982,1038764000
2020-05-26,8.67359447479248,9.135245028089948,8.628076531061675,9.110371082978151,770780000
2020-05-27,8.482069969177246,8.589024607829826,7.956246272031052,8.581314301909094,1175892000
2020-05-28,8.444011688232422,8.716125833839921,8.336806580777488,8.369639419944306,734896000
2020-05-29,8.830543518066406,8.830543518066406,8.44202141149652,8.511169349529405,745256000
2020-06-01,8.761641502380371,8.79596686385234,8.645483135596871,8.78850515878225,389876000
2020-06-02,8.780548095703125,8.792487396907989,8.614145567728748,8.7516956542315,391320000
2020-06-03,8.725081443786621,8.821341654091105,8.655933498137044,8.777564844600539,365440000
2020-06-04,8.726078987121582,8.90201324294868,8.637488658846792,8.687755724694108,424280000
2020-06-05,8.878870010375977,8.955514629700385,8.667847647401274,8.753948963501875,481748000
2020-06-08,8.764397621154785,8.84875603707868,8.645697225026101,8.83631386844822,387736000
2020-06-09,9.004288673400879,9.067744989711962,8.710898494136034,8.759423633292464,468488000
2020-06-10,9.323559761047363,9.456195581866325,9.111292895481155,9.125477940681284,632180000
2020-06-11,8.755690574645996,9.218545648596468,8.745487746566454,9.107808701556005,583652000
2020-06-12,8.891311645507812,9.14488723008976,8.663118775221182,9.120251596693144,570908000
2020-06-15,9.131448745727539,9.139909650009946,8.703431219632431,8.774602299815214,400004000
2020-06-16,9.026683807373047,9.224020423826694,8.797993526540031,9.18246298281425,535716000
2020-06-17,9.193411827087402,9.256121053617617,9.028425617741286,9.071725930471368,408304000
2020-06-18,9.175496101379395,9.239698546814658,9.072472976600096,9.184454427604352,254408000
2020-06-19,9.218545913696289,9.40144879419368,9.184703242099346,9.1998831293818,524160000
2020-06-22,9.482819557189941,9.48729919395034,9.230488519718287,9.25711573123115,398468000
2020-06-23,9.406427383422852,9.598039910865843,9.364123799725126,9.506961521630625,375108000
2020-06-24,9.192914009094238,9.512433926958058,9.10233306985164,9.432553235534522,449372000
2020-06-25,9.446240425109863,9.461171600336776,9.139909742005443,9.312609776761736,376072000
2020-06-26,9.112785339355469,9.456194784156569,9.082923937413547,9.456194784156569,592084000
2020-06-29,9.157578468322754,9.162058106058364,8.858961583091999,9.12746835403248,342248000
2020-06-30,9.453954696655273,9.482322883877854,9.223771215786138,9.271051844249367,367892000
2020-07-01,9.486056327819824,9.531595986934233,9.369596194012617,9.476849291492085,326648000
2020-07-02,9.567927360534668,9.692599684605682,9.534083742752678,9.594553626527235,364056000
2020-07-06,9.793878555297852,9.863058044346857,9.667713036457133,9.696828302232177,315892000
2020-07-07,9.826231002807617,10.023566685048234,9.805327925441164,9.90038756505966,357800000
2020-07-08,10.168891906738281,10.177851180830768,9.91954727786294,9.947666754146862,365480000
2020-07-09,10.460542678833008,10.521261277875176,10.186312717025418,10.332386498774396,494548000
2020-07-10,10.430930137634277,10.606118244789283,10.330893436767795,10.539925164838058,497676000
2020-07-13,10.005899429321289,10.742487094268514,9.978774789284222,10.546147190037164,457076000
2020-07-14,10.32915210723877,10.35478353495252,9.740379198636003,10.028544566254594,542676000
2020-07-15,10.180091857910156,10.384892650763021,10.009382445924082,10.366229867151485,403984000
2020-07-16,10.088019371032715,10.159686933380636,9.849872362524458,9.96882151149735,344964000
2020-07-17,10.154459953308105,10.201243163954526,10.041234957876577,10.178349454335393,266284000
2020-07-20,10.462285041809082,10.482690699140393,10.109917234833206,10.226875749369688,284852000
2020-07-21,10.280874252319336,10.511307409960915,10.239316810486173,10.464523249805001,277036000
2020-07-22,10.390619277954102,10.553613955695724,10.244048043577852,10.319697835420705,367292000
2020-07-23,10.083040237426758,10.498365907215756,9.98499418719761,10.401813069331192,411660000
2020-07-24,10.147492408752441,10.3169573132017,9.731917986447955,9.829465676237367,473292000
2020-07-27,10.373446464538574,10.393602461072307,10.170635352239847,10.185069107587438,292132000
2020-07-28,10.16839599609375,10.334128352270644,10.162175384539536,10.326414528145886,271636000
2020-07-29,10.417242050170898,10.467757814861779,10.299288712626408,10.342836785635788,284508000
2020-07-30,10.565056800842285,10.574015125170751,10.247776248378544,10.327158564119097,308880000
2020-07-31,10.565804481506348,10.71685531257527,10.384892248538662,10.514541633004042,386080000
2020-08-03,10.95948314666748,11.047575106546473,10.665843280404173,10.683013803473292,412720000
2020-08-04,11.175979614257812,11.175979614257812,10.855713487813759,10.999049569082658,310336000
2020-08-05,11.234704971313477,11.319313061745826,11.11476100189389,11.19215269021843,249924000
2020-08-06,11.283233642578125,11.305629936758018,11.127206664381877,11.297417740727406,244316000
2020-08-07,11.147858619689941,11.451701263494748,10.986605906099884,11.260337487409021,342516000
2020-08-10,11.113517761230469,11.35564602075613,10.806439976810287,11.281987829661926,427796000
2020-08-11,10.799971580505371,11.085399231333554,10.745971010645114,11.022689045250187,354512000
2020-08-12,11.387499809265137,11.41412607866207,10.907721944778629,10.940072354232733,464412000
2020-08-13,11.390235900878906,11.667700995815364,11.303388455676876,11.492760654115996,374460000
2020-08-14,11.510676383972168,11.65077729131371,11.387745994440417,11.476832769368302,366436000
2020-08-17,12.28011417388916,12.352528815873693,11.762761090180327,11.79660376231853,621300000
2020-08-18,12.204216957092285,12.43838271815109,12.030522041876921,12.392594340246811,503448000
2020-08-19,12.08253002166748,12.258215556136781,12.042216127810235,12.239801481703257,622624000
2020-08-20,12.085020065307617,12.317941343019479,11.823979300915065,11.919786042955957,921388000
2020-08-21,12.625015258789062,12.749687580406652,12.139015904821967,12.145486175613579,999868000
2020-08-24,12.66159725189209,12.85296104070654,12.449827806001334,12.824343188832731,490564000
2020-08-25,12.691207885742188,12.702405554694398,12.515770144609954,12.572507468754125,289076000
2020-08-26,12.714103698730469,12.809163342409363,12.619292765610336,12.740232546554608,321244000
2020-08-27,12.570022583007812,12.790750375179663,12.508556895704558,12.722565705100617,317604000
2020-08-28,13.08712387084961,13.087372581370376,12.584203668831243,12.616554072790118,537160000
2020-08-31,13.312829971313477,13.51240499533192,12.977632707337218,13.12196361348135,500840000
2020-09-01,13.76138687133789,13.933391281331938,13.378544809007552,13.421857130089242,511316000
2020-09-02,14.284621238708496,14.66323112605834,13.840046302454015,14.640329615319995,874012000
2020-09-03,12.959362983703613,13.824614387808259,12.823202579111951,13.769104949191176,945128000
2020-09-04,12.5680570602417,13.118173789760052,11.654265141820803,12.72861072124861,1463684000
2020-09-08,11.861618041992188,12.495870675289437,11.653768631335238,11.683887757182136,795728000
2020-09-09,12.66015625,12.75399944583385,12.178990048023763,12.346514414990567,736200000
2020-09-10,12.258646011352539,13.008895916801286,12.114519770501584,12.933223515687224,698684000
2020-09-11,12.112031936645508,12.597926996342265,11.844440927572224,12.431647488239708,636928000
2020-09-14,12.816727638244629,13.25756789875659,12.576767920086505,13.024577957063135,1201744000
2020-09-15,12.934966087341309,13.241388418414578,12.7724202640412,13.222719102887627,727556000
2020-09-16,12.460522651672363,13.036278499769432,12.4597762967511,12.901362978238856,556384000
2020-09-17,12.409741401672363,12.535447115383795,11.98284068441075,12.07991998724421,792512000
2020-09-18,12.136672973632812,12.578010766171868,11.937038272202205,12.539428213988266,698460000
2020-09-21,12.46325969696045,12.468487029467878,11.853152604133797,11.873564364275431,721044000
2020-09-22,12.58323860168457,12.59344448097838,12.103069452829205,12.520759401296207,646452000
2020-09-23,12.071456909179688,12.672105439487142,12.027149449148329,12.5212581987383,647012000
2020-09-24,12.2947416305542,12.51528667777394,11.96218256477668,12.020181753118116,731240000
2020-09-25,12.818222045898438,12.82793035635289,12.192931457497625,12.393811062020282,588016000
2020-09-28,12.978775024414062,12.99545310965322,12.695004487793115,12.984002356413695,573808000
2020-09-29,13.16870403289795,13.384768065727984,12.877466113660384,12.88169735695408,621460000
2020-09-30,13.47214126586914,13.563744463201456,13.093531365864601,13.100749928367792,689184000
2020-10-01,13.555777549743652,13.703387740885159,13.40269029134298,13.698658927613552,525004000
2020-10-02,13.00590991973877,13.461187347792777,12.9947079495707,13.167958188027503,552496000
2020-10-05,13.583658218383789,13.585400662831656,13.165718436757597,13.17891163738902,479820000
2020-10-06,13.677250862121582,14.081002250444271,13.606059434041683,13.77034771021102,784420000
2020-10-07,13.903769493103027,14.058350407618336,13.803702868616245,13.939365681751335,418084000
2020-10-08,13.779058456420898,14.023748875043747,13.69865724594298,14.014289350540002,378900000
2020-10-09,13.703386306762695,13.76462158353877,13.601826981115936,13.707618499241777,346892000
2020-10-12,14.164641380310059,14.285119781393261,13.852494090541311,13.92916164601553,434744000
2020-10-13,14.18679428100586,14.28661212456434,13.95828434553534,14.23483636602296,344604000
2020-10-14,14.034455299377441,14.280887264715126,13.899788560818896,14.228862717598037,276100000
2020-10-15,13.909743309020996,13.945338546007145,13.70836519762374,13.751179945542122,267224000
2020-10-16,13.751927375793457,14.060590691280174,13.733009274050568,13.976206063082346,242392000
2020-10-19,13.439532279968262,13.923186408800927,13.348924223292842,13.843033967891985,298068000
2020-10-20,13.58664321899414,13.740228038744753,13.448740396598476,13.524910369339894,229212000
2020-10-21,13.466414451599121,13.732014232770208,13.419368456639658,13.56623229376561,219596000
2020-10-22,13.303370475769043,13.553038513396526,13.174677441609322,13.464173860061539,290480000
2020-10-23,13.531630516052246,13.534617834284036,13.233920420278526,13.391985258225827,233484000
2020-10-26,13.084569931030273,13.633691566965796,12.982263278351981,13.36908784573915,336896000
2020-10-27,13.33896541595459,13.384020175552658,13.134599996643855,13.248606162274928,250520000
2020-10-28,12.57253646850586,13.20280655451587,12.554614456414914,13.141073702441242,376520000
2020-10-29,12.967822074890137,13.135843993925764,12.69500378716485,12.783122071535804,320080000
2020-10-30,12.479937553405762,12.880700654470314,12.246946659369481,12.79457453694031,416820000
2020-11-02,12.526488304138184,12.781383714965845,12.341539456733278,12.603155860418942,299652000
2020-11-03,12.963342666625977,13.048473643303717,12.54839028330013,12.653684234543976,272900000
2020-11-04,13.734749794006348,13.767857179588608,13.279472440749407,13.331496975863299,410228000
2020-11-05,14.09892463684082,14.277152471503854,13.930653897861085,14.1014143855421,319028000
2020-11-06,14.499194145202637,14.5258283846234,13.835071108699301,14.048894227776879,383348000
2020-11-09,13.571956634521484,14.628131343754319,13.55204339364055,14.489730948690765,582976000
2020-11-10,12.714920043945312,13.54781121416907,12.573781115211155,13.54781121416907,644068000
2020-11-11,13.360125541687012,13.377052414591688,12.892401270410012,12.997446446842183,404744000
2020-11-12,13.398709297180176,13.706625342318095,13.258566437624712,13.420863504910455,365812000
2020-11-13,13.239646911621094,13.609793346805214,13.002922328890708,13.568472254694553,346312000
2020-11-16,13.456957817077637,13.590628474298281,13.099257223591238,13.115685579151505,413776000
2020-11-17,13.364357948303223,13.53760725179244,13.2463692967436,13.494046140938254,312028000
2020-11-18,13.370828628540039,13.547065230799866,13.128130360392811,13.407171172523759,510924000
2020-11-19,13.382281303405762,13.42932730450369,13.043498819205205,13.155762570780636,565936000
2020-11-20,13.031299591064453,13.436294899913538,13.008646866876623,13.395969898317098,341088000
2020-11-23,13.083324432373047,13.324777827155184,12.959361156671875,13.114439643775567,361356000
2020-11-24,12.901859283447266,13.105227670734758,12.829422986955962,13.08581200094348,346500000
2020-11-25,13.177665710449219,13.212265811659313,12.963842630406676,12.976288525531565,259916000
2020-11-27,13.204048156738281,13.349668040216633,13.11368985820199,13.317307960603586,167276000
2020-11-30,13.343697547912598,13.354650734163716,12.916299187720584,13.207786880541757,286952000
2020-12-01,13.332247734069824,13.470399365349985,13.171194590361214,13.434056816831285,296948000
2020-12-02,13.486079216003418,13.614522515050519,13.177167128048557,13.292915747982203,283360000
2020-12-03,13.342158317565918,13.605097180328642,13.275428168212782,13.532888346466882,199520000
2020-12-04,13.503759384155273,13.505502343250445,13.33494026054711,13.394449728247713,202244000
2020-12-07,13.55206298828125,13.676062887003207,13.445742488055723,13.546585252766883,223244000
2020-12-08,13.296345710754395,13.544095699558415,13.22812050077017,13.53040088587082,271920000
2020-12-09,12.878777503967285,13.36008484939437,12.816528709377115,13.247041395558922,401300000
2020-12-10,12.920113563537598,13.01622611811567,12.797856623609862,12.817278981162264,207764000
2020-12-11,12.960946083068848,12.967669059118618,12.771460361379006,12.915130492540358,209264000
2020-12-14,13.255261421203613,13.334939820019592,13.024941019943634,13.035398774169177,270156000
2020-12-15,13.306801795959473,13.409885223527201,13.133750208165058,13.385732658762745,193016000
2020-12-16,13.189276695251465,13.383243798398896,13.159396585899268,13.368552602157862,223116000
2020-12-17,13.287630081176758,13.325726318719184,13.12553395287217,13.31302693964413,231384000
2020-12-18,13.218658447265625,13.351123325763458,13.017968362309006,13.325227800290302,342064000
2020-12-21,13.278667449951172,13.316265976199928,12.915383468107274,13.022202644085827,302332000
2020-12-22,13.224884033203125,13.283646925526869,13.001535460648212,13.265719617640173,185580000
2020-12-23,12.956966400146484,13.221648300636407,12.952733906135586,13.202724607149166,179144000
2020-12-24,12.94152545928955,13.079717874685622,12.886747159830435,12.98485057196713,97884000
2020-12-28,12.848152160644531,13.009999423359698,12.711952513384338,13.009999423359698,212564000
2020-12-29,12.891230583190918,13.019961649769133,12.790636670913601,12.873054416539937,170372000
2020-12-30,13.092916488647461,13.16064303299953,12.844917637300343,12.938041042133536,225396000
2020-12-31,13.002532005310059,13.098145898291843,12.863094326087117,13.083704508417757,192424000
2021-01-04,13.060794830322266,13.597629030369669,12.910401695595096,13.051582318788373,560640000
2021-01-05,13.350873947143555,13.389467900488006,13.034401060131557,13.0470994890118,322760000
2021-01-06,12.563803672790527,13.19176959882881,12.53541860648144,13.169359986011573,580424000
2021-01-07,13.290369033813477,13.32398392120334,12.834708264575642,12.915382094628498,461480000
2021-01-08,13.223389625549316,13.367059793296423,12.989583303848809,13.308795569096715,292528000
2021-01-11,13.566755294799805,13.904891272024647,13.308796388895459,13.364819940572676,518344000
2021-01-12,13.430553436279297,13.699219880759559,13.291365574551167,13.697227113464349,291476000
2021-01-13,13.477364540100098,13.570240034440598,13.331204841612394,13.4357823822842,210028000
2021-01-14,13.147197723388672,13.545092022114554,13.12752745599619,13.520441735796062,283120000
2021-01-15,12.807817459106445,13.271695346356372,12.796861987374657,13.17483621037775,277780000
2021-01-19,12.972899436950684,13.041372547513665,12.79237734581268,12.963934834618934,226188000
2021-01-20,13.312032699584961,13.376522184971396,13.004274570708622,13.059052877089373,258572000
2021-01-21,13.811765670776367,13.942986262976488,13.199735351672873,13.36456988189232,337780000
2021-01-22,13.657386779785156,13.786117826642263,13.572479512634926,13.68477640464162,246820000
2021-01-25,13.598376274108887,13.7729219839982,13.183301270177894,13.726359807474722,251112000
2021-01-26,13.381254196166992,13.589911580254576,13.333695631638935,13.525919807719731,163980000
2021-01-27,12.865832328796387,13.17956588706727,12.742330152960971,13.176826544521976,371272000
2021-01-28,12.99854850769043,13.286138685780982,12.908412342988086,12.944019053557517,228316000
2021-01-29,12.937542915344238,13.281156594741395,12.85960747764064,13.022450189012595,271552000
2021-02-01,13.183798789978027,13.21741272526366,12.850891747211746,13.000787159383922,217204000
2021-02-02,13.502265930175781,13.517453895988597,13.232105357802928,13.344900937302837,220440000
2021-02-03,13.47612190246582,13.875759181686776,13.462178228664209,13.581197172944663,245408000
2021-02-04,13.609333038330078,13.618545550549243,13.284145319662846,13.476618341474891,201340000
2021-02-05,13.536375045776367,13.68203796383216,13.491306974074035,13.669837251873458,169152000
2021-02-08,14.380720138549805,14.415579319657386,13.67207952886359,13.67207952886359,434624000
2021-02-09,14.205924034118652,14.524637598261522,14.165337313462569,14.283111941148748,287560000
2021-02-10,14.704911231994629,14.845095479349197,14.283860773020809,14.405121329535092,485352000
2021-02-11,15.189455032348633,15.210869206423117,14.865014860197656,14.920042971123856,450828000
2021-02-12,14.901121139526367,15.229794795729902,14.715618993153976,14.989514339884593,374756000
2021-02-16,15.268637657165527,15.310718485509026,14.889915901123095,15.003706913820904,321960000
2021-02-17,14.846092224121094,15.162316290720591,14.720598221294038,15.110026568801802,274756000
2021-02-18,14.769399642944336,14.81347132948943,14.516419860562522,14.66980118375889,233868000
2021-02-19,14.866511344909668,15.11600432241574,14.787081796007755,14.964117061512086,271724000
2021-02-22,14.298053741455078,15.07242908936118,14.267427053399269,14.71536943669712,325884000
2021-02-23,14.085162162780762,14.181523573742238,13.335685999500365,14.018679913027913,391780000
2021-02-24,14.440727233886719,14.448446595280082,13.700713365709305,14.065990089420389,448320000
2021-02-25,13.254015922546387,14.316976805653484,13.16313319589413,13.989049754794058,824436000
2021-02-26,13.659380912780762,13.798817635314652,13.307301288699822,13.69722734472465,500932000
2021-03-01,13.78611946105957,13.869034920751616,13.49877912411454,13.819235683276025,353184000
2021-03-02,13.35236930847168,13.864552302839884,13.34216041278066,13.844134511457842,264116000
2021-03-03,12.753286361694336,13.397436481579216,12.747309959818812,13.372288481570262,377592000
2021-03-04,12.320531845092773,12.922851894147273,12.035183354685007,12.749301630930296,573344000
2021-03-05,12.41141414642334,12.49955846462247,11.63230781059517,12.49955846462247,542840000
2021-03-08,11.54665470123291,12.421125153517597,11.52001165248514,12.399960789446373,543112000
2021-03-09,12.474234580993652,12.570379359155847,12.014928455750928,12.085667607908785,521824000
2021-03-10,12.4224271774292,12.93229567297207,12.411716868075333,12.79330869541298,384376000
2021-03-11,12.945744514465332,12.99830122675379,12.687696596615787,12.902404444000641,299916000
2021-03-12,12.808749198913574,12.841378959282121,12.543727056525297,12.601762440863276,243964000
2021-03-15,13.142767906188965,13.158211007285875,12.720326450748013,12.817467955931283,221988000
2021-03-16,13.242402076721191,13.462838518161057,13.068542937398949,13.307411714289238,272128000
2021-03-17,13.292214393615723,13.403802248945754,12.94175688513171,12.991822243486569,243864000
2021-03-18,12.675738334655762,13.135542259920822,12.670258709518851,13.088217188099405,293896000
2021-03-19,12.798537254333496,12.874009196386721,12.56614486370807,12.703139313327759,299208000
2021-03-22,13.137786865234375,13.34527153839692,12.859314092199842,12.8652925575449,297804000
2021-03-23,13.022710800170898,13.295454030041492,12.973392265762131,13.20553571417136,222048000
2021-03-24,12.596532821655273,13.110886055698332,12.59030636238717,13.102915085638799,245840000
2021-03-25,12.489176750183105,12.668017580653657,12.226894918706114,12.453558710808869,295144000
2021-03-26,12.792060852050781,12.808998568705801,12.328022905586126,12.508357423671487,363968000
2021-03-29,12.90066146850586,13.014491751038356,12.653323847339317,12.773131644958724,273520000
2021-03-30,12.824441909790039,12.927561877681123,12.658304817189459,12.794801380172224,200204000
2021-03-31,13.299193382263184,13.420993698216213,12.934787261773293,12.967665973766012,314776000
2021-04-01,13.760988235473633,13.819023625386853,13.461591793310602,13.522368421618353,308276000
2021-04-05,13.936091423034668,13.962493775777086,13.682526408463117,13.816532577415291,255672000
2021-04-06,13.81055736541748,14.002598966767275,13.72288142808069,13.948299632274507,191744000
2021-04-07,14.091517448425293,14.191149339324006,13.66110505727589,13.829732533836207,251284000
2021-04-08,14.26437759399414,14.418309729721305,14.196626740589064,14.200363755433141,244416000
2021-04-09,14.347074508666992,14.355045478293736,14.122902033632048,14.161758253910516,195172000
2021-04-12,15.15310287475586,15.29607580434181,14.087284632452857,14.237231804937178,869324000
2021-04-13,15.621871948242188,15.642296785961808,15.070157136320923,15.17551855147795,676212000
2021-04-14,15.220850944519043,15.662720459864476,15.171532414417515,15.567571470637294,385500000
2021-04-15,16.07794761657715,16.154664312429947,15.57405555921693,15.604941773180158,598480000
2021-04-16,15.85401439666748,16.10633370444491,15.80693731789142,15.993997110783745,335208000
2021-04-19,15.305290222167969,15.749402181564943,15.177013572325267,15.479398285932946,404420000
2021-04-20,15.11549186706543,15.440044046604253,14.908007196915346,15.266932701181231,334132000
2021-04-21,15.304045677185059,15.306038182131777,15.046744591326041,15.063183469763409,216776000
2021-04-22,14.795668601989746,15.381756666672457,14.72916341508692,15.318489656115332,277788000
2021-04-23,15.20914363861084,15.278637109184439,14.845485403594385,14.87935988361051,227500000
2021-04-26,15.421111106872559,15.422107834296444,15.069408851611096,15.129188742815874,197796000
2021-04-27,15.325217247009277,15.612905694192488,15.298067110638453,15.521243816067019,164572000
2021-04-28,15.220601081848145,15.475162801608885,15.159576467603044,15.30802899668714,209416000
2021-04-29,15.268426895141602,15.379765830719082,15.016107543211453,15.34340000196832,173196000
2021-04-30,14.954336166381836,15.308529842071689,14.941882296807739,15.118730665369561,201912000
2021-05-03,14.782222747802734,15.19071578425241,14.73315409860537,15.06941335539349,203912000
2021-05-04,14.298503875732422,14.583701921742202,13.958757564248552,14.583452977403262,405324000
2021-05-05,14.40535831451416,14.759054021385886,14.334619173139814,14.654937338900202,292024000
2021-05-06,14.469623565673828,14.517696430692741,14.165745174441199,14.441975539696038,193380000
2021-05-07,14.757810592651367,14.91572777547651,14.617826904664591,14.753825582724902,229328000
2021-05-10,14.2133207321167,14.75158504127591,14.197628684614322,14.732903760867538,268904000
2021-05-11,14.253668785095215,14.301990590214329,13.699463592554991,13.774187749389633,285584000
2021-05-12,13.70793342590332,14.20783933441675,13.658864784297744,13.958010377250185,303408000
2021-05-13,13.61502456665039,14.028998076504566,13.409532427846457,13.982169938542986,285404000
2021-05-14,14.190654754638672,14.275342404213225,13.697971960654153,13.838952397077477,258616000
2021-05-17,14.113435745239258,14.11717181044514,13.80258314797826,14.104966887360309,216980000
2021-05-18,13.964237213134766,14.35130955439113,13.952530178000735,14.214564048719183,186256000
2021-05-19,14.014054298400879,14.027753839066552,13.493474603613123,13.516638780467643,344000000
2021-05-20,14.558794021606445,14.629782114343872,14.218050986432957,14.249932964504612,321592000
2021-05-21,14.936650276184082,15.166054390870835,14.814849979402481,15.108018052622167,672992000
2021-05-24,15.554621696472168,15.687132304008871,15.120223305868196,15.156589134652451,554816000
2021-05-25,15.590240478515625,15.760362594796842,15.425597988720599,15.708055773561385,435408000
2021-05-26,15.64229679107666,15.735702226871508,15.528965356400244,15.676421168733075,370440000
2021-05-27,15.431075096130371,15.69211222113816,15.40317812935889,15.642046857508864,581476000
2021-05-28,16.184799194335938,16.21767885890233,15.444032817878627,15.444032817878627,644536000
2021-06-01,16.20472526550293,16.328021150399323,15.844802987740685,16.210205842744976,472804000
2021-06-02,16.71658706665039,16.85657172590824,16.175832350111072,16.19252112571894,594168000
2021-06-03,16.907379150390625,17.19556736897667,16.522051333849653,16.639368724927916,580008000
2021-06-04,17.513647079467773,17.59609137456024,17.03267134906249,17.049607167748274,617120000
2021-06-07,17.55424690246582,17.747036276594248,17.129564882139565,17.506673820238802,575756000
2021-06-08,17.392839431762695,17.556734115441593,17.18759528524921,17.462830794677384,323848000
2021-06-09,17.298412322998047,17.51441623745511,17.196266649300334,17.455370605646817,381656000
2021-06-10,17.36493492126465,17.43170530908903,17.1167945825232,17.290194588207186,287772000
2021-06-11,17.76380729675293,17.877414660065863,17.383622077318115,17.419248285060828,416308000
2021-06-14,17.956636428833008,17.97731494669159,17.601864607504492,17.84427598888684,321376000
2021-06-15,17.72718620300293,17.954151966900646,17.666895541106463,17.85325126082189,243032000
2021-06-16,17.748855590820312,17.8928582145457,17.52388380440414,17.729423980176904,307124000
2021-06-17,18.592941284179688,18.770078247109847,17.695047795899175,17.713234404849683,809656000
2021-06-18,18.574501037597656,19.30821305776164,18.51993932359038,18.71925067030263,968856000
2021-06-21,18.36373519897461,18.472609656878852,17.761318961042598,18.371707046884843,672384000
2021-06-22,18.8216495513916,18.89838571048754,18.322625970093895,18.407831979451938,580144000
2021-06-23,18.991558074951172,19.086729825944072,18.842573513046347,18.942229189755093,332356000
2021-06-24,19.139297485351562,19.353058520618433,19.022451210045137,19.161471913925485,320924000
2021-06-25,18.96540641784668,19.27882324370952,18.829377482363572,19.214046745528446,278364000
2021-06-28,19.916112899780273,20.009539746281707,19.25240821728546,19.294512263445398,495436000
2021-06-29,19.957719802856445,20.029470225090638,19.589243331185592,19.81396615542745,367632000
2021-06-30,19.933549880981445,20.09299819265169,19.795278090307768,19.93031096241236,326568000
2021-07-01,20.142332077026367,20.385490527597725,19.949996529159517,20.055632059782717,480136000
2021-07-02,20.416379928588867,20.434568434216665,20.217817481948444,20.369791959842154,342764000
2021-07-06,20.627153396606445,20.77015813867355,20.280104352666278,20.666018525350328,446708000
2021-07-07,20.301530838012695,20.803046315753402,20.261918703161886,20.781620788688226,418428000
2021-07-08,19.834142684936523,20.063598390632993,19.632839339363898,19.788052722862183,503300000
2021-07-09,19.981136322021484,20.011033596944927,19.686157099051567,19.893689311396027,296624000
2021-07-12,20.441797256469727,20.461975876319716,20.118165723734343,20.17023553460196,321984000
2021-07-13,20.180198669433594,20.390720799183015,20.044667777946696,20.330179245184596,290708000
2021-07-14,19.773113250732422,20.347377212875234,19.68467020255469,20.28758454219982,380100000
2021-07-15,18.90087127685547,19.77858591455297,18.79349276060635,19.74345771305895,550564000
2021-07-16,18.09839630126953,19.090963266733112,18.010700300983057,18.964900147522947,688224000
2021-07-19,18.71502113342285,18.97636621146561,17.80392103012152,17.85350083008128,749060000
2021-07-20,18.5478458404541,18.77306667414846,18.101390096554123,18.665439136855753,434687000
2021-07-21,19.343090057373047,19.459687314986905,18.677393504431258,18.816910290790638,371017000
2021-07-22,19.526460647583008,19.818449966161833,19.209555981723096,19.574295529309875,323826000
2021-07-23,19.490581512451172,19.632092217078913,19.18364266714778,19.58824326752879,195672000
2021-07-26,19.227495193481445,19.374983858977348,18.848803969588506,19.244436793032506,203943000
2021-07-27,19.141786575317383,19.55435899807369,18.676395454611008,19.19858929482004,248863000
2021-07-28,19.435771942138672,19.578278660578594,18.929523634403203,19.252406188851747,202191000
2021-07-29,19.594226837158203,19.78456845561129,19.261376580692936,19.451718199146022,190781000
2021-07-30,19.431785583496094,19.56233262989459,19.196599037799633,19.35106352111419,183497000
2021-08-02,19.681921005249023,19.892194121271995,19.294261963742557,19.63209411744404,217444000
2021-08-03,19.7466983795166,20.152295043077654,19.153748123448008,19.67195614363054,301811000
2021-08-04,20.204113006591797,20.247961956223463,19.759649378379862,19.921091596810026,231309000
2021-08-05,20.56586456298828,20.661534325497566,20.271881335250495,20.429337660982515,211435000
2021-08-06,20.295799255371094,20.499096555119213,20.140336838007727,20.453255584823058,178497000
2021-08-09,20.225046157836914,20.437311323897866,20.073569653993285,20.375524755184056,146443000
2021-08-10,19.86728286743164,20.359579568061065,19.76662927363891,20.251952033949838,179238000
2021-08-11,19.631099700927734,19.979893679889088,19.363027803581907,19.973913844041807,185925000
2021-08-12,19.836389541625977,19.959960768948545,19.552372068752263,19.80151033623967,151652000
2021-08-13,20.1184139251709,20.144325279245585,19.78257563330717,19.83639035283201,183063000
2021-08-16,19.881235122680664,20.217073411230743,19.38594658927901,20.065596914124974,210876000
2021-08-17,19.390928268432617,19.70185307512891,19.20058666248463,19.61714508254788,204585000
2021-08-18,18.974369049072266,19.566321363540087,18.934506018766548,19.432782492944614,285913000
2021-08-19,19.729759216308594,20.424357250217014,18.69732897160498,19.42680621302626,766555000
2021-08-20,20.744247436523438,20.79307832111632,19.86429170671667,19.922090443139417,675741000
2021-08-23,21.882314682006836,21.92117981464418,20.877789664818607,20.89871719014443,575807000
2021-08-24,21.717878341674805,21.88330650113912,21.460768250925426,21.678017210916853,297299000
2021-08-25,22.136432647705078,22.392546755792843,21.647125866786784,21.66207355456047,347701000
2021-08-26,21.991933822631836,22.262995617571487,21.71489219229339,22.12347879676051,237940000
2021-08-27,22.557973861694336,22.643677862471055,22.090590631749375,22.107532230785125,304722000
2021-08-30,22.60979461669922,22.963570482185514,22.473267719877327,22.751305343048546,262580000
2021-08-31,22.311779022216797,22.6207644816937,22.047646444043774,22.6207644816937,259850000
2021-09-01,22.367589950561523,22.622753028655936,22.283865100248764,22.41144663929597,201767000
2021-09-02,22.322734832763672,22.51909087939799,22.222065406056725,22.4443354699411,187834000
2021-09-03,22.76827621459961,22.910808082103483,22.127379950913973,22.251971049959415,280532000
2021-09-07,22.587865829467773,22.82409003815894,22.448322522567985,22.758305960984877,198107000
2021-09-08,22.26592445373535,22.53603785625392,21.905107228441466,22.439355044930288,254434000
2021-09-09,22.10445213317871,22.464271249955324,22.05860308506016,22.239010734032167,196856000
2021-09-10,22.404468536376953,22.551983198863454,22.19714878261406,22.274892739720574,248376000
2021-09-13,22.079532623291016,22.888876529423555,21.786493788006073,22.60979183386128,297500000
2021-09-14,22.16924285888672,22.336692569612442,22.013753027023114,22.202133951589552,199755000
2021-09-15,22.26791763305664,22.29383355511717,21.894144334606132,22.236022722228473,166538000
2021-09-16,22.16924285888672,22.20412821528791,21.855272750166648,22.110435843651945,156033000
2021-09-17,21.82835578918457,22.24797805503011,21.758585091907275,22.22704684584692,294503000
2021-09-20,21.043935775756836,21.362888683857676,20.594410879277827,21.076826867613953,349440000
2021-09-21,21.17650032043457,21.35491372577289,20.88146906785273,21.3469404733302,204688000
2021-09-22,21.869224548339844,21.888161496452156,21.126660825026075,21.29610478128571,268726000
2021-09-23,22.4084529876709,22.461279102173783,21.81838869165872,22.067570844468374,248555000
2021-09-24,22.008769989013672,22.076548344372082,21.789490317687935,21.99780629061381,217655000
2021-09-27,21.589141845703125,21.727687063616163,21.255238669165244,21.63897751646404,245215000
2021-09-28,20.631290435791016,21.34893644407722,20.583447115090674,21.144607100297833,343069000
2021-09-29,20.449880599975586,20.948244893055964,20.400043030002205,20.871497126516754,218394000
2021-09-30,20.648231506347656,20.99708693414732,20.620323224212417,20.70006144475727,221009000
2021-10-01,20.674148559570312,20.79076450155357,20.13691029679446,20.68212181172919,240978000
2021-10-04,19.667449951171875,20.474799620417603,19.49102893557556,20.436923825487426,345635000
2021-10-05,20.38409996032715,20.580456026751712,19.789052772537165,19.884739402108554,279282000
2021-10-06,20.632287979125977,20.652221111305703,20.014315254928512,20.054185321506793,297202000
2021-10-07,21.006059646606445,21.252251394930184,20.90339594423825,21.023002332349666,256919000
2021-10-08,20.762855529785156,21.136628803152057,20.707038964304342,21.031972742875528,151258000
2021-10-11,20.627302169799805,20.994098397870303,20.443904055764555,20.507695778664687,163388000
2021-10-12,20.603382110595703,20.988119137089015,20.460850231226793,20.759868133383815,162134000
2021-10-13,20.870508193969727,20.921341967295426,20.645247602040758,20.849576975737335,180652000
2021-10-14,21.67486572265625,21.683835156792203,21.052906376708478,21.2183637297649,243589000
2021-10-15,21.790481567382812,21.859256088546132,21.591136975232704,21.738651631224155,226994000
2021-10-18,22.14930534362793,22.218079867426876,21.573195134718436,21.677853093300257,189494000
2021-10-19,22.217082977294922,22.30579062746577,21.964910365115337,22.203126935634774,161473000
2021-10-20,22.030698776245117,22.359619226163996,21.91009429442329,22.232037672694034,146276000
2021-10-21,22.61777114868164,22.636710001159347,22.010764006896952,22.02471815036075,187590000
2021-10-22,22.65165901184082,23.054336786211532,22.487199745002837,22.748341829119337,249384000
2021-10-25,23.09021759033203,23.278598494667374,22.695513113631097,22.897848159028317,230235000
2021-10-26,24.636146545410156,25.176375311741033,23.845741281251218,23.9105291901344,485898000
2021-10-27,24.371015548706055,25.007925176618038,24.202567761764556,24.393941025402942,245990000
2021-10-28,24.859413146972656,24.868384481883496,24.442781235893953,24.796619505924756,234204000
2021-10-29,25.48336410522461,25.624899789420567,24.918219450808614,24.91921563206718,292503000
2021-11-01,25.74251365661621,25.809293921603484,25.144476013269458,25.565096437115333,265740000
2021-11-02,26.314634323120117,26.590728607704555,25.71560052254652,25.737529816984793,294112000
2021-11-03,26.51099395751953,26.69638634791327,26.149182413290003,26.58275893777931,239910000
2021-11-04,29.70351219177246,31.2623950368217,27.029288562062703,27.139925507145282,1153631000
2021-11-05,29.65467643737793,31.29728433418583,29.313794225323047,30.088252938531244,851260000
2021-11-08,30.703229904174805,30.99826111038882,29.8091630510037,30.050371960024457,503101000
2021-11-09,30.556713104248047,32.204307519629445,29.86598118563401,32.17639923609389,646746000
2021-11-10,29.36263084411621,30.74908123163005,28.683858832683175,29.25996904882886,636206000
2021-11-11,30.290584564208984,30.489931064518142,29.679590905724567,30.368330421751022,332172000
2021-11-12,30.290584564208984,30.57963679954635,29.53307052458696,29.911828494952534,413054000
2021-11-15,29.926780700683594,30.543755287298133,29.15132584547051,30.45205718413863,384909000
2021-11-16,30.104198455810547,30.29058701140295,29.608824510774056,29.661652535322734,264484000
2021-11-17,29.1652774810791,30.409195964278993,28.705785120196275,30.31849214904719,428508000
2021-11-18,31.571382522583008,32.65283230814321,31.21854045241291,32.26112015873358,781711000
2021-11-19,32.87710189819336,32.97976560905506,31.800634810586825,32.13752850967371,533867000
2021-11-22,31.851465225219727,34.533662437419686,31.795648655207987,33.40735781762492,754335000
2021-11-23,31.642154693603516,32.25414653332147,30.778986374975506,31.431844462985936,532163000
2021-11-24,32.56711959838867,32.747527284466,30.826830664303046,31.358088106593186,435162000
2021-11-26,31.399944305419922,32.60299466798655,31.24744493690994,32.49335390329238,283069000
2021-11-29,33.266815185546875,33.30269671767384,31.93119862998533,32.26012091262168,454964000
2021-11-30,32.56910705566406,33.24389436052743,31.759764944757165,33.06049435573746,622066000
2021-12-01,31.33600425720215,33.184167626613956,31.281177159177126,33.114388375070114,484368000
2021-12-02,32.02482986450195,32.375722550194084,30.9272972457991,31.11570313644076,472890000
2021-12-03,30.596342086791992,32.027820642535175,30.03511346450326,31.899225278294047,544325000
2021-12-06,29.942407608032227,30.14576373785318,27.94970234622703,29.78590054452752,658938000
2021-12-07,32.32487487792969,32.34680875654143,30.554469012712545,30.859506976245633,593053000
2021-12-08,31.725770950317383,32.188310380047575,31.322045727763758,31.898226458005908,475551000
2021-12-09,30.393980026245117,32.103581165831095,30.33217500414839,31.634061878266106,488507000
2021-12-10,30.1028995513916,31.206413705262143,29.766960947879433,31.051901151200305,488825000
2021-12-13,28.072315216064453,30.19859933646938,28.02745685315274,30.153740973557664,598344000
2021-12-14,28.247758865356445,28.58768456683166,27.16418223461943,27.61176761656936,667035000
2021-12-15,30.363082885742188,30.403954139971678,27.75033624261141,28.31056675334451,698297000
2021-12-16,28.297605514526367,31.06187376372511,28.004532628837605,31.053899534566042,707366000
2021-12-17,27.713449478149414,28.830919505652275,27.67257823059536,27.896870039197612,713758000
2021-12-20,27.63170623779297,28.055367052682545,27.059514491494653,27.219010461900748,461847000
2021-12-21,28.983436584472656,29.028294944690636,27.314706725168943,28.284643989318436,524385000
2021-12-22,29.307415008544922,29.461927576880676,28.359409624344213,28.80001904458484,395184000
2021-12-23,29.54665756225586,29.964338677580162,29.338316106879212,29.661295177874464,343022000
2021-12-27,30.84754753112793,30.98910054168439,29.546656940110104,29.566594412321887,403686000
2021-12-28,30.226511001586914,31.231336047997825,29.917485879079116,31.213393083122995,420591000
2021-12-29,29.90651512145996,30.451793296805008,29.273514744975753,30.17765975457117,343139000
2021-12-30,29.492830276489258,30.361087673132488,29.446975608009016,29.733070560375477,308864000
2021-12-31,29.318376541137695,29.93542853604102,29.238628557646763,29.580548773634128,266530000
2022-01-03,30.02614974975586,30.61429200145635,29.69120736718123,29.721113582152288,391547000
2022-01-04,29.1977596282959,30.372049319821922,28.25972307978426,30.18165084016446,527154000
2022-01-05,27.517072677612305,29.323366804704467,27.446297114632042,28.85783647032943,498064000
2022-01-06,28.089262008666992,28.348443450993756,26.979768076203065,27.55295615903355,454186000
2022-01-07,27.16119384765625,28.332494693927416,26.971791660779605,28.052379478532124,409939000
2022-01-10,27.313711166381836,27.382494114013422,25.5632406683439,26.497290128969677,594681000
2022-01-11,27.729398727416992,27.97661882621992,26.754479886883722,27.23695493896439,404089000
2022-01-12,27.910823822021484,28.504945618330236,27.52105444566208,27.978608560513216,383413000
2022-01-13,26.491315841674805,28.390315762334694,26.41455674867527,28.289633979579637,540171000
2022-01-14,26.85715675354004,27.111354801279813,26.127461534880105,26.217178269218586,395832000
2022-01-18,25.821426391601562,26.554112344866216,25.688845811972694,26.177302480368454,424270000
2022-01-19,24.988056182861328,26.459407663390692,24.97310403064186,25.996870135634115,488315000
2022-01-20,24.07394790649414,25.498448638286458,24.00217414256686,25.22431503185262,435181000
2022-01-21,23.300390243530273,24.74482640351697,23.189739748176777,23.432970816782724,718958000
2022-01-24,23.29839515686035,23.30636938474509,20.822218672511546,22.259676871868574,913982000
2022-01-25,22.253692626953125,22.870744544335658,21.930713619592275,22.474993586073058,664616000
2022-01-26,22.70028305053711,23.98123602247963,22.229769407799456,23.166809579557935,755959000
2022-01-27,21.87489128112793,23.919432592467135,21.606737447782898,23.49377731200437,573353000
2022-01-28,22.76807403564453,22.786017001467613,21.228935667863265,21.942680495703392,543774000
2022-01-31,24.408885955810547,24.43181423649078,22.979402057018028,23.108991809594748,564680000
2022-02-01,24.560413360595703,25.065816744698257,23.814767780089298,25.02494549207549,518925000
2022-02-02,25.16250991821289,25.735698020360548,24.475678597564364,25.712771637079914,543419000
2022-02-03,23.87258529663086,24.99802967321124,23.705115075622988,24.38097948355901,410178000
2022-02-04,24.242414474487305,24.55741930721573,23.557577711661764,23.89650713053911,354829000
2022-02-07,24.650129318237305,25.102698190128145,24.125784779344208,24.29524950581425,376868000
2022-02-08,25.028934478759766,25.150550041052337,23.90448630257758,24.282292539079087,410359000
2022-02-09,26.620899200439453,26.64083667175982,25.27315770145827,25.541309655752155,524282000
2022-02-10,25.742673873901367,26.840206412140088,25.519380273324217,25.91313678658992,513200000
2022-02-11,23.873580932617188,26.06964442204501,23.698136487325115,25.83438755548586,605472000
2022-02-14,24.190574645996094,24.79665963655919,23.680186084674517,23.858623200794963,440424000
2022-02-15,26.411563873291016,26.461405654812495,24.705951642944154,24.870431043038703,699869000
2022-02-16,26.42751121520996,26.498288671486034,25.47153166394175,26.176305909012655,732676000
2022-02-17,24.4298152923584,25.703790115892797,24.088893362759183,25.549277603155463,810595000
2022-02-18,23.567546844482422,24.9073141846699,23.027253892651444,24.590314838865833,761255000
2022-02-22,23.31633949279785,23.98821671585555,22.927568291074294,22.962457916801178,633422000
2022-02-23,22.316495895385742,24.078929495655366,22.230768194872702,23.727040557473366,566511000
2022-02-24,23.6732120513916,23.72504833875335,20.82421265561137,20.94881900592277,735801000
2022-02-25,24.08092498779297,24.14073550496428,23.307369674838906,23.646299107713094,528866000
2022-02-28,24.308210372924805,24.58732932029643,23.63234593831366,23.916448303789124,477319000
2022-03-01,23.40306854248047,24.300235899548934,23.059155656499062,24.214506278553596,412056000
2022-03-02,24.14784049987793,24.336278491001387,23.34524043941183,23.685224100178537,389642000
2022-03-03,23.643348693847656,24.253524852561736,23.39907779476586,24.189714450005976,365095000
2022-03-04,22.867666244506836,23.609449084190494,22.415018401859665,23.314331446054602,431415000
2022-03-07,21.28838539123535,22.964378855624652,21.266451574671656,22.749020877092576,450821000
2022-03-08,21.44990348815918,22.306343532359403,20.588477275477324,21.245514318732305,557467000
2022-03-09,22.945436477661133,23.150822137347905,22.180721331376475,22.320303633914452,492742000
2022-03-10,22.59049415588379,22.720105999777736,21.816805180949956,22.46387173081111,428066000
2022-03-11,22.034156799316406,23.076043457185644,21.980316832138143,22.953408821575593,367209000
2022-03-14,21.266450881958008,22.195673358229172,21.095960818464654,21.80384458359265,385354000
2022-03-15,22.90455436706543,22.96936124008591,21.258474245006287,21.45388943534592,491996000
2022-03-16,24.423019409179688,24.523718332751294,23.10296459283885,23.429986500774472,671422000
2022-03-17,24.692216873168945,24.76798876220505,23.834778411537343,24.048141553865687,471941000
2022-03-18,26.374183654785156,26.489839164055603,24.55063450386545,24.725112338972878,730719000
2022-03-21,26.654348373413086,27.07110416186951,25.889633364007818,26.42802540885607,591727000
2022-03-22,26.444976806640625,27.156850275284068,25.994323791878227,26.647371123248757,547007000
2022-03-23,25.557628631591797,26.532713584181124,25.49880439684632,26.04816147769014,502120000
2022-03-24,28.066131591796875,28.23562518243766,25.829814189665502,26.08804332010231,877379000
2022-03-25,27.609495162963867,28.273511278243372,27.189749942659294,27.802917411678866,579016000
2022-03-28,28.134923934936523,28.165831710193313,27.12494158890915,27.673304055239864,425494000
2022-03-29,28.57062530517578,28.85976031919867,27.896638718914144,28.60950867127436,488984000
2022-03-30,27.607498168945312,28.411096448284074,27.421055061663,28.2196690752362,463487000
2022-03-31,27.2047061920166,28.163840001448694,27.188755016987574,27.69922874957192,523440000
2022-04-01,26.632415771484375,27.414080364707395,26.188741881916698,27.293440575757664,517235000
2022-04-04,27.278486251831055,27.475896299662303,26.533712066907064,26.648369216228314,397120000
2022-04-05,25.85373878479004,27.237603749312893,25.743069446541703,27.17279688323679,436615000
2022-04-06,24.334285736083984,25.22462494159722,23.93149001085727,24.859716112456148,703833000
2022-04-07,24.135873794555664,24.64834229932388,23.40804924530621,24.368179386256767,557992000
2022-04-08,23.050119400024414,23.851724837527705,22.99329001527572,23.845742196501757,524781000
2022-04-11,21.851701736450195,22.253500942815894,21.59546745592254,22.147817756385205,575207000
2022-04-12,21.439931869506836,22.65729475827579,21.218593162457935,22.46985514903304,662258000
2022-04-13,22.136850357055664,22.432966395854017,21.39107965829104,21.663267032253867,516943000
2022-04-14,21.194664001464844,22.70913934444599,21.09994772609378,22.437948470033938,569097000
2022-04-18,21.718103408813477,22.02219313271973,21.016200346382977,21.13684014323295,525701000
2022-04-19,22.131866455078125,22.306344324811956,21.250499340490578,21.655289899939216,512781000
2022-04-20,21.41799545288086,22.6024555729677,21.13683607316311,22.449911553032234,468974000
2022-04-21,20.122867584228516,22.325285752038848,19.940412249254727,21.644320110833693,656209000
2022-04-22,19.456857681274414,20.424965416989473,19.441902979823055,20.24251007228569,624713000
2022-04-25,19.84270668029785,19.885577840769354,19.039108228053102,19.14479141968029,641566000
2022-04-26,18.732025146484375,19.72904585331805,18.614376672651343,19.659254708106264,653143000
2022-04-27,18.360137939453125,19.109896444638807,18.235510346277362,18.542591397089467,499460000
2022-04-28,19.723060607910156,19.977301919519842,18.434910207307524,18.910488306653104,570327000
2022-04-29,18.491741180419922,20.068030059623467,18.461829879065967,19.344193301516768,500435000
2022-05-02,19.474803924560547,19.515680231778166,18.33620622488366,18.48575893149055,572049000
2022-05-03,19.543598175048828,19.7659352569291,19.07599562451621,19.342200337321106,475751000
2022-05-04,20.273412704467773,20.339216036485332,18.695129208779278,19.86363801470655,648855000
2022-05-05,18.787858963012695,19.865637775003147,18.44488396034569,19.807811910008564,626331000
2022-05-06,18.619359970092773,19.453866151773262,17.936401353934347,18.680179051563016,633297000
2022-05-09,16.899499893188477,18.200610175903677,16.776865264300895,17.980269856071814,644455000
2022-05-10,17.542579650878906,18.143783810287378,16.974278119895548,17.636299465737004,761474000
2022-05-11,16.580453872680664,17.70010924577166,16.518640215360524,17.29531869321598,670167000
2022-05-12,16.126806259155273,16.73798070919897,15.520618927510899,16.170675786077656,708728000
2022-05-13,17.65324592590332,17.874584618378165,16.54356304480127,16.737981755398717,670437000
2022-05-16,17.21256446838379,17.735003457169242,17.055036163870508,17.456835364759026,521446000
2022-05-17,18.122848510742188,18.31627080412137,17.581466905252842,18.020154721542657,585830000
2022-05-18,16.887540817260742,18.06402585924725,16.81376185923218,17.65225609455197,545161000
2022-05-19,17.072982788085938,17.634305160902688,16.68414342710916,16.886539645818328,621310000
2022-05-20,16.644264221191406,17.35813066451446,15.708061631405265,17.280363930362633,739105000
2022-05-23,16.84765625,16.86460579941811,16.13079851441161,16.225514794885957,639889000
2022-05-24,16.105871200561523,16.547552147553244,15.732985873904111,16.460811455935517,588550000
2022-05-25,16.924428939819336,17.060023452980932,15.952333251945635,15.972274124910482,781132000
2022-05-26,17.797815322875977,18.03809652185166,15.974264096032462,15.9882223241749,996575000
2022-05-27,18.75495719909668,18.82474834379244,18.046075040592772,18.13181926193302,738379000
2022-05-31,18.616374969482422,19.142801878516646,18.295333740361873,18.9234560653081,664100000
2022-06-01,18.265419006347656,18.9962349851399,18.068008952451528,18.668216603337324,544514000
2022-06-02,19.533626556396484,19.560546538437922,18.14378074438324,18.237500543404728,648656000
2022-06-03,18.664226531982422,19.274404605825605,18.466816482062402,19.025149434663984,598779000
2022-06-06,18.73002815246582,19.27938709229923,18.508689459205605,19.081977060607624,422406000
2022-06-07,18.869613647460938,18.9433925831492,18.133811531545238,18.416965795176733,388914000
2022-06-08,18.59637451171875,19.12690128125382,18.483686480121612,18.74695554636219,363252000
2022-06-09,17.998031616210938,18.880581583160353,17.991051027241866,18.429833350813585,395574000
2022-06-10,16.9270076751709,17.648005592341615,16.822296926639886,17.551274019304014,465248000
2022-06-13,15.603679656982422,16.266838484183843,15.562792805356883,15.955702020878928,604153000
2022-06-14,15.792155265808105,16.0215180076979,15.369328457737616,15.687445485050771,469680000
2022-06-15,16.481245040893555,16.821300578805904,15.881908139766276,16.050439932166825,563936000
2022-06-16,15.557808876037598,15.897865381945072,15.358362760963734,15.816091666385807,545749000
2022-06-17,15.83603286743164,15.950714236578374,15.28556115428669,15.604674860098072,630334000
2022-06-21,16.520137786865234,16.960913567479754,16.361577575315028,16.42939011174875,483089000
2022-06-22,16.314706802368164,16.61587073985761,16.135204840649315,16.181077014713374,437135000
2022-06-23,16.180086135864258,16.53908828602995,15.809115218486442,16.473271003258226,463680000
2022-06-24,17.078582763671875,17.092543941061024,16.26484203486428,16.454316515193973,472153000
2022-06-27,16.822296142578125,17.282020263994987,16.579968879448046,17.26407044859053,427968000
2022-06-28,15.937753677368164,17.154375384027293,15.90085545872729,16.85321143493184,461149000
2022-06-29,15.498971939086914,15.776202177014092,15.128002076209375,15.770219221628231,482352000
2022-06-30,15.117030143737793,15.52390051921732,14.820852506876262,15.31847053785556,686070000
2022-07-01,14.48279094696045,15.021295848581772,14.35215407119524,14.857750345223227,577610000
2022-07-05,14.922571182250977,14.92955177197515,14.01608834866183,14.135756008662238,651397000
2022-07-06,15.088111877441406,15.27658874989287,14.748055399282007,14.968444218161782,529066000
2022-07-07,15.814094543457031,15.900853564352674,15.346393177463765,15.413208065905915,492903000
2022-07-08,15.794150352478027,15.992599747893234,15.346393120597432,15.387279970974781,467972000
2022-07-11,15.110050201416016,15.484011966579512,14.996365505258906,15.483014331967349,437321000
2022-07-12,15.040244102478027,15.388277846313347,14.835811736826283,15.225729017833062,458483000
2022-07-13,15.122015953063965,15.33243221201758,14.424951823504246,14.549605743927154,521918000
2022-07-14,15.32944107055664,15.430161276206992,14.687223985290593,15.066172037556123,456235000
2022-07-15,15.718361854553223,15.738305988579,15.40223910380052,15.615647329390558,385935000
2022-07-18,16.056419372558594,16.85021493548919,15.957694457686417,16.2568630566496,670517000
2022-07-19,16.944957733154297,17.062631077163257,16.127228231279975,16.440358091474902,702366000
2022-07-20,17.757701873779297,17.8833544065657,16.754488293525725,16.900084012250357,760538000
2022-07-21,18.000024795532227,18.093764403863,17.49642380939711,17.835482614701714,557049000
2022-07-22,17.271053314208984,17.917258166341586,17.089556062811305,17.843463625700892,536671000
2022-07-25,16.976865768432617,17.076589278551587,16.602904032037294,16.971878546789405,480748000
2022-07-26,16.487228393554688,16.872159411075533,16.43238035984879,16.84224178303558,397865000
2022-07-27,17.740745544433594,17.886341221329417,16.866172897497414,16.984842903526864,569776000
2022-07-28,17.93421173095703,18.08977999214664,17.39171903743578,17.925237772890636,474646000
2022-07-29,18.112712860107422,18.19348797443547,17.643016231379985,17.763681512135797,435460000
2022-08-01,18.389942169189453,18.7938215256265,17.94019064521122,18.131658489520138,476469000
2022-08-02,18.474716186523438,18.885576359957955,18.041917551648346,18.071835191669045,489527000
2022-08-03,18.840694427490234,18.915487551007924,18.08678689420816,18.133657657387115,418146000
2022-08-04,19.161800384521484,19.22063704890321,18.708060200093033,18.796814489472666,409652000
2022-08-05,18.936424255371094,19.17575952370509,18.614318611870626,18.75791901204397,386068000
2022-08-08,17.743736267089844,18.188502488777342,17.19426311465401,17.453543487866224,981859000
2022-08-09,17.038694381713867,17.398694940794755,16.677697139131496,17.20423514221183,668263000
2022-08-10,18.04689598083496,18.06783774802281,17.269054837998027,17.64900050219798,597422000
2022-08-11,17.89232635498047,18.65520971795895,17.82650909360647,18.080804181955322,509327000
2022-08-12,18.65719985961914,18.6661757172825,17.90329248620022,18.109720093847795,478094000
2022-08-15,18.97930908203125,19.110943606719005,18.56147037086015,18.649226086629287,457666000
2022-08-16,18.826730728149414,19.08900306515244,18.449777011947884,18.867617579479603,451240000
2022-08-17,18.28423500061035,18.636258289146177,18.094762422807918,18.47171611346851,446799000
2022-08-18,18.721025466918945,18.812769810722802,18.13265879882492,18.250332132443727,415447000
2022-08-19,17.799585342407227,18.468727183536906,17.72080358497965,18.355042477008766,441588000
2022-08-22,16.98683738708496,17.509386725743322,16.919024871308032,17.441574209966397,409593000
2022-08-23,17.13343620300293,17.416650378436234,16.923019890108804,16.941968295162376,369986000
2022-08-24,17.174320220947266,17.357810823683003,16.84822587028311,16.96490062655106,522661000
2022-08-25,17.8634090423584,17.897315311031562,16.78639903354692,16.79736826116041,770691000
2022-08-26,16.214982986450195,17.874375614644485,16.192045948797936,17.807561673056387,769127000
2022-08-29,15.75725269317627,16.29276564803654,15.723347381626995,15.97564717969457,496132000
2022-08-30,15.425175666809082,15.994593942634191,15.13996723606161,15.915813141555713,530181000
2022-08-31,15.052209854125977,15.496975134961382,14.917583393679934,15.3414069074727,573710000
2022-09-01,13.898415565490723,14.340188956278503,13.233262343519234,14.169661891977615,1178865000
2022-09-02,13.60921859741211,14.13176711995098,13.553372925822355,14.060964535551635,743157000
2022-09-06,13.427721977233887,13.740852790055504,13.314037269416279,13.692985344440922,535751000
2022-09-07,13.680092811584473,13.80378677793115,13.313002636247687,13.52946612603795,512657000
2022-09-08,13.955413818359375,13.97336992015191,13.335949711141568,13.425726414837639,624873000
2022-09-09,14.351433753967285,14.43821857334682,14.091079295828678,14.122001845912337,486612000
2022-09-12,14.469139099121094,14.511035078989412,14.16289794182431,14.333475654409431,484159000
2022-09-13,13.09853744506836,13.887582320478687,13.06661696561573,13.767879095556324,714956000
2022-09-14,13.095542907714844,13.25714208600549,12.881074316326442,13.221230840390966,588507000
2022-09-15,12.897037506103516,13.200285874328177,12.758381195489553,12.982825342829914,523625000
2022-09-16,13.165369033813477,13.179334359132639,12.585805179118893,12.71049612736367,670751000
2022-09-19,13.348915100097656,13.42971516771623,12.977835069768854,12.979829980486416,569685000
2022-09-20,13.143424987792969,13.44966616014184,13.024719705664902,13.182329079094677,524818000
2022-09-21,13.228215217590332,13.996312044305188,13.07758850400222,13.180334501882477,807679000
2022-09-22,12.529947280883789,13.116493957539719,12.397276654319372,13.03768878499316,759162000
2022-09-23,12.48505687713623,12.579822277960686,12.22669736982,12.38929449653901,663309000
2022-09-26,12.197768211364746,12.627703351069655,12.18380288466906,12.460118479404896,547343000
2022-09-27,12.38231086730957,12.704512253671364,12.22769434741233,12.476078329732838,553854000
2022-09-28,12.704512596130371,12.791297397761815,12.323457052729534,12.379318359284666,542414000
2022-09-29,12.189789772033691,12.469097284845578,11.916466992118151,12.417225794477423,532763000
2022-09-30,12.108987808227539,12.601766889967653,12.045145910694353,12.057116325939106,565638000
2022-10-03,12.481066703796387,12.64665666780186,12.075072388322885,12.316474670852143,547478000
2022-10-04,13.13444709777832,13.187316515119232,12.847159012438114,12.847159012438114,584182000
2022-10-05,13.176342964172363,13.2880665303076,12.58979733374113,12.87908032737509,507131000
2022-10-06,13.097539901733398,13.622239538294219,13.07060622540916,13.187317554392024,644157000
2022-10-07,12.04614543914795,12.638676791416017,11.992279039061453,12.474084749119333,672478000
2022-10-10,11.641146659851074,12.094023691014902,11.379794356345908,12.007238900151382,698699000
2022-10-11,11.557356834411621,11.81671332375179,11.255105480239216,11.532418070127365,667482000
2022-10-12,11.471570014953613,11.705988711915621,11.316953468077253,11.550375185170276,492590000
2022-10-13,11.930431365966797,12.048139665363264,10.786266778590695,10.943876148054613,850103000
2022-10-14,11.199243545532227,12.081057843251315,11.176300644723986,12.0271914472458,713432000
2022-10-17,11.858610153198242,11.918462240438945,11.48852799742512,11.48952497727775,580774000
2022-10-18,11.937416076660156,12.461117830022587,11.589278871439754,12.313483940586105,659362000
2022-10-19,12.02120590209961,12.3194674213086,11.804742384541735,11.849631206949502,523131000
2022-10-20,12.16385269165039,12.737430913529549,12.07507202855851,12.083052622860917,652398000
2022-10-21,12.435179710388184,12.467101136617279,11.857611660936854,12.068089492311048,609494000
2022-10-24,12.567852020263672,12.678577660700563,12.034174829585528,12.477077391333092,517457000
2022-10-25,13.228215217590332,13.26711930987685,12.63269102706923,12.662617544617813,505482000
2022-10-26,12.864116668701172,13.354899906667043,12.676581741774218,12.837183946889244,532953000
2022-10-27,13.143424987792969,13.803788998303101,13.089558589412318,13.59630304820485,583113000
2022-10-28,13.799797058105469,13.815758246237337,13.028708425425865,13.071602334811837,521040000
2022-10-31,13.463632583618164,13.803790122164811,13.264127212017728,13.743938035026355,486341000
2022-11-01,13.509519577026367,13.890575176364532,13.485578741755033,13.776856684484033,432817000
2022-11-02,13.186320304870605,14.174870563722804,13.178340660596593,13.815760885842039,672628000
2022-11-03,13.387818336486816,13.746928905168618,12.923968770800348,13.010753571214046,500065000
2022-11-04,14.121004104614258,14.193823590572745,13.66313824443395,13.951424297335134,612576000
2022-11-07,14.265644073486328,14.376369715229352,13.919502771881342,14.19282459299917,410061000
2022-11-08,14.565900802612305,14.854185888099915,14.18085444989022,14.764408236163073,595292000
2022-11-09,13.741942405700684,14.175867398651944,13.724984235954823,14.12698780032859,454414000
2022-11-10,15.711060523986816,15.734003424063605,14.51103468975513,14.763409444549325,700819000
2022-11-11,16.286636352539062,16.348483351245335,15.443726031126113,15.767922381770838,655487000
2022-11-14,16.254714965820312,16.49911010478808,15.882636965812782,16.17790566297231,527852000
2022-11-15,16.624799728393555,16.955977806854108,16.341501419582265,16.680661045178866,545876000
2022-11-16,15.870667457580566,16.32154969717503,15.833759225066268,16.122045274835585,649547000
2022-11-17,15.6382417678833,16.225786282199604,15.496592636887353,15.676147926956387,710894000
2022-11-18,15.370904922485352,15.962439267152297,15.082618903576678,15.926527067026893,492072000
2022-11-21,15.279131889343262,15.43873616621096,15.0427173645285,15.1095521073422,404739000
2022-11-22,15.998353004455566,16.01830401963345,15.084617057750513,15.29010813802562,472866000
2022-11-23,16.478158950805664,16.486140496528126,16.008324643497133,16.05820026675545,427241000
2022-11-25,16.229772567749023,16.446235087356825,16.13201530082937,16.27765422168635,167934000
2022-11-28,15.787872314453125,16.31656273871607,15.68612519322037,15.98637975502715,303741000
2022-11-29,15.600337028503418,15.89261289133373,15.481631739149844,15.787871978822768,298384000
2022-11-30,16.885480880737305,16.892465330806235,15.56242050073122,15.662198222921692,565298000
2022-12-01,17.09701156616211,17.22672251600334,16.59812007687738,16.961313400800822,470977000
2022-12-02,16.838581085205078,16.89545581318878,16.408536964976825,16.62206317311855,371389000
2022-12-05,16.57317352294922,16.957320143368804,16.43547900431618,16.64202078226574,352255000
2022-12-06,15.951556205749512,16.536256494140442,15.783928452332743,16.493352558842304,352694000
2022-12-07,16.084259033203125,16.150112680566554,15.632262419910722,15.737030105203344,372388000
2022-12-08,17.130937576293945,17.140915635032428,15.923619112619104,16.236924067023104,515456000
2022-12-09,16.963308334350586,17.544018774553155,16.93736690492108,17.121956228129644,465338000
2022-12-12,17.496126174926758,17.49911978299442,16.759763296368646,16.999231007459425,457328000
2022-12-13,18.031936645507812,18.748345320787976,17.671736886309308,18.48991872198985,656589000
2022-12-14,17.634817123413086,18.21153673692968,17.38138052214265,17.947122938893273,496888000
2022-12-15,16.914417266845703,17.281601445328924,16.662977044280925,17.107987414571323,478542000
2022-12-16,16.53426170349121,17.003220944622573,16.373619336340138,16.82661330300129,478232000
2022-12-19,16.21796417236328,16.57217667143344,16.109206574205285,16.53525994983705,354039000
2022-12-20,16.049339294433594,16.27384085919094,15.81685699546008,16.028385941930914,403260000
2022-12-21,16.46441650390625,16.590138515163844,16.066300925017234,16.078275356146534,325025000
2022-12-22,15.3049898147583,16.102218994573636,14.849003304954408,16.058315928020217,565045000
2022-12-23,15.17228889465332,15.304993457460409,14.850005025607482,15.162310836101799,349326000
2022-12-27,14.089693069458008,15.066522651056324,14.024836646016347,15.04058027199165,464902000
2022-12-28,14.004878997802734,14.230377732916525,13.853215592771988,13.896120471990926,351066000
2022-12-29,14.570624351501465,14.650446912717559,14.195458504097823,14.370070713593025,354923000
2022-12-30,14.581600189208984,14.59656632429452,14.20144437182903,14.302220281186143,310490000
2023-01-03,14.283262252807617,14.962753137456133,14.064747927725566,14.818074155568226,401277000
2023-01-04,14.716300010681152,14.820069526606867,14.209426861493185,14.534704309371103,431324000
2023-01-05,14.23337459564209,14.531711494421922,14.116633408077806,14.458873382334806,389168000
2023-01-06,14.826056480407715,14.976721722809424,14.002885769126838,14.441909831289994,405044000
2023-01-09,15.593352317810059,16.020402921173815,15.107431553171974,15.25011511747284,504231000
2023-01-10,15.87372875213623,15.926610744079499,15.437697345288079,15.472619594978903,384101000
2023-01-11,15.965522766113281,15.992463329246284,15.528494153741377,15.804880428301976,353285000
2023-01-12,16.474393844604492,16.60011394726638,15.457652972865747,16.064305755567425,551409000
2023-01-13,16.86153221130371,16.88448193196626,16.129160360121443,16.24190878461204,447287000
2023-01-17,17.662755966186523,17.688699300985697,16.861536645437063,16.861536645437063,511102000
2023-01-18,17.33847427368164,17.83337297862017,17.243683680111356,17.627830325283927,439624000
2023-01-19,16.72783088684082,17.158874241400532,16.693907773124163,16.998229980422312,452932000
2023-01-20,17.79945182800293,17.816414337109105,16.787699916065623,16.973286475081306,564967000
2023-01-23,19.150449752807617,19.202334514054723,17.77849813911899,18.0239511412495,655163000
2023-01-24,19.222286224365234,19.451777728959655,18.778273155345232,18.7852576049282,496204000
2023-01-25,19.280162811279297,19.32705950006516,18.538809936927446,18.871071892196763,449537000
2023-01-26,19.75809669494629,20.121289984084356,19.235258296776955,19.657320791237296,489535000
2023-01-27,20.319849014282227,20.582266410433473,19.36197832095678,19.41885115591402,542142000
2023-01-30,19.11952018737793,20.095350783793005,19.107545755024255,19.90577336731511,488611000
2023-01-31,19.493688583374023,19.643355663941833,18.907990025151328,19.12750161644277,498017000
2023-02-01,20.896570205688477,21.145016818201913,19.567522516028927,19.647345080075983,660477000
2023-02-02,21.660871505737305,21.900339205368454,20.654109551727693,20.953443700486602,564276000
2023-02-03,21.053220748901367,21.696791212168588,20.74290942748652,20.95344207269312,429366000
2023-02-06,21.0422420501709,21.52217456940096,20.73991246279001,20.759868575425514,452197000
2023-02-07,22.123844146728516,22.209653931499272,21.10311135974189,21.33459738007037,664150000
2023-02-08,22.155771255493164,22.827279543884256,21.959207503696422,22.33736696829217,559651000
2023-02-09,22.287477493286133,22.96896380674192,22.07095953858251,22.555882109825383,523876000
2023-02-10,21.21785545349121,22.029052780138088,20.764863390521825,21.641914381705053,550737000
2023-02-13,21.73969268798828,21.99911645552033,20.91552384659178,21.49024697725974,474919000
2023-02-14,22.920068740844727,22.9978949140653,21.318625944342383,21.53015578557321,675474000
2023-02-15,22.713529586791992,22.804327433692144,22.056989406086455,22.499006113761624,420575000
2023-02-16,21.953218460083008,22.50000187845595,21.87838398717314,22.0839266243148,412026000
2023-02-17,21.340579986572266,21.69179883261227,20.92849556480954,21.583041248476633,465888000
2023-02-21,20.609207153320312,21.44634583081081,20.5722885301492,20.953441579866375,410015000
2023-02-22,20.707990646362305,21.05721512005145,20.375728683689406,20.66109585965175,513184000
2023-02-23,23.61153793334961,23.835042267919597,22.97395461774742,23.388035501899783,1117995000
2023-02-24,23.234373092651367,23.421957916477858,22.89612587509221,23.17350941362294,589716000
2023-02-27,23.44890022277832,23.82705973062597,23.40200543687523,23.617526191892537,452994000
2023-02-28,23.16452980041504,23.772180806302725,23.15455174201123,23.320184085898383,455963000
2023-03-01,22.647676467895508,23.204439895549427,22.45809718193452,23.140580708274207,460026000
2023-03-02,23.262313842773438,23.328167510652396,22.38226919901642,22.438146710867823,389415000
2023-03-03,23.837034225463867,23.8470122834048,23.07871895003249,23.268298244670323,412393000
2023-03-06,23.50178337097168,24.194243164611763,23.43493056523591,23.8380361602402,437429000
2023-03-07,23.24031639099121,24.07560247170694,23.193411743392723,23.551677824513874,515154000
2023-03-08,24.131488800048828,24.150450902284962,23.376038799236685,23.438909531706024,513573000
2023-03-09,23.38801383972168,24.403929057492398,23.33512096029611,24.125499097663184,501257000
2023-03-10,22.91797637939453,23.57862150456227,22.679465442665016,23.36106747628327,474866000
2023-03-13,22.918973922729492,23.250294843227117,22.25134506080111,22.705413316762304,421890000
2023-03-14,24.01372718811035,24.169407892174178,23.411961279895785,23.447888767567775,474910000
2023-03-15,24.178390502929688,24.236270399989948,23.31216782093887,23.71234578983034,524486000
2023-03-16,25.48870277404785,25.535605516897093,23.845073897032023,23.977802891862606,583253000
2023-03-17,25.672330856323242,26.34495069136216,25.61544644686534,25.92880464247604,848547000
2023-03-20,25.846965789794922,25.970712430849073,25.07854201438664,25.562549518958868,432747000
2023-03-21,26.145357131958008,26.337962757604163,25.329033093000934,26.12639693275394,547408000
2023-03-22,26.41380500793457,27.53250995771594,26.183277100976117,26.370891881444173,797295000
2023-03-23,27.135326385498047,27.442696318613994,26.635352731683053,27.05948178238723,564889000
2023-03-24,26.72416877746582,27.111374826778054,26.301037139360137,26.975653609349873,454920000
2023-03-27,26.47667121887207,26.944710685961816,26.31101078030476,26.782044363005618,361026000
2023-03-28,26.355926513671875,26.4587162651786,25.797073622443282,26.392851412554858,356104000
2023-03-29,26.928752899169922,27.0225603089149,26.542546101088504,26.77007993924964,393694000
2023-03-30,27.326929092407227,27.4426926938408,27.046504340175957,27.1732450978703,364516000
2023-03-31,27.720123291015625,27.77700578403353,27.049498418004845,27.08442659853217,433933000
2023-04-03,27.90774154663086,27.942669731519793,27.28002971948546,27.45267583533266,398716000
2023-04-04,27.396785736083984,27.94266656976958,27.251084780335454,27.908735793018696,368592000
2023-04-05,26.825960159301758,26.9427192704289,26.3409552107088,26.77406658654195,515015000
2023-04-06,26.981639862060547,27.02455108460632,26.372888285157632,26.529566401792227,397654000
2023-04-10,27.52252960205078,27.564443419953324,26.614393073942708,26.768077072918704,395279000
2023-04-11,27.113370895385742,27.7330996597478,27.070457767266205,27.66723481289394,314378000
2023-04-12,26.44074821472168,27.4117554199044,26.39384357131544,27.31395651647884,446259000
2023-04-13,26.408811569213867,26.831943139385213,26.275087085274208,26.67925655636213,353615000
2023-04-14,26.703210830688477,26.827954885781043,26.166312310977247,26.44973120006375,395660000
2023-04-17,26.94671058654785,26.95070210668743,26.37887544680579,26.510605128627287,321471000
2023-04-18,27.610347747802734,28.052441434897503,27.30098304931903,27.476623258466837,604812000
2023-04-19,27.873807907104492,27.94266686552096,27.176239781728775,27.304975350464428,358660000
2023-04-20,27.04850196838379,27.972606485594795,26.944714827313312,27.614340416338198,427713000
2023-04-21,27.063472747802734,27.127342787585114,26.66728625337911,26.896814866617028,345103000
2023-04-24,26.98662757873535,27.309963550008472,26.616386963271044,26.9576876302619,339282000
2023-04-25,26.187271118164062,27.191211864022204,26.17130503524893,27.022557264988468,378527000
2023-04-26,26.900802612304688,27.27403733509567,26.65031712353252,26.946709851264895,406337000
2023-04-27,27.170249938964844,27.438700120455238,26.57048075680254,27.30697044349632,377161000
2023-04-28,27.692182540893555,27.701162985929276,27.015569392110717,27.169255299832017,292216000
2023-05-01,28.850807189941406,28.99850487853989,27.723121680285786,27.782998298498846,570329000
2023-05-02,28.15223503112793,28.776954560836412,28.025496178380074,28.621273856351937,402730000
2023-05-03,27.745071411132812,28.30891502450401,27.415747210218576,27.782993707204334,383387000
2023-05-04,27.50556755065918,27.80195842799496,27.184226337640972,27.594384121705687,321850000
2023-05-05,28.621274948120117,28.696120235561477,27.67421872062941,27.76902351276572,361494000
2023-05-08,29.091310501098633,29.16016946274796,28.291951910306917,28.46359870886539,344979000
2023-05-09,28.51249885559082,28.913676170511692,28.3917482221622,28.839828282414175,314869000
2023-05-10,28.825857162475586,29.053390963914687,28.402725530757564,28.94561039227481,369350000
2023-05-11,28.519485473632812,28.89072544575844,28.18816641833993,28.83683515837139,322149000
2023-05-12,28.28196907043457,28.72106862682804,27.988570462268328,28.47058123775665,274222000
2023-05-15,28.893714904785156,28.90968288930767,28.09435634331566,28.449626392092515,293926000
2023-05-16,29.153182983398438,29.808839206478215,28.77296450239682,28.781944947212995,449405000
2023-05-17,30.116209030151367,30.13716594058163,29.369741392303435,29.52342540212538,432535000
2023-05-18,31.613136291503906,31.76282877397273,30.257917101676483,30.347732971846412,748725000
2023-05-19,31.199981689453125,31.515334611569322,30.852694703812897,31.471424084571897,473908000
2023-05-22,31.112167358398438,31.45546287720747,30.617182635048753,30.83772890145582,372000000
2023-05-23,30.625164031982422,31.223935873295638,30.568281535055462,30.936525465603022,356253000
2023-05-24,30.475467681884766,30.544326634762978,29.744966242348955,30.148138304684203,721419000
2023-05-25,37.9022331237793,39.39916178020132,36.55998587698389,38.44412056648187,1543911000
2023-05-26,38.86625671386719,39.08979709643769,37.47311513309701,37.812419131021514,714397000
2023-05-30,40.028873443603516,41.852132355940626,39.867206384616175,40.51188361880298,923401000
2023-05-31,37.75653076171875,40.21249015793831,37.74455429743757,39.40714336242504,1002580000
2023-06-01,39.688568115234375,39.967993574032356,38.2614958531395,38.410189027460895,635873000
2023-06-02,39.2464714050293,40.4170698367897,38.97802122010776,40.014895164925456,482731000
2023-06-05,39.09079360961914,39.48398404045427,38.627743010740026,38.82932905392205,396094000
2023-06-06,38.574851989746094,39.0798164296081,38.069887549884086,38.750494112150655,388729000
2023-06-07,37.40213394165039,39.42220064737449,37.28336583715142,38.8393365135724,511998000
2023-06-08,38.43512725830078,38.78843910356959,37.43208391857247,37.650656098499375,417772000
2023-06-09,38.694618225097656,39.6337866781629,38.492013810296655,38.96109737948555,427717000
2023-06-12,39.40523147583008,39.45313848189554,38.542912981212005,39.12378209838564,388701000
2023-06-13,40.942237854003906,41.0210866253636,39.66273283742683,40.107864800357326,613208000
2023-06-14,42.91340255737305,42.91639507972652,40.47315286932789,40.744627187256896,740465000
2023-06-15,42.570072174072266,43.20483722073351,42.06505544214176,42.51917264005908,568622000
2023-06-16,42.60899353027344,43.63599213320871,42.5780517641451,43.3655191410193,655709000
2023-06-20,43.72282791137695,43.90447708552211,42.5910337413259,42.9144051358894,451153000
2023-06-21,42.961307525634766,43.53020280046162,41.998187390967416,43.416422222584046,551603000
2023-06-22,42.941349029541016,43.341566542076215,42.15188658669768,42.170846843287116,417737000
2023-06-23,42.126930236816406,42.72576209923424,41.93330719856048,42.381435491620046,358140000
2023-06-26,40.553001403808594,42.68085624285854,40.02203424973249,42.37844394803587,594322000
2023-06-27,41.794578552246094,41.858453292545065,40.369357466339395,40.71967293420545,462175000
2023-06-28,41.03705978393555,41.763645026068765,40.439225350764865,40.58094756482351,582639000
2023-06-29,40.74262619018555,41.51911336113598,40.521057714884826,41.47719520674288,380514000
2023-06-30,42.21975326538086,42.467272192490576,41.420311904436474,41.5989647398468,501148000
2023-07-03,42.330528259277344,42.81458581035407,42.11994000015232,42.434326127886784,198209000
2023-07-05,42.2347297668457,43.09305457985884,42.003178561095986,42.053080590984536,323618000
2023-07-06,42.021141052246094,42.096993500956245,41.2656128948708,41.76264574505463,303582000
2023-07-07,42.42035675048828,43.12997664792233,42.097986731680244,42.239708925322894,355881000
2023-07-10,42.09798812866211,42.72776176918797,41.56801853142634,42.57406186731793,353908000
2023-07-11,42.32254409790039,42.67485834432988,41.985203882736315,42.39839653240351,298244000
2023-07-12,43.8166389465332,43.84957572671799,42.69382635632928,42.949329116868,481277000
2023-07-13,45.88761520385742,46.065266739732245,44.40550165096542,44.43145207784274,478204000
2023-07-14,45.38059997558594,47.994507542631396,44.97239476607481,46.49243252940778,772075000
2023-07-17,46.37065887451172,46.40559066754623,45.17399273078662,46.19899623861634,510488000
2023-07-18,47.40165328979492,47.80287207706954,45.64507706670889,46.6101959109385,569164000
2023-07-19,46.9854621887207,47.7250225002053,46.65111448328101,47.37171073363014,427502000
2023-07-20,45.43149185180664,46.99544633379389,44.974382199398164,46.416572252146125,537865000
2023-07-21,44.22285079956055,45.77682663388391,44.014257511133955,45.698975360580505,963769000
2023-07-24,44.52525329589844,45.021288544388135,43.95436692767747,44.64402138745575,382516000
2023-07-25,45.590187072753906,46.093204951452925,44.835656447425045,44.85362300335587,348081000
2023-07-26,45.363624572753906,45.96345774796509,44.54322423850326,45.93151847506049,364237000
2023-07-27,45.81075668334961,47.30284884094631,45.66104681024001,46.42855262404122,455976000
2023-07-28,46.65910339355469,46.93556524542494,46.29082136263418,46.57726209617673,331194000
2023-07-31,46.63813781738281,47.038359066996236,46.415571856481925,46.6630907290073,251055000
2023-08-01,46.41657638549805,46.8088138287661,45.93751010661882,46.369666884333206,237858000
2023-08-02,44.18292999267578,45.75087468728102,43.302644871740895,45.74189331269121,530142000
2023-08-03,44.42845153808594,45.03027980086514,43.714841517541664,43.714841517541664,324176000
2023-08-04,44.59313201904297,45.553259657619556,44.306691262413594,44.89753933286693,362666000
2023-08-07,45.328697204589844,45.45145915668349,44.47635751419299,45.02329239286848,322154000
2023-08-08,44.5771598815918,45.154035175235585,43.97034032891443,44.765791580742274,353843000
2023-08-09,42.47126770019531,44.22584923169371,42.052082281111176,44.18792110075107,586449000
2023-08-10,42.30559158325195,43.48928663606157,41.75366530069566,42.07803421130193,492705000
2023-08-11,40.77556228637695,41.93630299373014,40.55998266636193,41.669820039034846,533085000
2023-08-14,43.667930603027344,43.714840105511556,40.23262525589616,40.40728424676243,690286000
2023-08-15,43.85457229614258,45.17999337738196,43.625019909517064,44.4733696589914,676512000
2023-08-16,43.401451110839844,44.58813853982079,43.32160482572684,44.43344112151487,527451000
2023-08-17,43.259727478027344,43.97632996907339,42.91739206244817,43.88450979004493,452395000
2023-08-18,43.21480941772461,43.49326626137414,41.57899634242321,42.55209903416188,583768000
2023-08-21,46.87568664550781,46.97349568922654,44.13602449197177,44.40749503476182,692573000
2023-08-22,45.57920455932617,48.09330773941367,45.24485683130546,48.041406896438666,755293000
2023-08-23,47.024391174316406,47.10822748349232,45.12010004821166,45.77682161070316,779046000
2023-08-24,47.07129669189453,50.16826400478164,47.067306662299096,50.118361983877634,1156044000
2023-08-25,45.92852783203125,47.71205208326433,44.936457196698406,46.92059466008382,925341000
2023-08-28,46.74393844604492,46.88865698143186,44.800725372190506,46.3916241394205,685192000
2023-08-29,48.68914031982422,48.98556368912056,46.300791934750826,46.575258722484406,701397000
2023-08-30,49.168209075927734,49.829918115562,48.33083976005429,48.94863563426867,735206000
2023-08-31,49.259037017822266,49.64728061160453,48.86280955740575,49.283989932424504,528570000
2023-09-01,48.4146728515625,49.7031628603495,48.04838590640615,49.665238548597735,463830000
2023-09-05,48.45360565185547,48.75601791251672,47.76694364415611,48.1292368066892,382653000
2023-09-06,46.97336196899414,48.4585899209421,46.49325871140174,48.35079314460042,468670000
2023-09-07,46.15489196777344,46.25770080270002,45.067919183407476,45.440225686097044,433330000
2023-09-08,45.48714065551758,46.519215678178135,45.18670244634744,45.856454433608306,473069000
2023-09-11,45.0938720703125,46.07703462980452,44.229483586598796,46.062063171640766,473966000
2023-09-12,44.78643798828125,45.58794397072558,44.448068603943426,44.65468384100226,349256000
2023-09-13,45.40030288696289,45.844473946840324,44.420129217307256,44.516948715229006,398355000
2023-09-14,45.496124267578125,45.90136648262812,45.04696145729557,45.864436629731664,370097000
2023-09-15,43.8182487487793,45.514082288276775,43.726417212467545,45.25656332752661,506831000
2023-09-18,43.88412857055664,44.15961559349167,41.921789942113186,42.66839815481211,500271000
2023-09-19,43.438961029052734,43.8841296709857,42.921924053303314,43.7513779115944,373064000
2023-09-20,42.16035079956055,43.8212539488895,42.144381748538365,43.518816723640995,367108000
2023-09-21,40.940616607666016,42.02160003234205,40.90368675780257,41.50556449339025,450736000
2023-09-22,41.53252410888672,42.036584881029356,41.1542281804466,41.49459285327168,479236000
2023-09-25,42.14337921142578,42.4567936946112,41.1003231092512,41.51355366859355,419091000
2023-09-26,41.83295440673828,42.74026210135053,41.577430601284675,41.92278696484624,402282000
2023-09-27,42.388919830322266,42.79217068875673,41.55148521974545,42.2511801171412,444935000
2023-09-28,43.00876235961914,43.36509601724836,42.036577072071424,42.38093203987961,424663000
2023-09-29,43.417999267578125,44.06179864340564,43.22635545841842,43.74538760189782,397830000
2023-10-02,44.6986083984375,45.09087429927052,43.779322054087544,43.94800606273331,433298000
2023-10-03,43.43596649169922,45.045965740925496,43.16547120468859,44.7245629218231,470850000
2023-10-04,43.958984375,44.06079561199084,43.2113786628117,43.660541405308585,361821000
2023-10-05,44.60478591918945,44.816392949836604,43.80627636575413,43.967973455641534,393483000
2023-10-06,45.676788330078125,45.70373848025028,43.9440208476475,44.11070969679084,434436000
2023-10-09,45.18869400024414,45.52007649973999,44.28538045832398,44.75849682767498,409675000
2023-10-10,45.71271896362305,46.17285906419018,45.004041982640686,45.22562871384522,368582000
2023-10-11,46.71884536743164,46.77174808079545,45.96425254771436,46.109980599288626,378137000
2023-10-12,46.857582092285156,47.52034710135052,46.24372943331202,46.68989566086201,481325000
2023-10-13,45.37635040283203,47.02827139098628,45.19568766753486,46.87255982126832,474115000
2023-10-16,46.00917053222656,46.13892572569301,44.82837085700402,44.97909066386404,375099000
2023-10-17,43.8561897277832,44.670672271855,42.40090425613856,43.91807456153945,812333000
2023-10-18,42.117427825927734,43.13852556211427,41.7471202631781,42.511692770661035,627294000
2023-10-19,42.02260971069336,43.216381906827145,41.8040157217801,42.731286777485096,501233000
2023-10-20,41.309932708740234,42.39091619548763,41.00150619051564,41.81199440818419,477266000
2023-10-23,42.89497756958008,43.1674718539468,40.86875871685224,41.152230295210934,478530000
2023-10-24,43.58169174194336,43.615628825296106,42.611505424258,42.996784415979555,401463000
2023-10-25,41.701202392578125,43.56872058494652,41.477620479123594,43.31718712471628,398379000
2023-10-26,40.250911712646484,42.177318286010724,39.80574303401105,41.77506880872993,541001000
2023-10-27,40.42458724975586,41.12927392659706,39.94048973150051,41.0534152286562,416784000
2023-10-30,41.08435821533203,41.68823125867914,40.405624059194345,41.01049849985918,388028000
2023-10-31,40.70405960083008,40.80287807912132,39.15694672159714,40.37467609597359,517969000
2023-11-01,42.246192932128906,42.30208841819016,40.79290267934758,40.80787414060049,437593000
2023-11-02,43.42498779296875,43.802282272530825,42.814127888386025,43.247317846401735,409172000
2023-11-03,44.921199798583984,45.22463078266812,43.641585445769095,43.93803330221259,424610000
2023-11-06,45.66580581665039,45.849465106470674,44.815391150878824,45.20067395834923,400733000
2023-11-07,45.86943054199219,46.13193749816825,45.073913725971586,45.63386992886557,343165000
2023-11-08,46.487274169921875,46.779727832903724,45.8823998221808,46.01415398971753,346719000
2023-11-09,46.86257553100586,48.14019083451283,46.662947187934414,47.3786111235174,540496000
2023-11-10,48.244991302490234,48.38173722144184,47.194952159011976,47.411547124751294,421245000
2023-11-13,48.52946472167969,49.02454332437156,48.00943495548385,48.230024106474055,384136000
2023-11-14,49.563533782958984,49.74120373030796,48.948683517262864,49.58749116388393,416954000
2023-11-15,48.79697036743164,49.866972887678294,48.11025170692205,49.84202172257436,475497000
2023-11-16,49.38786315917969,49.432781344923285,48.240006851203624,48.588356005845505,339756000
2023-11-17,49.206207275390625,49.62442581647781,48.9157487529458,49.43178439121729,325205000
2023-11-20,50.31513977050781,50.45388089415767,49.08942564411514,49.22018224237135,414120000
2023-11-21,49.85099792480469,50.42292897370047,49.130342262240724,50.03265822480747,565747000
2023-11-22,48.625282287597656,50.24126692176278,47.60119189596065,49.759168450104845,899420000
2023-11-24,47.687034606933594,48.829902895158824,47.656090292901155,48.37974251431558,294645000
2023-11-27,48.15216827392578,48.4396301867081,47.5632667713432,47.71098998988454,395662000
2023-11-28,47.73195266723633,48.233020614585215,47.38460109717888,48.146180818273855,401491000
2023-11-29,48.05036163330078,48.67120510025969,47.770884217997974,48.288918833586436,382005000
2023-11-30,46.68291091918945,48.02041588268528,46.335559349897565,47.934573676190574,526247000
2023-12-01,46.67792510986328,47.112116530587656,46.1010022026633,46.43837411108703,369317000
2023-12-04,45.425254821777344,45.99120035967438,44.926185864436995,45.99120035967438,437543000
2023-12-05,46.48337936401367,46.51731562556562,45.19067511548695,45.385328820380614,371718000
2023-12-06,45.42226028442383,47.30292009715476,45.331422145943435,47.13122440124437,380590000
2023-12-07,46.51332473754883,46.54626712955494,45.52308427817849,45.6189146142351,350823000
2023-12-08,47.42171096801758,47.65629461849747,46.467405912391875,46.51232804934258,359224000
2023-12-11,46.544273376464844,47.44666883134117,45.748690336704186,47.40674269328456,509728000
2023-12-12,47.572444915771484,47.581427820158346,45.96430321028968,45.96430321028968,372387000
2023-12-13,48.00267791748047,48.50778063121328,47.52353004634861,47.54449269431196,447792000
2023-12-14,48.26420974731445,48.58364165791398,47.337858729747325,48.30413968812158,391232000
2023-12-15,48.803253173828125,49.31634111544804,48.034618938742405,48.10848894942567,479948000
2023-12-18,49.9881477355957,50.34351507731144,49.062794375670336,49.31235079913167,412587000
2023-12-19,49.51598358154297,49.61181391094036,48.80824198487287,49.33630266590499,464444000
2023-12-20,48.025630950927734,49.91028133379936,48.01265353097003,49.56688996732464,397894000
2023-12-21,48.903076171875,49.007889407965415,48.333086371904265,48.724392927903814,300425000
2023-12-22,48.74335861206055,49.29537497058781,48.38099994161529,49.107708829124014,252507000
2023-12-26,49.19156265258789,49.51199224313979,48.87312841671405,48.88111364335506,244200000
2023-12-27,49.329322814941406,49.591856680513665,48.997911127361846,49.42315780443188,233648000
2023-12-28,49.43413162231445,49.79548883206165,49.324326187941345,49.55491912329638,246587000
2023-12-29,49.43413162231445,49.90829110638661,48.664499712290464,49.72461566156116,389293000
2024-01-02,48.0825309753418,49.20753015338818,47.51054964423797,49.1566219566508,411254000
2024-01-03,47.484596252441406,48.09850289557728,47.23603751691528,47.40074566328975,320896000
2024-01-04,47.912837982177734,48.413946184142475,47.42370571637504,47.68224504410837,306535000
2024-01-05,49.0098876953125,49.459090025386296,48.22029079492016,48.37601604637922,415039000
2024-01-08,52.16028594970703,52.18225008334284,49.39120958940494,49.424151981929796,642510000
2024-01-09,53.04571533203125,54.22861420741035,51.598287244233845,52.30802809263291,773100000
2024-01-10,54.25356674194336,54.50312317370562,53.39409433002728,53.52087170860792,533796000
2024-01-11,54.7247200012207,55.24779226380535,53.46496212237643,54.9014078742,596759000
2024-01-12,54.61292266845703,54.872463461679565,54.23359967517569,54.52308221048439,352994000
2024-01-16,56.28196334838867,56.734158722808395,54.80259436306696,54.920385030235444,449580000
2024-01-17,55.953548431396484,56.370806056804064,54.64287831771136,56.24702551752996,474394000
2024-01-18,57.005672454833984,57.497797746406825,56.00744677307047,57.15840086229008,491650000
2024-01-19,59.38544464111328,59.394427545023596,57.12346261571884,57.88610696898355,543501000
2024-01-22,59.548160552978516,60.22396136186126,58.96519705770333,59.94246019662586,452955000
2024-01-23,59.76676559448242,59.803698694627826,58.48104894335419,59.464301820428496,294654000
2024-01-24,61.25312423706055,62.73748534909312,59.831651069260054,60.19700279855746,560271000
2024-01-25,61.50767135620117,62.607717226695215,60.742030169454694,62.239368666397,482777000
2024-01-26,60.92271423339844,61.67338271174931,60.46553046315559,60.85184105783135,390309000
2024-01-29,62.35416793823242,62.37812361839996,60.79893365210522,61.12335395532468,348733000
2024-01-30,62.66261291503906,63.38033889790534,62.14952501071203,62.78839260190601,410735000
2024-01-31,61.4178352355957,62.15851930991276,60.592302887690344,61.33098779929159,453795000
2024-02-01,62.91516876220703,63.07887923181449,61.5406131324354,61.98981163068563,369146000
2024-02-02,66.04261016845703,66.48182425910672,63.57698787949549,63.86048434942647,476578000
2024-02-05,69.208984375,69.37369252800232,67.08575942583846,68.10394628020288,680078000
2024-02-06,68.1019515991211,69.630233381063,66.18236704818828,69.50645284574946,683111000
2024-02-07,69.97461700439453,70.09540449820057,67.48005062301553,68.19777661316522,495575000
2024-02-08,69.51742553710938,70.66837949372972,69.33175856710787,69.9496558671256,414422000
2024-02-09,72.00502014160156,72.05692221360141,70.08742326576261,70.40785287358678,436637000
2024-02-12,72.11981201171875,74.4786183227707,71.1235816589561,72.47118484090161,613710000
2024-02-13,72.0000228881836,73.31967588505927,69.49647717607553,70.2750920169868,602580000
2024-02-14,73.76889038085938,74.10429279758857,71.81037331243682,73.0721307009838,504917000
2024-02-15,72.52908325195312,73.84374789733648,72.27154539670707,73.73794078168315,420122000
2024-02-16,72.4841537475586,74.2699807907232,72.37235296886776,73.96851471281462,495327000
2024-02-20,69.32877349853516,71.82832841143384,67.61381946264177,71.81934169951924,704833000
2024-02-21,67.35228729248047,68.76577530674938,66.13045996080022,67.88533642606332,673755000
2024-02-22,78.3986587524414,78.43558804957509,74.08831901858908,74.89189108055353,865100000
2024-02-23,78.67715454101562,82.24780364536768,77.4323654765101,80.64665337566204,829388000
2024-02-26,78.95167541503906,80.50291911362528,78.36571128314377,79.5585907729136,503973000
2024-02-27,78.56136322021484,79.338988045559,77.02509990421383,79.24015705268404,391705000
2024-02-28,77.52519226074219,78.79293534780788,76.98814490868608,77.48226929356848,393110000
2024-02-29,78.97162628173828,79.84806674793919,78.21097730890395,78.95366047452625,507289000
2024-03-01,82.13301086425781,82.15397732028299,79.29405523547015,79.85805518730493,479135000
2024-03-04,85.08575439453125,87.5393930852347,83.57045019844777,83.98071640863849,615616000
2024-03-05,85.81549835205078,85.94827183043155,83.27290109267872,85.12269695886387,520639000
2024-03-06,88.54678344726562,89.56901674063066,86.87966990374186,87.86996078675678,582520000
2024-03-07,92.5089111328125,92.60674140930558,89.44720809741612,90.00224735235656,608119000
2024-03-08,87.37678527832031,97.23173191783087,86.35654773150235,94.97363874493585,1142269000
2024-03-11,85.62582397460938,88.64359662209651,84.02060015441661,86.27969121669621,678364000
2024-03-12,91.75422668457031,91.80114256968415,86.0011815049168,87.8969031445505,668075000
2024-03-13,90.7309799194336,91.34591302025892,88.2822148639796,90.89769122292586,635713000
2024-03-14,87.79207611083984,90.48941185201531,86.45039611721776,89.42225831640668,602318000
2024-03-15,87.68525695800781,89.39130424407391,86.10799224334774,86.77982614282709,642086000
2024-03-18,88.30219268798828,92.24536587684682,86.9345566695886,90.23185202169164,668976000
2024-03-19,89.24356842041016,90.38758481674583,84.86314816147532,86.55022352343148,672171000
2024-03-20,90.21589660644531,90.25383297742074,88.07060663291891,89.64188526910227,479063000
2024-03-21,91.27703094482422,92.4879403765992,90.24881163098036,92.14054202127372,480372000
2024-03-22,94.12610626220703,94.61425987373234,90.67707334814835,90.983542177901,586719000
2024-03-25,94.83787536621094,96.59882785449742,93.34845614456138,93.77871131394467,552136000
2024-03-26,92.40109252929688,96.20850660908965,92.34219634403308,95.68540977780971,513648000
2024-03-27,90.0940933227539,93.0789259717654,88.96904130951937,92.95114873658731,586067000
2024-03-28,90.19991302490234,91.1422825108375,89.03892009399118,89.8445252112995,435212000
2024-04-01,90.20690155029297,92.06568455405531,89.0499070749777,90.14301673764523,452441000
2024-04-02,89.2974624633789,89.93835161134503,87.46862677190417,88.29519159294945,433064000
2024-04-03,88.81031799316406,90.21788597554938,88.24729689318218,88.33115142365672,370067000
2024-04-04,85.756591796875,90.47742601324012,85.73163346290652,90.24981545155312,434965000
2024-04-05,87.85596466064453,88.32814710111496,85.77756069682601,86.71593161708087,399678000
2024-04-08,86.98247528076172,88.67654220104028,86.58216705957724,88.54676191015398,283220000
2024-04-09,85.20653533935547,87.48360044285332,82.87857107978263,87.29093308519522,501700000
2024-04-10,86.88864135742188,87.24901778988773,83.56439211342133,83.78102010903869,431929000
2024-04-11,90.45945739746094,90.58224601063488,86.77583708331596,87.2689793680449,431637000
2024-04-12,88.03365325927734,90.01922323878227,87.37878828439109,89.54403999734934,426805000
2024-04-15,85.85243225097656,90.45646450816476,85.78055803275619,88.94408228829708,443077000
2024-04-16,87.26399230957031,87.965773191981,85.91532822119116,86.28368645109244,370453000
2024-04-17,83.88983154296875,88.62164096734257,83.80497167986917,88.18738725935935,495400000
2024-04-18,84.52471923828125,86.0410998135889,82.25964198597137,84.82320627802973,447260000
2024-04-19,76.068359375,84.17832549176838,75.47539137545536,83.00635763015296,875198000
2024-04-22,79.38062286376953,79.93466435331439,76.26801328194024,77.9690642204774,596341000
2024-04-23,82.28060913085938,82.62601207910251,80.12534225900131,80.62946711947102,438559000
2024-04-24,79.53937530517578,83.93676529898433,79.04622530465774,83.80498952587293,512208000
2024-04-25,82.4892578125,83.1790583894206,78.08787011237102,78.73175253009703,424641000
2024-04-26,87.58344268798828,88.17841379736606,83.24295407183207,83.67320929669376,551011000
2024-04-29,87.60540008544922,87.83998710672722,85.11869845127212,87.44367738781547,388971000
2024-04-30,86.25273895263672,88.66556334587189,86.15091777999787,87.08928872900789,363709000
2024-05-01,82.89753723144531,85.85142484392729,81.11461964994571,84.93002290842145,559863000
2024-05-02,85.66875457763672,86.08802721004574,83.05627099401435,84.30311392551386,377898000
2024-05-03,88.6356201171875,89.12676696706856,86.88964093377092,87.63734759857738,398341000
2024-05-06,91.98082733154297,92.06069095925291,88.90115758999175,89.23557796278553,376203000
2024-05-07,90.39756774902344,91.62244547206083,88.85723403089521,90.94062670307744,437342000
2024-05-08,90.25581359863281,91.03646035901207,89.26552291616532,89.32841761603471,325721000
2024-05-09,88.59368133544922,90.91466159296331,88.07857394048413,90.37260041699219,378013000
2024-05-10,89.72272491455078,91.24309639621146,89.07284860877868,90.14898917811553,335325000
2024-05-13,90.24283599853516,90.84080023922876,88.37606371894472,90.32169428450598,289680000
2024-05-14,91.19819641113281,91.49268500657907,88.78037543030777,89.44422763754103,296507000
2024-05-15,94.4665298461914,94.69813133508781,91.44076747625896,92.31226052004403,417735000
2024-05-16,94.19600677490234,95.65348387790415,93.94044465961885,94.74605748352667,323952000
2024-05-17,92.31922912597656,94.57632459586712,91.64739527694968,94.20597095996422,359691000
2024-05-20,94.61627197265625,95.03554461976276,93.27859039868353,93.58805245494568,318764000
2024-05-21,95.22122192382812,95.23519767784772,93.01903151729087,93.43730641374981,328946000
2024-05-22,94.78596496582031,95.85411617010452,93.0879071432018,95.29408831779949,548648000
2024-05-23,103.61968994140625,106.13633099300849,101.34461998726044,101.85174564222405,835065000
2024-05-24,106.28507232666016,106.29105867121642,102.82206339543845,104.2685576920773,429494000
2024-05-28,113.70423889160156,114.74044777454472,109.69318217417998,110.0535586136133,652728000
2024-05-29,114.62664794921875,115.29249558889101,110.70943029840856,112.85472018181774,557442000
2024-05-30,110.3091049194336,115.61891628592592,109.47355289556607,114.45193707992216,484553000
2024-05-31,109.44361114501953,112.52228313915187,106.75526253688238,112.32561724375552,613263000
2024-06-03,114.80134582519531,114.80134582519531,111.80952128063097,113.42473014133537,438392000
2024-06-04,116.23584747314453,116.39856789561996,113.84798144289938,115.51609997186799,403324000
2024-06-05,122.22847747802734,122.23745699449587,117.26506688652523,118.16650675945408,528402000
2024-06-06,120.78897857666016,125.3700480295792,118.11560338652608,123.83370517037008,664696000
2024-06-07,120.67916870117188,121.48178065904402,117.81812234412239,119.56309618694148,412386000
2024-06-10,121.57960510253906,122.88733960177423,116.80786391189227,120.16206002224595,313434100
2024-06-11,120.71105194091797,122.66782593913159,118.54461678500223,121.56962984389475,222551200
2024-06-12,124.99398803710938,126.67122400488891,122.36831828276222,122.85750988511934,299595000
2024-06-13,129.396728515625,129.5864183097163,126.9507630154097,129.1770893049594,260704500
2024-06-14,131.6630096435547,132.6214215295718,128.10886970168357,129.74617063783822,309320400
2024-06-17,130.7644805908203,133.5099557271365,129.3667902512595,132.77118307637525,288504400
2024-06-18,135.35690307617188,136.10566894087242,130.47495024767164,130.92420671975586,294335100
2024-06-20,130.5648193359375,140.5283944338281,129.30689796657785,139.56998250489207,517768400
2024-06-21,126.36172485351562,130.41504917764772,124.09546355999291,126.91082285827493,649445800
2024-06-24,117.9156494140625,124.25519890170064,117.84576490444155,123.03720520530106,476060900
2024-06-25,125.88252258300781,126.29185160793926,119.12366557563713,121.00056940292565,414192600
2024-06-26,126.19200897216797,127.90917229563556,122.39825886605338,125.92244899462368,362975900
2024-06-27,123.78597259521484,126.2019962793405,122.71773358253314,123.8957921998042,252571700
2024-06-28,123.33672332763672,127.49986001719877,122.54802231076043,124.37501298465715,315516700
2024-07-01,124.0954818725586,124.634586662626,118.63448090183465,123.26684571285593,284885500
2024-07-02,122.4681396484375,123.20692743216773,120.8308389451457,120.93067286767031,218374000
2024-07-03,128.0689239501953,128.0689239501953,121.16031210370706,121.45982152361671,215749000
2024-07-05,125.62294006347656,128.6379747149119,125.47318537524079,127.17038486367325,214176700
2024-07-08,127.98902893066406,130.55480700867955,126.83094180644568,127.28019823232947,237677300
2024-07-09,131.163818359375,133.59980576329167,128.43829962119838,130.1355144487565,285366600
2024-07-10,134.68801879882812,134.87770860466375,132.20211043348235,133.80946190177127,248978600
2024-07-11,127.19037628173828,135.9259713268732,126.84095369862746,135.52663558437,374782700
2024-07-12,129.02735900878906,131.70294212873284,127.01067837288572,128.04896049446677,252680500
2024-07-15,128.22866821289062,131.17381125800816,126.97073927484084,130.34517510581753,208326200
2024-07-16,126.15206909179688,128.82765170945768,124.37499938694933,128.22864817880884,214769500
2024-07-17,117.79583740234375,121.64948612259293,116.52793062400055,121.15030890615485,390086200
2024-07-18,120.89073944091797,122.19858897958201,116.36819489836525,121.64949097287113,320979500
2024-07-19,117.73594665527344,121.39990584738524,117.176870571876,120.15196272062997,217223800
2024-07-22,123.33672332763672,123.86585002604772,119.66277824004172,120.15196984200875,258068900
2024-07-23,122.38826751708984,124.4848179409612,121.89907597271183,122.57795729865761,173911000
2024-07-24,114.06200408935547,119.75262181556741,113.25333936427286,118.9739065074374,327776900
2024-07-25,112.09523010253906,116.43807019163434,106.12507509382444,112.85398157444311,460067000
2024-07-26,112.87395477294922,116.00878722251285,111.3963944118867,115.99880916186419,293399100
2024-07-29,111.40637969970703,116.0886649396649,111.11686358531041,113.50293033164324,248152100
2024-07-30,103.55931091308594,111.80571322284378,102.37126667488353,111.33648541055072,486833300
2024-07-31,116.82742309570312,118.14525053765568,110.69752797453181,112.71420803404115,473174200
2024-08-01,109.03028869628906,119.96227450650746,106.63423649015627,117.3365974252001,523462300
2024-08-02,107.0934829711914,108.54110155423277,101.20319756374683,103.58926418951675,482027500
2024-08-05,100.28470611572266,103.239842127859,90.5407717150732,91.90851250035082,552842400
2024-08-06,104.07846069335938,107.5327664843651,100.38455194570304,103.6691316762756,409012100
2024-08-07,98.74723815917969,108.6209626457341,98.52759897070796,107.6325862976113,411440400
2024-08-08,104.79727172851562,105.3263983879788,97.3595262295921,101.83215768316434,391910000
2024-08-09,104.57763671875,106.42459107060563,103.2598090475883,105.46617163856445,290844200
2024-08-12,108.84061431884766,110.88724428013212,106.08516112777683,106.14505996593543,325559900
2024-08-13,115.94888305664062,116.03873891622582,111.39638928672005,112.25497470709487,312646700
2024-08-14,117.88570404052734,118.40484504167927,113.88230026594151,118.33496052966188,339246400
2024-08-15,122.6578369140625,123.03720888953038,117.27670666159618,118.56458490618095,318086700
2024-08-16,124.375,124.79430704362497,120.98059332504539,121.73934484458584,302589900
2024-08-19,129.7860870361328,129.7860870361328,123.21691249503145,124.0754979878485,318333600
2024-08-20,127.04061889648438,129.66629628755138,125.6828560733908,128.18872055728244,300087400
2024-08-21,128.28854370117188,129.13715105648026,126.45157521398528,127.11048517418402,257883600
2024-08-22,123.53639221191406,130.53485987199215,122.89744589722252,129.80606530219129,376189100
2024-08-23,129.15711975097656,129.38675225949072,125.01395457447234,125.65290085977209,323230300
2024-08-26,126.25190734863281,131.04400430992783,124.16535012958609,129.35679802537265,331964700
2024-08-27,128.08889770507812,128.98741074794592,123.67616460225028,124.84424526829238,303134600
2024-08-28,125.40331268310547,128.118838213882,122.43819852070378,127.90917706049713,448101100
2024-08-29,117.39649200439453,124.22524016378769,116.51794286125214,121.1602924143949,453023300
2024-08-30,119.173583984375,121.54966504357485,117.02712020356385,119.33331674975315,333751600
2024-09-03,107.82228088378906,116.01877002584149,107.11345013644421,115.81910218205195,477155100
2024-09-04,106.03522491455078,113.0836048738263,103.94866777615402,105.2365459269591,372470300
2024-09-05,107.03358459472656,109.46957200218677,104.58761912643209,104.8172363950656,306850700
2024-09-06,102.6607894897461,107.97203483673319,100.78387825686288,107.86221523834789,413638100
2024-09-09,106.2947998046875,106.37466998895037,103.5193756446925,104.7074122640328,273912000
2024-09-10,107.92211151123047,109.21997530676359,104.77729355808466,107.63258781478571,268283700
2024-09-11,116.71762084960938,116.99715887318843,107.24323176128858,109.20999122026392,441422400
2024-09-12,118.95413208007812,120.60155948017247,115.19999582839206,116.6577172050991,366052700
2024-09-13,118.9141845703125,119.77284345041441,117.41652479583126,118.8942191250157,238358300
2024-09-16,116.59780883789062,117.99562620382233,114.1815861384539,116.60779536966285,248772300
2024-09-17,115.40966796875,118.61466685067687,114.65085910577872,117.98564481894722,231925900
2024-09-18,113.19312286376953,117.51636140830334,113.04335537027728,115.70918780797278,310318900
2024-09-19,117.68611145019531,119.47331975028854,117.06707598202318,117.16691844656921,293506400
2024-09-20,115.81903076171875,118.43494609535816,115.2099818009,116.87737463970251,382462400
2024-09-23,116.07862091064453,116.80747774675662,114.68080357526898,116.36816938577523,206228500
2024-09-24,120.68143463134766,121.60998405209612,115.19999404233639,116.33821493002908,354966800
2024-09-25,123.31731414794922,124.74508350925583,121.42027681497308,121.82963321276459,284692900
2024-09-26,123.84648132324219,127.47081527785902,121.6099781665842,126.60217747362803,302582900
2024-09-27,121.21060180664062,123.83649592385486,119.07394109309165,123.77659196922,271009200
2024-09-30,121.25054168701172,121.31044564232414,117.96567356169257,118.12541998168962,226553700
2024-10-01,116.81747436523438,122.2489901408394,115.60936293760753,121.5800295838127,302094500
2024-10-02,118.6645736694336,119.19374556676668,114.9603627706106,116.25833761189251,221845900
2024-10-03,122.65834045410156,124.16598683922703,120.15225416683853,120.73135113827638,277118000
2024-10-04,124.72510528564453,124.84492081095192,121.63992977952229,124.74507834860822,243678100
2024-10-07,127.52073669433594,130.43617917860723,124.75505409102715,124.7949925984476,346250200
2024-10-08,132.6826629638672,133.27173878303944,129.21807567689768,130.0567614433445,285722500
2024-10-09,132.4430389404297,134.31013180466115,131.17503131034326,133.9007678130665,246191600
2024-10-10,134.5996856689453,134.7893916948541,130.79563194093248,131.70421594134592,242311300
2024-10-11,134.5897216796875,135.56818866211125,133.45150063299445,133.80094550922416,170209500
2024-10-14,137.8546142578125,139.38222619629536,136.08737124143596,136.25710420849128,232347700
2024-10-15,131.39471435546875,138.35384259997033,128.53917525345673,137.65492238931424,377831000
2024-10-16,135.5082550048828,136.40684475827754,131.37471471629812,133.7709642153392,264879700
2024-10-17,136.71636962890625,140.6701983777905,136.65646567187503,139.12261346955344,306435900
2024-10-18,137.78469848632812,138.68328825202838,137.06582057977474,138.45365135367973,176090200
2024-10-21,143.4857940673828,143.4857940673828,137.78469595874105,137.91449801128798,264554500
2024-10-22,143.36599731445312,144.19470435057536,141.55882333477078,142.6870654207542,226311600
2024-10-23,139.34228515625,142.20780310560568,137.2455702792771,141.80843319617813,285930000
2024-10-24,140.19094848632812,141.12948441968888,138.2439937495604,140.6003124972593,172354900
2024-10-25,141.31918334960938,143.90515439009727,140.5803475394567,140.71013437273555,205122100
2024-10-28,140.30078125,142.9166889544992,139.83151327072179,142.77690797567064,173586700
2024-10-29,141.02963256835938,142.0380513591214,138.68329276437913,140.0711235834401,157593600
2024-10-30,139.12258911132812,140.1110499342309,136.59653779889123,139.32227401146508,179418100
2024-10-31,132.55288696289062,137.39532698555524,131.9039070664443,137.38534807029694,270039600
2024-11-01,135.1887664794922,137.09579048755296,134.36007470728345,134.4898615442038,207127800
2024-11-04,135.83773803710938,138.7432015157854,135.3584911981984,136.99593186321135,187528200
2024-11-05,139.69171142578125,140.1509851869076,137.11573499930586,137.2355428961246,160537400
2024-11-06,145.38282775878906,146.26145970555473,141.73852838547052,142.73696823952852,242043900
2024-11-07,148.64776611328125,148.69767593000637,145.94198675435769,146.1616447939007,207323300
2024-11-08,147.39967346191406,149.53633403774526,146.03180056765603,148.5378942315628,175665800
2024-11-11,145.0333709716797,148.6177817068004,143.3460203778287,148.44803352101476,182325600
2024-11-12,148.0586395263672,149.41651833977537,145.78219787373922,146.55100082856893,198634700
2024-11-13,146.04180908203125,149.09703275189045,145.6723759576151,148.83744386134128,191903300
2024-11-14,146.531005859375,148.76751628680327,145.32290234595064,147.40963767639698,194463300
2024-11-15,141.75848388671875,145.0134075079149,139.86145428913719,144.6439744081883,250132900
2024-11-18,139.93133544921875,141.32916034590224,136.93601597273187,139.28235565663965,221205300
2024-11-19,146.78062438964844,146.90044752125365,140.77002797265112,141.0995149233474,227834900
2024-11-20,145.6623992919922,147.32979212988033,142.50732548898966,147.18003223590216,309871700
2024-11-21,146.44119262695312,152.65149063112756,140.4805046221909,149.11701974284432,400946600
2024-11-22,141.72853088378906,146.93040910376754,140.87986616890575,145.70231714314025,236406200
2024-11-25,135.8077850341797,141.82837577269152,135.60810012239304,141.76847182265374,344941900
2024-11-26,136.70639038085938,139.08268223719327,135.45834049580736,137.4851722903331,190287700
2024-11-27,135.12884521484375,137.00591700209634,131.59437486042492,134.7993582371888,226370900
2024-11-29,138.03431701660156,139.1326070072914,135.83775227020575,136.56660913585418,141863200
2024-12-02,138.41372680664062,140.23087948399635,137.60499293345052,138.6134117376161,171682800
2024-12-03,140.0411834716797,140.32074544201365,137.73478959893222,138.04430354930304,164414000
2024-12-04,144.91357421875,145.56255409442886,140.07113435104438,141.77847337465352,231224300
2024-12-05,144.8436737060547,146.32146235801875,143.73532840807314,144.89360218968224,172621200
2024-12-06,142.22756958007812,145.48270218050342,141.09924996942553,144.38435184545514,188505600
2024-12-09,138.60296630859375,139.74126542086455,136.9254792951551,138.762731329692,189308600
2024-12-10,134.8685760498047,141.60850970621567,133.5904709096604,138.80268748950093,210020900
2024-12-11,139.10223388671875,139.9609519122756,135.00835767243856,137.15514511831444,184905200
2024-12-12,137.13519287109375,138.2335586289744,135.59749604609573,136.8755860719742,159211400
2024-12-13,134.04978942871094,139.39181692680097,132.34233289302693,138.7327975455873,231514900
2024-12-16,131.80313110351562,134.19954557462145,130.2254857362255,133.9798724705664,237951100
2024-12-17,130.19554138183594,131.39374870651014,126.67080709010266,128.89747709842524,259410300
2024-12-18,128.71774291992188,136.49611794642954,128.08867764771298,133.66035727519176,277444500
2024-12-19,130.48509216308594,133.8301019554315,129.35678784338916,131.56348324328064,209719200
2024-12-20,134.49911499023438,135.07825184796977,128.02878306565836,129.61640819653473,306528600
2024-12-23,139.46168518066406,139.58150132927014,134.9184683016336,136.0767418582626,176053500
2024-12-24,140.01089477539062,141.6883821217358,138.44322876231024,139.79122163679293,105157000
2024-12-26,139.7213134765625,140.63995487774488,137.52459740894255,139.49166074428362,116205600
2024-12-27,136.80567932128906,138.81269167406333,134.50912136885398,138.3433913393573,170582600
2024-12-30,137.2849578857422,140.06081067569033,133.82013169900247,134.628921256616,167734700
2024-12-31,134.08973693847656,137.8641141320975,133.63043143330796,137.82416524884428,155659200
2025-01-02,138.10372924804688,138.6728864930968,134.42922472124587,135.79717669922962,198247200
2025-01-03,144.25454711914062,144.6838985290199,139.52161059265686,139.8011917981673,229322500
2025-01-06,149.2071533203125,151.93309314343088,147.599568879649,148.36840963752263,265377400
2025-01-07,139.93099975585938,152.9016324332477,139.80118875754107,152.80177547515166,351782200
2025-01-08,139.90106201171875,143.73533196712347,137.3548616440079,142.36737985085435,227349900
2025-01-10,135.70733642578125,139.71135128077043,134.01985409411643,137.24503329388114,207602500
2025-01-13,133.0313262939453,133.29094833912805,129.31687225149923,129.7961674567433,204808900
2025-01-14,131.56349182128906,136.1766120600162,129.85605059334506,135.84710238324766,195590500
2025-01-15,136.03683471679688,136.2465130176968,131.09420431967888,133.45068552943664,185217300
2025-01-16,133.3708038330078,138.54307117698642,133.2909213149963,138.4332346192246,209235600
2025-01-17,137.50462341308594,138.29343848833506,135.2579791055137,136.48614039423094,201188800
2025-01-21,140.61997985839844,141.6184885428412,136.88555189361048,138.95247218370304,197749000
2025-01-22,146.85069274902344,147.56960504936464,143.45575377479585,144.4442829463215,237651400
2025-01-23,147.00047302246094,147.01045262591376,143.5056920734559,144.8337106624021,155915500
2025-01-24,142.40728759765625,148.74782312135466,141.66840100577613,148.14871188401736,234657600
2025-01-27,118.24339294433594,128.20850504229963,116.52595684106743,124.6138830305536,818830900
2025-01-28,128.79763793945312,128.8076175411123,116.0766320864675,121.62833781559046,579666400
2025-01-29,123.5155258178711,126.70077107762197,119.8709750783515,126.31135328562937,467120600
2025-01-30,124.464111328125,124.81358785050304,117.92387627755191,122.91641979157204,392925500
2025-01-31,119.89093780517578,127.6593341751579,119.01225290264883,123.59540412169352,388161100
2025-02-03,116.48603057861328,118.39317826666118,112.84147223806173,114.57887527254843,371235700
2025-02-04,118.47305297851562,121.01924546805154,116.52595653802958,116.78557092036435,256550000
2025-02-05,124.64384460449219,124.8135892575584,120.57991444298676,121.57842315704723,262230800
2025-02-06,128.4880828857422,128.57796024161053,125.02326434711814,127.22996749994309,251483600
2025-02-07,129.64634704589844,130.17555536084487,124.81356929927793,129.02727661770408,228186300
2025-02-10,133.3708038330078,134.79866384787866,129.76618710141213,129.89598286165247,216989100
2025-02-11,132.60195922851562,134.27944654160947,130.82461495038982,132.38228609427233,178902400
2025-02-12,130.94442749023438,132.04279313100764,128.88750205027108,129.8261026458349,160278600
2025-02-13,135.08824157714844,136.29644386397356,130.9743904181038,131.36380821970238,197430000
2025-02-14,138.64292907714844,139.04232643389201,135.29791907929888,136.27645326854343,195479600
2025-02-18,139.19210815429688,143.226091877041,137.72429913092634,141.05932980350207,219176600
2025-02-19,139.02236938476562,141.14919790373787,137.01537227663152,139.30195061666387,167536000
2025-02-20,139.90106201171875,140.45024487315197,136.5860056380014,139.8211794831435,143903600
2025-02-21,134.22950744628906,141.2490371129211,133.83011008980694,139.83114145453473,228217600
2025-02-24,130.08572387695312,138.38332947991822,129.88602516626045,136.35635785611953,251381100
2025-02-25,126.44115447998047,130.00583024952502,124.25442559786755,129.78615711570163,271428700
2025-02-26,131.084228515625,133.53057192522448,128.29839578499454,129.79615892181477,322553800
2025-02-27,119.97083282470703,134.80866645811508,119.83104220333566,134.7986868551725,443175800
2025-02-28,124.73370361328125,124.90344826210318,116.2264129341289,117.84399213493025,389091100
2025-03-03,113.88990020751953,123.51552349340123,112.11255593535711,123.32581202011416,411381400
2025-03-04,115.8170166015625,119.13206502689525,109.94578846070081,110.48498404782327,398163300
2025-03-05,117.12506866455078,118.10360288358513,114.33922859376143,117.40464986998916,284337900
2025-03-06,110.40510559082031,115.17797591196373,110.05562907278994,113.3606904001891,321181900
2025-03-07,112.5219497680664,113.31077256873955,107.39959517379882,111.08409477767312,341755500
2025-03-10,106.8204574584961,111.6831896506324,105.30272006245755,109.73610085349598,366487400
2025-03-11,108.59780883789062,112.0726148635708,104.6137536218378,106.83044416478043,354865700
2025-03-12,115.57803344726562,116.59661034457649,112.72203506897391,113.96030532134075,323857500
2025-03-13,115.41825103759766,117.59520049683546,113.63075517539951,116.86621875800482,299033100
2025-03-14,121.49972534179688,121.70943054003341,117.98465480860956,118.44401014075397,277593500
2025-03-17,119.36272430419922,122.71802281178023,117.86482345684047,122.56823120330081,255501500
2025-03-18,115.2684555053711,118.85342762738914,114.37970167383446,117.83485847417,299686900
2025-03-19,117.35552978515625,120.2814296141779,115.51810848491796,117.10587965509883,273426200
2025-03-20,118.3641128540039,120.0317738155389,116.30699831746894,116.38688818380663,248829700
2025-03-21,117.5352783203125,117.82487338576216,115.25847035053427,116.77634740953133,266498500
2025-03-24,121.24009704589844,122.04896105750126,119.17298658297102,119.71223179694545,228452500
2025-03-25,120.52111053466797,121.12026937928964,118.75358318150825,120.38130705821351,167447200
2025-03-26,113.60079956054688,118.6736845133834,112.55226594608844,118.5638454632065,293463300
2025-03-27,111.27406311035156,114.28983351449122,110.50514401476981,111.19417323533278,236902100
2025-03-28,109.51652526855469,112.71205173921601,108.91736643615505,111.33397804410711,229872500
2025-03-31,108.22832489013672,110.80471613819729,103.50494855407659,104.98287310192077,299212700
2025-04-01,109.995849609375,110.04577506451116,106.32099936404416,108.36812587384452,222614000
2025-04-02,110.26547241210938,111.82329447216486,106.64055510872038,107.1398553905561,220601200
2025-04-03,101.65753936767578,105.48217369637304,101.45781468579652,103.36514539947606,338769400
2025-04-04,94.17801666259766,99.98987163475934,91.98109847139008,98.7715853475697,532273800
2025-04-07,97.50334167480469,101.6075898958186,86.49876870613649,87.33758937851368,611041300
2025-04-08,96.16523742675781,105.70186824827938,94.3278084260022,103.66472218207363,476243400
2025-04-09,114.16999816894531,114.93891720962625,97.39350654873371,98.75160385221358,612918300
2025-04-10,107.4194564819336,110.70485307181585,99.01124202201945,109.21694044618194,437812400
2025-04-11,110.7747573852539,111.39389245819964,107.32958859529616,108.34815778630501,313417300
2025-04-14,110.55506134033203,114.1300529879136,108.91735711650354,113.9503045917023,264705000
2025-04-15,112.04297637939453,113.46099492172469,110.3453585264742,110.81470199440513,228966900
2025-04-16,104.3437728881836,106.64055727885454,100.30942561460589,104.40369410395131,397016900
2025-04-17,101.34796142578125,104.3237942331935,99.90998190333623,104.30381795694564,292517500
2025-04-21,96.77438354492188,99.3008417327631,94.90699776234818,98.63177356997639,288501100
2025-04-22,98.75160217285156,99.67031279819463,97.14385476914264,98.6417555090913,241004800
2025-04-23,102.5662612915039,104.6533403969428,101.87722447592722,104.37372584399631,247526000
2025-04-24,106.28104400634766,106.39089066307956,102.96569088547095,103.33517578708889,220815000
2025-04-25,110.85466003417969,111.76338266185121,105.58204983332996,106.70047768277183,251064700
2025-04-28,108.57783508300781,110.21553928394424,105.87162103934429,109.53649064316203,207708500
2025-04-29,108.867431640625,110.04578062718967,107.2896485179105,107.51932238432487,170444300
2025-04-30,108.76756286621094,108.76756286621094,103.93434018163836,104.32379376082015,235044600
2025-05-01,111.45380401611328,114.7791455573913,111.14424029465428,112.92174799120272,236121500
2025-05-02,114.33976745605469,115.23850951002053,113.21135153306962,114.02021557227994,190194800
2025-05-05,113.66072082519531,114.50952981770942,112.50234808238875,112.75199823422925,133163200
2025-05-06,113.38111877441406,114.57943650755207,110.6649237860017,111.32400387233044,158525600
2025-05-07,116.89618682861328,117.5153219594032,112.12287705585727,112.8918038042742,206758800
2025-05-08,117.20574951171875,118.51391379663416,115.68787240644632,118.08451525459601,198428100
2025-05-09,116.48675537109375,118.06454606438504,115.04876814493281,117.18577270674557,132972200
2025-05-12,122.82787322998047,122.82787322998047,120.11167839159091,121.79931583574867,225023300
2025-05-13,129.74818420410156,131.03638766555366,124.2958328071916,124.80512130750913,330430100
2025-05-14,135.15060424804688,135.2504704050171,131.4957223220182,133.01359953083553,281180800
2025-05-15,134.6413116455078,136.1092556474961,132.47435031815246,134.10205882491402,226632600
2025-05-16,135.21051025390625,136.15919297953724,133.27323795943153,136.02937003025397,226542500
2025-05-19,135.38027954101562,135.67984750647184,132.20472197026768,132.20472197026768,193154600
2025-05-20,134.19192504882812,134.3916420789913,132.43437861355363,134.10203943343691,161514200
2025-05-21,131.6155548095703,137.2077087161811,130.40724144628157,132.87378601013486,270608700
2025-05-22,132.64410400390625,134.0621148614722,131.3658966044825,132.0449376190489,187344000
2025-05-23,131.1062774658203,132.49433181097822,128.97926836438842,129.81808928431755,198821300
2025-05-27,135.31036376953125,135.47014350181522,133.1234263008756,133.96224703921547,192953600
2025-05-28,134.621337890625,137.05792567392893,134.60136161311598,135.83963178227697,304021100
2025-05-29,138.99522399902344,143.28920975153582,137.71701641280157,142.05093948600498,369241900
2025-05-30,134.94090270996094,139.42460961066672,132.73398869983464,138.5258751739265,333170900
2025-06-02,137.18772888183594,137.92668343155546,135.21048910369538,135.30037472083487,197663100
2025-06-03,141.02235412597656,141.80126124338923,137.7569264491721,138.58576663563605,225578800
2025-06-04,141.7213897705078,142.19073325311263,139.34471555965237,141.99101618842522,167120800
2025-06-05,139.79409790039062,143.79848066110154,138.63571759363617,141.97103980754113,231397900
2025-06-06,141.52166748046875,143.0695013401578,141.31195466595716,142.31055518995854,153986200
2025-06-09,142.43040466308594,144.7970831461155,141.74136782943543,142.98961854621228,185114500
2025-06-10,143.75852966308594,144.08805440763362,141.33192260937975,142.4903028059026,155881900
2025-06-11,142.64002990722656,144.79716064315863,141.6813000562032,144.4176611881815,167694000
2025-06-12,144.80712890625,144.80712890625,141.6613249598906,141.78116046611606,162365000
2025-06-13,141.78115844726562,143.38901749969733,140.6626531024409,142.2904745799642,180820600
2025-06-16,144.49754333496094,145.98555166191812,143.00951976951112,143.159329390418,183133700
2025-06-17,143.92828369140625,145.0268265438421,143.58873962374116,144.2978018718573,139108000
2025-06-18,145.2864990234375,145.45627108510786,142.9296373487004,143.81845298832403,161494100
2025-06-20,143.65866088867188,146.00552584195606,142.46024490398213,145.2565234707711,242956200
2025-06-23,143.9782257080078,144.58741490600102,141.84107290887454,142.31044894200824,154308900
2025-06-24,147.70326232910156,147.76319531946535,145.3064608232896,145.36637857516104,187566100
2025-06-25,154.10475158691406,154.24456476496755,149.06146548674553,149.0714619384952,269146500
2025-06-26,154.81381225585938,156.51154803915952,153.79516469048193,155.77252682686714,198145700
2025-06-27,157.5401611328125,158.49889084686143,155.05346784206984,155.83242906789442,263234500
2025-06-30,157.77984619140625,158.4489531245615,155.7525477292889,158.18928922556665,194580300
2025-07-01,153.09609985351562,156.9909063970138,151.2885097592641,156.08211312403307,213143600
2025-07-02,157.0408477783203,157.3903883520798,152.76654166200262,152.77652287552658,171224100
2025-07-03,159.1280517578125,160.76586971787668,157.56014800239086,158.15934077500395,143716100
2025-07-07,158.02951049804688,159.09807923203843,157.13069855849747,157.98955517353815,140139000
2025-07-08,159.7871856689453,160.0068942683196,158.1793265036118,159.11807865757584,138133000
2025-07-09,162.66334533691406,164.2012901564699,160.9456320255445,161.0055497766517,183656400
2025-07-10,163.88174438476562,164.28120626813552,161.39505073108006,164.10145299216728,167704100
2025-07-11,164.7006378173828,167.66668863474402,163.25256951238498,163.50223698698784,193633300
2025-07-14,163.85177612304688,165.2698855378492,161.80449980139463,165.15003478890583,136975800
2025-07-15,170.4729461669922,172.17068192225182,168.97494134085255,170.96229989605533,230627400
2025-07-16,171.14205932617188,171.52155877211666,168.67534340451815,170.83247408910898,158831500
2025-07-17,172.7698974609375,173.92835823409905,170.60278554683865,171.79120519874627,160841100
2025-07-18,172.18067932128906,174.01822826089457,171.03219980516573,173.40903901870553,146456400
2025-07-21,171.15206909179688,173.14940908730952,170.7725696163311,172.5202421124047,123126100
2025-07-22,166.80783081054688,171.1620321483939,164.3610926233022,171.1120956061046,193114300
2025-07-23,170.55284118652344,171.03219846298632,167.74658125695927,169.30450383433347,154082200
2025-07-24,173.50892639160156,173.5988030318276,171.07216922217725,172.21065238052367,128984600
2025-07-25,173.26922607421875,174.4876045602178,172.72995103806022,173.37908037175941,122316800
2025-07-28,176.51490783691406,176.7645753161742,173.73860668662087,173.78854323017163,140023500
2025-07-29,175.2765350341797,179.14139760883538,174.7871965738649,177.72328828972238,154077500
2025-07-30,179.0315704345703,179.65074094188589,175.80585544811692,176.27523155478985,174312200
2025-07-31,177.6334228515625,183.0562087176856,175.69600066981488,182.6567315862202,221685400
2025-08-01,173.4889373779297,176.3051785902702,170.66269971388826,173.85844036702034,204529000
2025-08-04,179.7605743408203,179.96030526461158,174.28786778877773,174.9270158880054,148174600
2025-08-05,178.02288818359375,180.0202279532499,175.6660266458598,179.38107983649965,156407600
2025-08-06,179.18133544921875,179.66069269115442,176.01555398070957,176.09544939411415,137192300
2025-08-07,180.52955627441406,183.63542017290519,178.56217541570945,181.32849521637667,151878400
2025-08-08,182.4569854736328,183.05619350177665,180.16004168373897,181.30852119793246,123396700
2025-08-11,181.81784057617188,183.59547178906817,180.01025048518693,181.80785936297346,138323200
2025-08-12,182.9163818359375,184.234618174838,179.22130626788388,182.7166509044063,145485700
2025-08-13,181.3484649658203,183.72530422356274,179.11145412417423,182.37709375214726,179871700
2025-08-14,181.77789306640625,182.7765629312542,179.22130065055427,179.51090820642335,129554000
2025-08-15,180.20997619628906,181.658044469753,177.8031781362909,181.6380820439347,156602200
2025-08-18,181.7678985595703,182.69666946783065,180.3497891649352,180.359785616326,132008000
2025-08-19,175.40638732910156,182.25726371442747,175.25659293377495,182.1873495042791,185229200
2025-08-20,175.1667022705078,175.76591033294957,168.57548977611862,174.93701244991922,215142700
2025-08-21,174.7472381591797,176.66468235557974,173.57879631630271,174.61742144674352,140040900
2025-08-22,177.75323486328125,178.35242757212464,170.97225870529388,172.3803867145862,172789400
2025-08-25,179.5708465576172,181.6680596097534,176.3351655770002,178.11279692125126,163012800
2025-08-26,181.52822875976562,182.14739921043056,178.57215920342722,179.82049655621498,168688200
2025-08-27,181.35845947265625,182.24727507184866,178.86178472902657,181.7379436715125,235518900
2025-08-28,179.9303436279297,184.22462699678687,176.17535050737845,180.5794881684096,281787800
2025-08-29,173.94830322265625,177.91302365652732,172.91967451951007,177.87308356836775,243257900
2025-09-02,170.55284118652344,172.15071909272382,166.99757884564528,169.77387989783634,231164900
2025-09-03,170.39306640625,172.18069419661035,168.65539040087648,170.83248363379096,164424900
2025-09-04,171.4316864013672,171.6314173426514,169.18467902530818,170.34313981864827,141670100
2025-09-05,166.79783630371094,168.8051571404154,163.85176340536125,167.80648732819571,224441400
2025-09-08,168.0861358642578,170.73262035939155,167.12742125141602,167.32715219255022,163769100
2025-09-09,170.53286743164062,170.75257602974241,166.51822538667548,168.86509051949957,157548400
2025-09-10,177.09414672851562,179.05153132643002,175.23661998400823,176.40506201448144,226852000
2025-09-11,176.94430541992188,180.05034427267074,176.2551819566126,179.45110250300584,151159300
2025-09-12,177.593505859375,178.37251110105626,176.22524055900428,177.5435664999128,124911000
2025-09-15,177.52357482910156,178.62217970015598,174.28769658655634,175.44622258887705,147061600
2025-09-16,174.65724182128906,177.27389957504343,174.15787872389456,176.77453647764895,140737800
2025-09-17,170.0730743408203,172.97937117956877,168.1954794867923,172.42008695754546,211843800
2025-09-18,176.01551818847656,176.87442336525442,172.73969733735942,173.7583871307785,191763300
2025-09-19,176.4449462890625,177.8531538116004,174.95683884616588,175.54609885389235,237182100
2025-09-22,183.37612915039062,184.31493427279133,174.48747153493287,175.07671637070237,269637000
2025-09-23,178.2027130126953,182.18763613663097,175.9855548133895,181.73821238324945,192559600
2025-09-24,176.74456787109375,179.5509859124944,175.17656050171237,179.54100413716742,143564100
2025-09-25,177.46365356445312,180.0303718676576,172.90946471941734,174.25773588995062,191586700
2025-09-26,177.96302795410156,179.54101721374016,174.70717071687335,177.94304916264082,148573700
2025-09-29,181.6183624267578,183.76561762390497,180.09031258631592,180.2001578366391,193063500
2025-09-30,186.3423309326172,187.11135435179565,181.2488213615314,181.848063160254,236981000
2025-10-01,187.0015106201172,187.9003581593927,183.665753326035,185.00405809785752,173844900
2025-10-02,188.64939880371094,190.80665113886596,187.82045419605362,189.35850113919957,136805800
2025-10-03,187.38099670410156,190.11751186051177,185.1438598655547,188.94900408551683,137596900
2025-10-06,185.3036651611328,186.99151499327596,183.09648864167906,185.26372281570642,157678100
2025-10-07,184.80429077148438,188.8191743935438,183.76562222076905,185.99277739696944,140088000
2025-10-08,188.86911010742188,189.35849142592937,186.30237648821537,186.33235229407293,130168900
2025-10-09,192.32470703125,195.05122522476873,190.816620752273,191.9851285494953,182997200
2025-10-10,182.92669677734375,195.37081685366852,181.81811007166195,193.26350393527704,268774400
2025-10-13,188.08013916015625,189.86785248459339,185.72314454487463,187.73057886865314,153482800
2025-10-14,179.80067443847656,184.56460262310264,179.47109296765566,184.5346420566055,205641400
2025-10-15,179.60093688964844,184.63451030281777,177.06416377208902,184.56460739230218,214450500
2025-10-16,181.57839965820312,183.04652832403656,179.5410050089342,181.99786281424815,179723300
2025-10-17,182.9866180419922,183.86550198639478,179.52103686227596,179.9504818191574,173135200
2025-10-20,182.4073486328125,184.96408521149223,181.4985041529273,182.89672994644732,128544700
2025-10-21,180.9292449951172,182.55715836486127,179.5709767314294,182.55715836486127,124240200
2025-10-22,180.05035400390625,183.20633238125785,176.53483359319367,180.9092591258601,162249600
2025-10-23,181.92796325683594,182.7968501503985,179.5609718650331,180.19017423035882,111363700
2025-10-24,186.02273559570312,187.23120099697576,183.26625678365264,183.6058200325102,131296700
2025-10-27,191.24609375,191.75543864774096,188.18997864549505,189.74800438556454,153452700
2025-10-28,200.77392578125,202.8912204382634,191.66554775855593,192.8040950113927,297986200
2025-10-29,206.77627563476562,211.9197249544373,204.51915980095313,207.715080745974,308829600
2025-10-30,202.63156127929688,205.89740027142088,201.1534507471854,204.88867704045037,178864400
2025-10-31,202.23207092285156,207.70508615602077,201.81260775338424,206.18701808603035,179802200
2025-11-03,206.61648559570312,211.07079600988305,205.2981596683369,207.8149540137207,180267300
2025-11-04,198.43690490722656,203.71017785907821,197.67786326579136,202.7414122562426,188919300
2025-11-05,194.9613494873047,202.66152000582164,194.40205001057666,198.51681234435117,171350300
2025-11-06,187.84043884277344,197.3682807609907,186.14260723026618,196.16981228388872,223029800
2025-11-07,187.91030883789062,188.08010568481336,178.682089465448,184.66444902638756,264942300
2025-11-10,198.7964630126953,199.68532876518447,193.5431531870904,194.8614791513322,198897100
2025-11-11,192.91395568847656,195.17107140540628,191.05632435423007,194.91140808059743,176483300
2025-11-12,193.55313110351562,195.64046510157328,190.8865341091802,195.47068348463264,154935300
2025-11-13,186.62197875976562,191.1961465947379,183.61581837719615,190.8066439854392,207423100
2025-11-14,189.92774963378906,190.76667594021126,180.34996953708986,182.62706393415107,186591900
2025-11-17,186.36231994628906,188.75925679396335,184.08522536919267,185.73311754704963,173628900
2025-11-18,181.1289825439453,184.5646030780414,179.42115405263684,183.14641371605563,213598900
2025-11-19,186.28240966796875,187.62069907956393,182.5971076589588,184.5546024199349,247246400
2025-11-20,180.40989685058594,195.7503316108911,179.62090987236718,195.70039225393623,343504800
2025-11-21,178.6521453857422,184.32490281868388,172.70971237567008,181.00913979899244,346926200
2025-11-24,182.31747436523438,183.26626122561635,176.25519889972114,179.2613745727385,256618300
2025-11-25,177.593505859375,177.9330691207534,169.3340356551,174.68720886729724,320600300
2025-11-26,180.03036499023438,182.67699835309762,178.01294919921247,181.39863013804072,183852000
2025-11-28,176.7745361328125,179.0616124091028,176.27517303639212,178.7819702942556,121332800
2025-12-01,179.69081115722656,180.07033197943204,173.45875435362808,174.5373804488289,188131000
2025-12-02,181.22886657714844,185.4235136530611,179.7707195907086,181.52847225165078,182632200
2025-12-03,179.3612518310547,182.21760964702736,178.88186747602086,180.84935949817796,165138000
2025-12-04,183.15660095214844,184.29521152983364,179.7407692190929,181.39873533031871,167364900
2025-12-05,182.1877899169922,184.43504894381925,180.6896172324408,183.66598269849337,143971100
2025-12-08,185.323974609375,187.7709870845105,182.17780264974235,182.41751577930148,204378100
2025-12-09,184.7446746826172,185.4937610485011,183.09669077375298,185.33395229946427,144719700
2025-12-10,183.55612182617188,185.2540478736652,181.8182359713298,184.74467463147755,162785400
2025-12-11,180.70957946777344,181.09911899111663,176.40483245042134,180.060377409269,182136600
2025-12-12,174.80679321289062,182.59729422559735,174.40727135263347,180.88937065842447,204274900
2025-12-15,176.07522583007812,178.20263580820242,174.81676632707214,177.72322484137152,164775600
2025-12-16,177.5034942626953,178.27256047932946,174.686922405521,176.04526619844617,148588100
2025-12-17,170.73175048828125,175.91543007880585,170.10251312474713,175.88546784627562,222775500
2025-12-18,173.9278564453125,175.93540231223645,171.6106906687844,174.3173807251694,176096000
2025-12-19,180.76953125,181.22896236326454,176.12518653595592,176.4547863729682,324925900
2025-12-22,183.4662322998047,183.935660967629,182.1278683380167,183.6959478478248,129064400
2025-12-23,188.97952270507812,189.09937165158402,182.67719635774475,182.74711840334103,174873600
2025-12-24,188.38023376464844,188.67987134928,186.36269028434322,187.71105179508496,65528500
2025-12-26,190.2978973388672,192.45526970950266,187.7709805748158,189.68863982420257,139740300
2025-12-29,187.99070739746094,188.53004285167208,185.68352392965699,187.4813341773615,120006100
2025-12-30,187.31153869628906,188.75978454971104,186.70228116711607,188.01069817319677,97687300
2025-12-31,186.27279663085938,190.32784810299728,186.26281429981768,189.33906392286715,120100500
2026-01-02,188.6199493408203,192.69496568024334,188.03065649528438,189.60873357074172,148240500
2026-01-05,187.89083862304688,193.39413642527967,185.9232371396652,191.52640398377517,183529700
2026-01-06,187.0119171142578,191.935904267691,186.5924305704924,190.2879203285983,176862600
2026-01-07,188.87962341308594,191.13686475404677,186.3327268208183,188.34028795646717,153543200
2026-01-08,184.8145751953125,189.31909080925226,183.4862088297309,188.87962438445808,172457000
2026-01-09,184.63479614257812,186.1129888751533,183.44624341374129,184.8545293482555,131327500
2026-01-12,184.71470642089844,186.89204340473577,182.79704721562317,182.99680052530172,137968500
2026-01-13,185.58364868164062,187.88084992986475,183.17658082293008,184.7746378408776,160128900
2026-01-14,182.91690063476562,184.2352999433054,180.57975484984624,184.0954710990846,159586100
2026-01-15,186.82212829589844,189.46889382188115,186.10300422087673,186.2727952885624,206188600
2026-01-16,186.0031280517578,190.20800608356458,185.85331687968656,188.84966224271636,187967200
2026-01-20,177.85308837890625,182.15783564218773,177.39364202987932,181.67840938923754,223345300
2026-01-21,183.09669494628906,185.15418310637224,178.18267486272933,178.8318922054109,200381000
2026-01-22,184.6148223876953,185.94320399708803,183.70592730123704,184.52493568425237,139636600
2026-01-23,187.44137573242188,189.3690325020707,186.59242035942677,187.27158465782284,142748100
2026-01-26,186.2428436279297,188.88960930416175,185.76343263076708,186.93200550896393,124799600
2026-01-27,188.29034423828125,189.76853699604698,185.47377232125424,187.01190478720812,143711600
2026-01-28,191.28668212890625,192.1156727976695,189.60872088942648,191.0369866951896,148552700
2026-01-29,192.27548217773438,193.244301759811,185.83334250366076,191.10690928022157,171764400
2026-01-30,190.8971710205078,194.25307849059112,189.23918956869622,190.97707539362895,179489500
2026-02-02,185.38388061523438,190.06816944570554,184.65477420739685,186.97193993484487,165794100
2026-02-03,180.12030029296875,186.04308409913696,176.01530661894333,186.01312186532803,204019600
2026-02-04,173.97781372070312,179.36124730830178,171.70059231104517,179.241398362594,207014100
2026-02-05,171.67062377929688,176.60460839935587,170.8216531377948,174.7168961324724,206312900
2026-02-06,185.18414306640625,186.77220252110314,174.38731390455436,176.4747642750831,231346200
2026-02-09,189.80848693847656,193.42408742490235,183.7259094221984,184.03552934237337,196387400
2026-02-10,188.31031799316406,192.24552080983682,187.89083145679504,191.1468699498802,136764800
2026-02-11,189.81849670410156,193.02457795983298,188.54005713468442,192.21556708670826,144192700
2026-02-12,186.7122802734375,193.3741533411549,186.28279615580217,192.79485804306626,189932500
2026-02-13,182.58729553222656,187.27158453858374,181.36878053627944,187.25160463564347,161888000
2026-02-17,184.7446746826172,186.92201173748992,178.9617194034806,181.5285959992061,162276900
2026-02-18,187.75099182128906,190.13807962880853,186.53247684939709,188.52005804720127,164749100
2026-02-19,187.6710968017578,188.20044994409497,185.43383529156333,186.8321237354349,126554500
2026-02-20,189.58877563476562,190.09814888521723,185.71349722992974,186.342734664171,178422300
2026-02-23,191.316650390625,193.71372053376285,189.34904909171755,191.1668239815537,171584800
2026-02-24,192.61508178710938,193.53395924081437,187.171708627792,191.2567378902843,175123600
2026-02-25,195.32176208496094,197.38924768090467,193.5539140704845,194.2131137016724,250637100
2026-02-26,184.66476440429688,194.0533071271398,184.09546670933034,194.03334246429932,360807900
2026-02-27,176.97415161132812,182.36756729714082,176.1651407824763,181.0292033274304,311636500
2026-03-02,182.25770568847656,183.2365228635074,174.42725972943845,174.79680413295333,209095300
2026-03-03,179.83065795898438,180.67961330625172,176.70446619030554,178.27256086028186,178099400
2026-03-04,182.8170166015625,184.47499807110998,179.84065106191534,180.22019302825058,177731200
2026-03-05,183.11663818359375,183.83576224630102,177.6632984882966,180.94928366467312,198779700
2026-03-06,177.6033935546875,182.53736302725528,176.6046117177772,179.62092189230134,189021900
2026-03-09,182.427490234375,182.68718325690133,175.34613090826778,176.61458806542097,177213600
2026-03-10,184.54490661621094,186.21287029543888,181.78825925636124,182.17778352587916,179118500
2026-03-11,185.8134307861328,187.40157611978597,184.23526832414757,185.6935753620157,145280400
2026-03-12,182.9268035888672,184.72471123223085,181.53842231669145,183.83574790315467,155762700
2026-03-13,180.0401611328125,185.87335881208497,179.73052445930352,184.70472270189353,160988400
2026-03-16,183.0067138671875,188.66012868968363,181.19882333613754,182.7570048934839,217307400
2026-03-17,181.71820068359375,185.1841623368753,181.4684917186082,184.8445618023411,182497800
2026-03-18,180.1899871826172,183.16652908726184,180.12007659614625,182.26756764801692,156683100
2026-03-19,178.3521270751953,179.77047215436778,175.5853475010711,177.80276430906588,170968500
2026-03-20,172.4989471435547,178.05247199547227,171.52009228430225,177.79278016290237,241323500
2026-03-23,175.43553161621094,178.16234927411983,174.55655117338722,177.0536408486584,182836300
2026-03-24,174.99603271484375,176.01484951930743,173.777451794472,174.6264683383626,147667800
2026-03-25,178.47198486328125,181.00903649280792,176.64412864426953,176.89383761026875,162602100
2026-03-26,171.04066467285156,176.30451888215924,170.9407749866337,175.86504388946904,186152200
2026-03-27,167.32498168945312,170.77096223786808,166.81556566439232,169.80209026823204,196212700
2026-03-30,164.97772216796875,169.25273855906806,164.07877596313077,168.58352034150624,185627000
2026-03-31,174.1969757080078,174.41672082635512,166.7656493784466,166.77563225072552,226181300
2026-04-01,175.54541015625,177.16351944386196,174.54657425208924,175.79511913229018,168132000
2026-04-02,177.18348693847656,177.28337661769746,171.170490985778,171.97954556798163,143143200
2026-04-06,177.43319702148438,177.58301630024127,175.55538077559635,176.953760088437,107564300
2026-04-07,177.89266967773438,178.0225079733855,173.4578360976707,175.52541836668527,132534900
2026-04-08,181.8680419921875,185.0443328296099,180.09011531444295,184.28522303450282,147732700
2026-04-09,183.69590759277344,183.86570786090292,180.40972906189933,181.6283100364998,116428500
2026-04-10,188.41041564941406,189.77881591864653,184.08545448929232,184.09543736125556,160459500
2026-04-13,189.08961486816406,189.43921351677633,185.52377876103736,185.81343445538195,133648200
2026-04-14,196.28123474121094,196.28123474121094,190.54792650193752,190.61783708872017,161307000
2026-04-15,198.63848876953125,200.166706463506,195.5121427945441,196.31119931453722,185338400
2026-04-16,198.1190948486328,199.6173486077875,195.58204328148997,197.20015246424893,134012900
2026-04-17,201.44520568847656,201.46518667284232,199.03802288778024,199.66727910555997,160324400
2026-04-20,201.82476806640625,201.9346406188145,197.6096795882359,199.7471876833392,119381400
2026-04-21,199.64732360839844,202.51397775047528,198.76834314349978,201.89470437258373,107945300
2026-04-22,202.26426696777344,202.26426696777344,198.76834136586132,200.75603026628932,107501000
2026-04-23,199.4075927734375,203.59271751351986,196.99041179336916,202.22431724671497,113561800
2026-04-24,208.0275421142578,210.70441481695215,199.57738430538978,199.72721882416832,214134400
2026-04-27,216.3578338623047,216.5775789683675,207.13858324348888,209.4059296471886,187172400
2026-04-28,212.92184448242188,214.4800260296235,207.95762889823203,209.24613572912838,180275400
2026-04-29,209.00640869140625,212.47237042757808,207.33835459433345,212.4523894424142,123711800
2026-04-30,199.33767700195312,210.05518135667162,198.46867945247158,209.68560172993963,225239200
2026-05-01,198.21897888183594,202.76368521944246,196.89052532216473,201.0456862731779,128647000
2026-05-04,198.24893188476562,201.49514834231712,194.51329562325486,199.26774870200734,125368100
2026-05-05,196.271240234375,200.00689171848026,195.80178617585554,199.06798360144137,113406600
2026-05-06,207.5880584716797,208.0275486883452,198.37879062945476,199.65729931010404,188362800
2026-05-07,211.2537841796875,213.95063795079753,206.25960488465944,208.0974592073836,168307900
2026-05-08,214.94947814941406,217.5464575316693,212.642169707093,212.7820061205359,136421400
2026-05-11,219.18453979492188,222.04121091513153,213.64099781886503,213.79081709888328,160685800
2026-05-12,220.52297973632812,223.48952345691538,214.6698009927987,218.29558003818886,159176600
2026-05-13,225.56710815429688,227.57476278227756,221.3120728008497,224.6681467194947,150405400
2026-05-14,235.465576171875,236.26463268418732,229.03307065698914,229.58243343997336,180782900
2026-05-15,225.05770874023438,231.23050718880455,223.97896415639156,229.49252726355346,180977600
2026-05-18,222.0612030029297,229.7322553439391,218.1157890335498,229.60240180074675,146280900
2026-05-19,220.35317993164062,224.21866983705235,217.6563261548179,219.36432694236115,140948200
2026-05-20,223.20985412597656,225.8667612103758,220.2433103590018,222.9201831873553,184201600
2026-05-21,219.25445556640625,227.13526994336974,217.6762930684293,222.03121805596584,203381800
2026-05-22,215.07933044433594,220.75271088945502,214.54994865072538,220.64283833374193,169275700
2026-05-26,214.60987854003906,217.92600574795006,211.75320730356688,216.28791550863897,187202600
2026-05-27,212.35250854492188,213.90069192498567,208.53694826896,213.87072806866348,167601200
2026-05-28,214.00057983398438,215.2691056248748,210.97410844231206,211.03403615445995,143996000
2026-05-29,210.8942108154297,217.6063892667686,210.88422794322287,214.33020874183248,289410600
2026-06-01,224.09881591796875,224.60821672379726,215.44889364463796,215.47885750139108,212850700
2026-06-02,222.56060791015625,232.00958636747916,221.09231801448135,226.91551751623658,193362900
2026-06-03,214.5,222.56061267075634,214.2602739078757,221.46188713313538,160907000
2026-06-04,218.66000366210938,221.60000610351562,210.97000122070312,213.91000366210938,169022200
2026-06-05,205.10000610351562,214.8699951171875,204.3300018310547,214.52999877929688,219655500
2026-06-08,208.63999938964844,210.47000122070312,206.0,210.17999267578125,138372800
2026-06-09,208.19000244140625,211.39999389648438,199.33999633789062,210.6199951171875,180962500
2026-06-10,200.4199981689453,207.22000122070312,199.9199981689453,204.42999267578125,161746600
2026-06-11,204.8699951171875,205.66000366210938,199.5399932861328,201.49000549316406,158643200
2026-06-12,205.19000244140625,207.07000732421875,203.44000244140625,204.86000061035156,112001800
2026-06-15,212.4499969482422,212.7100067138672,208.33999633789062,208.9199981689453,149936700
2026-06-16,207.41000366210938,211.49000549316406,207.2899932861328,211.17999267578125,125694100
2026-06-17,204.64999389648438,209.2100067138672,203.0800018310547,208.52999877929688,128363500
2026-06-18,210.69000244140625,211.38999938964844,206.5,207.3300018310547,241272000
2026-06-22,208.64999389648438,213.99000549316406,207.72000122070312,211.44000244140625,122041400
2026-06-23,200.0399932861328,203.77000427246094,200.0,202.1699981689453,153496200
2026-06-24,199.0,201.6699981689453,196.5800018310547,200.1199951171875,151810700
2026-06-25,195.74000549316406,200.8000030517578,192.1300048828125,200.0800018310547,149550000
2026-06-26,192.52999877929688,195.5500030517578,191.22000122070312,193.1199951171875,179304100
2026-06-29,194.97000122070312,196.17999267578125,189.8000030517578,193.85000610351562,148835700
2026-06-30,200.08999633789062,200.6300048828125,195.11000061035156,197.24000549316406,166476700
2026-07-01,197.5800018310547,199.85000610351562,193.4499969482422,196.1999969482422,146147600
2026-07-02,194.8300018310547,200.05999755859375,192.35000610351562,197.13999938964844,142068700
2026-07-06,195.5500030517578,197.5500030517578,193.99000549316406,194.4199981689453,108999000
2026-07-07,196.92999267578125,198.41000366210938,191.13999938964844,192.3699951171875,124154600
2026-07-08,204.1199951171875,205.16000366210938,195.05999755859375,195.17999267578125,147419100
2026-07-09,202.77999877929688,204.58999633789062,198.9600067138672,204.4600067138672,132037400
2026-07-10,210.9600067138672,211.0,201.9199981689453,202.0,148421000
2026-07-13,203.52999877929688,210.57000732421875,203.0,208.5399932861328,121411000
2026-07-14,211.8000030517578,212.5500030517578,203.8000030517578,208.1999969482422,124379600
2026-07-15,212.5,213.80999755859375,206.0399932861328,211.9600067138672,124797200
2026-07-16,207.39999389648438,211.0800018310547,205.85000610351562,210.1699981689453,122986100
2026-07-17,202.80999755859375,206.64999389648438,197.97000122070312,202.63999938964844,144281900
2026-07-20,203.27999877929688,207.74000549316406,202.27999877929688,205.8699951171875,88701500
2026-07-21,207.2899932861328,208.64999389648438,204.00999450683594,207.5399932861328,108685600
2026-07-22,212.05999755859375,214.38999938964844,204.9499969482422,205.80999755859375,137645600
2026-07-23,208.75999450683594,210.8699951171875,205.9600067138672,209.4600067138672,110505300
2026-07-24,206.83999633789062,211.91000366210938,204.80999755859375,207.4499969482422,114836800
2026-07-27,196.50999450683594,208.75,195.44000244140625,208.1999969482422,154353700
2026-07-28,197.00999450683594,198.6999969482422,192.74000549316406,195.0,134111500
2026-07-29,190.00999450683594,197.07000732421875,190.00999450683594,195.85000610351562,147680800
2026-07-30,195.0399932861328,197.25,191.52000427246094,193.4499969482422,123110210
